-55.6193,-48.6602
-32.1083,-49.1148
-30.2535,-15.6058
-19.7220,-24.0250
-17.6666,-26.6360
20.3541,20.7473
28.3444,9.6600
38.4593,41.3241
-50.3342,-24.8325
-23.0526,-28.2608
-4.9691,-5.4647
5.5912,19.4595
26.8925,35.8351
35.4127,54.1582
-25.7961,-34.0128
29.4509,36.4898
32.3997,11.7079
-49.4042,-30.3038
-3.8588,12.6456
-49.9923,-58.4425
-45.4602,-45.9868
-42.4111,-34.4851
9.5208,-3.5079
28.1315,29.7393
-34.9417,-19.8467
-31.5326,-38.2442
-38.4580,-66.4350
-30.2928,-32.7153
-42.0945,-37.9723
-65.4810,-54.3365
-72.7659,-58.0342
-49.2468,-34.5273
-60.6702,-32.0249
-50.2049,-47.0564
-53.5585,-47.9186
-32.5993,-43.9081
-72.2415,-53.2668
-8.0022,-15.8544
-28.0749,-39.0302
22.6546,26.0581
41.6669,35.2093
27.2387,23.1773
18.1112,19.9121
21.4316,6.2052
59.1553,42.2853
43.8814,46.4588
-1.1144,-3.5541
13.8921,18.1323
-37.5684,-6.8828
-59.9871,-60.1471
-2.1329,4.8762
-16.9841,-32.6841
-33.9129,-38.7104
-43.7961,-20.2025
-55.8503,-57.9232
-50.3464,-43.0414
-40.5951,-48.1810
-55.4028,-59.1764
-61.9750,-56.8572
-34.6381,-14.2577
-34.1428,-9.7724
-12.5543,-13.5786
-36.7936,-26.9746
28.5390,35.1522
-20.1436,-38.4559
-37.1791,-15.6274
-46.6451,-20.2789
34.8086,26.7663
-16.9274,-7.7663
2.6443,8.6427
27.8145,26.4984
-64.5185,-49.3753
-62.7695,-50.2262
-57.1137,-55.7151
-52.1112,-53.7807
-53.3194,-52.6649
-59.5123,-57.7290
-62.8056,-47.1373
-26.9487,-48.2584
-58.8215,-40.3187
-1.5343,-0.5844
60.8974,50.5720
25.8292,34.1787
-8.3211,-10.3981
-14.0351,-33.3471
26.8841,29.1737
11.5992,25.8507
34.0481,33.0094
22.1552,44.4371
10.2021,46.6369
31.9351,31.3094
-46.0727,-28.3168
43.3511,50.5960
50.3246,58.6146
52.3811,55.6270
57.6662,55.1915
26.6311,44.9205
0.6346,-7.0772
50.2014,64.6225
48.0434,42.7623
60.7765,59.1619
58.0516,49.3807
46.2299,33.5433
39.5435,65.2971
26.9696,7.1244
-25.8845,-6.7068
-28.2549,-6.7677
17.3131,19.6482
15.1890,31.9561
-22.8981,-17.4468
21.8080,29.2272
39.9098,46.4936
26.7054,37.6220
-24.7456,-1.0158
-25.2810,-29.7482
-7.9277,-3.5294
-43.0221,-24.2940
-40.1460,-37.8255
34.6580,9.3227
-39.9421,-27.7438
38.6521,48.3536
24.4564,14.3846
29.6991,33.7096
27.7037,19.4114
16.9040,5.5241
-34.9161,-20.1750
32.4947,25.3931
13.8400,18.4550
-44.7859,-21.8595
-38.9603,-23.5226
0.0285,-4.0602
-18.8750,-23.2847
-5.3505,4.1815
-28.3911,-20.5940
-21.9637,-20.7766
12.7280,17.2762
-8.3784,-16.4007
-15.4510,-11.5637
-6.3737,18.6447
17.9081,6.3615
3.9964,7.3633
-1.3493,-0.6735
-53.3323,-61.8579
-63.2142,-52.6847
-6.3400,8.1775
32.9789,16.7784
24.4000,39.2791
18.8519,16.2763
27.2131,32.4506
-27.4343,-34.8826
-47.6632,-35.1175
-49.4280,-57.6482
-24.5929,-22.2657
-53.4524,-52.6857
-53.5473,-49.2099
-55.5539,-46.8916
-22.0955,-20.6451
-33.8597,-30.8580
24.4576,24.7800
-5.0131,1.7117
-34.5737,-29.3099
-13.2371,-20.1268
0.4561,25.3250
-27.8959,-41.5927
35.8587,23.2425
8.6176,8.8615
14.1983,-5.4956
-27.0447,-29.5783
6.6665,25.8086
12.2851,26.1051
54.8678,56.7887
-23.3117,-31.0035
-36.5869,-21.2583
-16.8026,-36.7356
-10.7416,-26.6059
20.9761,16.9516
-10.5234,-7.5972
-45.1928,-44.7342
-17.7326,-18.8576
-39.0593,-47.9673
-43.6015,-40.6301
-26.3253,-13.8740
-19.4691,-25.0926
-36.0032,-33.3517
-37.5572,-43.7183
-53.1014,-58.4132
-63.7367,-50.4436
-7.1506,-13.9737
6.5050,19.5657
50.3516,55.5287
29.9882,28.4903
64.5268,63.3335
22.0019,29.2936
19.0678,36.0894
24.0182,37.6998
21.2994,0.2502
-12.6519,-6.5845
-14.8857,8.7375
-15.8452,-4.4790
16.4876,31.1244
-23.5227,-28.3902
-13.1929,2.8122
2.8810,-11.0553
12.3214,30.3844
-43.6842,-36.7286
-14.8996,5.5743
26.9991,24.0516
-37.8504,-35.1602
-15.0799,-2.7268
11.8118,21.9056
-45.7683,-18.2030
-6.1627,7.1129
56.9916,59.9088
25.8193,19.1446
35.6783,38.6953
36.0023,36.2592
-38.8452,-34.5710
-28.8302,-28.2470
-29.1021,-11.8914
-16.9060,5.0141
57.2511,67.2238
31.8253,44.8123
-5.3135,6.3740
2.8257,20.3985
-36.4722,-25.8227
-38.7715,-51.7119
-64.7876,-45.7336
-50.8720,-34.6469
-31.8022,-13.5827
22.0667,5.5538
7.2046,-3.8801
29.2672,50.4133
1.8222,3.0657
33.4686,30.2802
-20.4545,-18.5919
41.4749,37.0493
50.2827,53.9161
50.9624,51.8157
55.6475,46.4130
-5.7449,3.3134
15.9225,21.8600
-15.4368,-14.8956
35.5541,17.5277
-9.0204,-18.8143
-46.3723,-27.8062
-12.0766,-11.5482
38.7481,34.1394
-19.7665,-8.5676
-27.7537,-45.5405
-25.8170,-1.3766
-40.4756,-20.1278
29.3474,43.7551
33.8838,43.1872
34.9280,27.5965
28.3259,13.3465
56.5421,68.7367
16.2374,13.9355
36.6775,39.4840
39.3691,18.7168
42.4971,34.2604
37.9660,54.8553
32.2762,28.2569
-7.0166,-35.8998
-17.4618,-21.5506
41.3146,30.0418
19.0637,37.1188
-35.0631,-26.4346
-3.8381,-5.7732
-35.5591,-20.6700
23.0755,14.2020
29.2100,26.7125
23.0700,20.1251
21.0294,26.1038
6.4029,19.3223
34.9420,32.4393
38.3467,38.8552
-33.5403,-21.0627
41.0086,42.5495
36.1331,37.7786
49.4230,46.8863
1.7937,-11.2834
-45.5988,-30.2322
-31.5317,-14.4455
36.5338,40.6802
14.1643,23.8117
36.4426,21.7019
-9.6132,-10.8194
-32.1226,-26.4125
-30.4203,-16.0125
40.4077,26.5951
38.7464,51.8868
25.9558,9.3205
32.0070,28.1162
-10.4194,-7.8206
26.0128,32.3675
-9.6543,-10.7568
-8.4135,-4.6500
38.9929,43.0833
26.5971,25.3199
-28.2187,-24.1297
-20.4795,-28.9121
-24.6979,-41.3534
-26.3534,-18.8141
12.2380,18.8299
-45.9642,-49.3451
26.8867,26.5000
15.2019,14.9453
-47.0922,-41.4156
-20.8798,-15.3308
54.0655,53.2147
24.0748,25.1012
30.1862,44.7664
33.2274,30.1188
20.0821,41.8595
25.0428,18.0307
-29.3856,-32.1965
-36.8642,-36.1732
-65.2484,-54.6313
-42.9805,-23.0289
-32.4847,-3.9750
15.3474,12.6903
-68.2926,-38.4478
-35.0819,-53.3258
-1.7677,7.6400
29.5299,42.5291
35.8224,38.5479
-30.9517,-21.8081
-57.5584,-45.7694
-16.1257,9.6403
-39.1448,-17.1837
33.9619,17.9842
24.4758,35.6967
-27.5104,-24.6931
22.2287,30.5086
16.7931,19.8645
32.0912,39.9088
18.0475,1.2060
44.7410,65.7322
53.9682,60.6982
19.8115,-1.6470
26.5857,39.8594
30.7868,29.8292
-26.5717,-11.7538
-30.4464,-27.5432
-38.7929,-35.6207
-7.7069,22.9836
20.8421,13.6058
8.0379,4.5661
-40.4519,-39.1069
22.4422,25.5198
-4.1362,-1.6657
43.0039,31.3855
20.5157,14.4891
-18.1360,-16.0725
14.9161,23.8508
-1.5978,-12.4005
-20.2026,-23.1337
-15.0590,-7.2722
31.8382,24.3996
-43.5813,-42.6853
-31.0572,-28.8599
-41.7336,-55.4519
-51.0302,-46.0150
-25.5841,-26.9695
35.5063,37.8720
-22.1426,-22.3332
-39.8193,-34.9593
13.6516,39.1411
28.2390,51.2579
14.7430,38.7126
30.6417,65.2667
61.6986,59.7818
30.7419,29.0680
22.3986,33.1298
-3.6465,0.4919
-18.7500,-13.5897
-32.7499,-27.9966
-25.1091,-6.0165
-24.5180,-19.2940
17.9222,14.7062
6.3507,20.3628
19.5422,25.1879
-13.6434,-12.4576
-58.9388,-53.9359
-26.5105,-28.3002
-30.3400,-13.3811
-19.7967,-33.9814
-37.3048,-28.6517
-52.1618,-40.6273
-32.6435,-15.8813
27.6342,42.0196
27.3848,7.6307
37.1499,52.1836
4.6560,-0.1890
-21.9004,-32.1170
6.4882,3.5368
-37.1728,-11.7575
-2.5268,3.7834
34.5382,23.6412
31.8839,24.4238
40.3841,41.3536
6.1942,3.6706
-26.6421,-1.7397
-11.1703,-19.2076
-16.3696,-33.2249
-30.8767,-30.1951
37.3790,43.7672
40.1446,44.2980
12.2649,21.0903
11.3947,24.8834
25.5581,34.8211
5.1367,10.8823
10.5798,20.7985
32.2951,28.1002
15.5598,23.1038
-28.4175,-22.7500
-35.0359,-35.5272
-28.5939,-31.0874
-28.8106,-24.6629
-40.2430,-64.5591
-26.7443,-17.0836
-31.3819,-39.3591
-28.8935,-31.4323
-55.1555,-31.4317
-60.1756,-55.3598
-38.7403,-29.7419
-39.8809,-68.6621
-66.3128,-57.1534
-44.9526,-42.7571
-47.0536,-35.7461
-38.1103,-29.1686
0.1413,-23.0672
13.0847,13.3304
-41.3973,-45.3593
-35.5136,-43.8675
-42.7291,-43.7561
-53.9426,-44.0222
-39.7242,-29.1717
-32.7426,-36.5874
-50.5626,-46.2982
-28.4743,-6.5607
-20.4187,-27.2258
-13.6172,-32.7231
-56.2351,51.4918
-48.3866,58.9864
-56.7179,56.2924
-52.5093,44.9234
-51.3097,42.4153
-52.2734,52.5822
-45.9533,51.2552
-52.1301,55.9691
-56.9772,61.5010
-48.3336,52.1419
-64.8746,51.9517
-54.3633,45.0237
-59.4215,53.7450
-43.0551,47.9945
-61.1044,39.4104
-48.8594,65.4071
-46.3385,63.9791
-41.3764,60.2303
-52.8857,62.4292
-53.7675,61.0964
-62.8523,47.7632
-55.4584,52.4496
-55.2634,50.1313
-36.3067,68.4421
-52.1178,59.8617
-51.9957,67.2633
-44.1396,44.6514
-44.5533,58.6145
-61.5819,49.6271
-59.5004,43.4363
-54.2421,53.4505
-52.4822,46.7893
-51.1773,52.7615
-51.1288,57.1698
-41.6690,63.0243
-60.1748,55.2880
-58.1261,46.3930
-59.1135,42.6963
-48.3623,51.1114
-44.4706,52.1224
-56.7433,51.0140
-45.1622,55.9191
-54.5942,59.1412
-53.5773,56.5001
-36.3191,55.7369
-48.8416,53.2771
-51.4145,36.0732
-56.8143,52.3132
-49.8574,54.0930
-50.5123,50.9239
-63.9877,55.8904
-55.8248,49.0492
-62.4324,42.7287
-48.2832,49.7602
-57.8538,59.8564
-56.6798,50.0245
-52.7800,57.1617
-42.6674,59.2335
-47.4260,65.2097
-60.6182,54.3680
-57.1390,41.9126
-51.2185,40.7771
-55.2531,52.7826
-41.0792,63.2997
-51.9579,52.3496
-42.8049,63.4990
-42.8170,43.1457
-42.4016,58.5590
-63.1496,48.3785
-54.6073,52.6585
-54.8540,49.4488
-57.9678,47.3866
-58.0514,52.0604
-59.8783,45.5601
-46.9965,51.5420
-56.0411,53.6112
-52.4357,52.3772
-43.1744,60.7504
-56.2967,48.6707
-54.7906,61.0516
-58.8736,50.7206
-43.6360,58.6517
-44.9202,67.4108
-52.7076,45.5256
-52.8909,41.4314
-55.6883,48.3048
-44.6387,45.5371
-47.5525,54.0060
-55.2843,48.2828
-46.7356,57.1988
-58.2062,52.4741
-54.9641,46.4526
-68.2597,41.1453
-56.9583,42.2796
-50.5221,46.1240
-57.4010,59.8022
-52.9533,54.1236
-44.3720,57.7841
-52.8627,62.2923
-61.5816,45.4864
-62.3812,49.0463
-54.6426,50.2657
-54.5190,48.8130
-39.8902,63.9364
-60.2220,51.8157
-52.3081,63.8701
-50.0427,46.6471
-50.9038,62.5559
-62.7760,56.0463
-62.1333,48.1389
-60.8647,56.4942
-55.2837,45.6409
-57.5649,57.9064
-47.8369,52.0092
-46.8580,56.2727
-58.6556,62.1958
-56.1474,49.6482
-49.5260,61.0070
-52.7176,41.8177
-52.0568,60.1440
-50.6809,53.6702
-57.3518,56.0346
-58.9686,48.2420
-53.3350,53.7746
-53.1499,54.1607
-48.1379,46.9045
-49.2621,51.1156
-51.9161,54.2373
-51.9136,68.5053
-44.8508,55.3431
-53.1603,63.1551
-58.6927,50.8228
-58.5958,57.3310
-47.4061,62.8373
-51.7243,53.9038
-60.1275,47.8256
-53.1043,60.9881
-47.2391,61.5353
-58.9171,52.6099
-61.5345,53.0907
-51.4909,51.7227
-44.8728,54.7867
-54.4715,51.0713
-36.7504,64.3710
-55.2705,55.1800
-51.7936,63.3458
-49.4144,45.7125
-45.4729,62.3527
-59.0286,53.0716
-59.0084,48.5186
-52.2239,59.3809
-47.0949,53.2652
-54.8234,49.8803
-53.3130,48.1756
-48.1881,55.4582
-58.5695,58.8875
-59.0017,43.6479
-54.0485,46.5760
-53.9463,50.3073
-47.6268,58.7666
-57.2924,52.0753
-47.6199,57.3909
-54.9065,53.6328
-51.1911,54.9360
-51.0775,55.0430
-55.2100,48.7370
-49.2662,39.1212
-55.6939,54.3206
-49.5950,60.4687
-48.5897,50.2908
-60.9237,54.5323
-54.9002,49.1825
-59.8023,50.5072
-47.0894,63.1309
-58.8283,52.5852
-49.9322,66.6527
-52.3219,61.1193
-43.0232,64.9352
-49.8671,60.5476
-60.5417,47.4584
-55.4047,56.1522
-58.4133,54.9504
-55.6162,53.6520
-46.1933,65.1419
-54.5252,54.3101
-52.3732,61.9474
-35.7064,51.6472
-52.0490,56.7078
-60.1281,56.1096
-57.5651,53.2389
-61.7262,56.1327
-61.2206,42.0067
-56.7491,56.0432
-55.4655,43.5556
-49.3418,55.1750
-62.3440,42.6259
-52.5220,45.0095
-49.7015,45.2246
-50.8473,53.3506
-42.4385,53.7625
-54.6894,52.3405
-54.8799,53.8263
-55.0319,55.5464
-55.7416,55.5380
-52.5730,55.6058
-54.0197,50.6781
-44.5898,55.9594
-50.4876,52.9688
-67.7327,46.5860
-46.9330,58.7485
-55.7019,57.4307
-62.3334,46.8419
-55.7921,55.3272
-54.5562,52.0485
-54.9343,60.2309
-45.6785,54.1533
-47.9380,60.7541
-45.7438,62.6110
-55.4511,55.9934
-51.3124,57.4963
-55.9203,50.1618
-47.5659,51.7446
-53.9591,48.5163
-44.7166,57.0246
-54.0269,46.7006
-53.2517,60.3903
-55.7352,43.7691
-38.3471,63.5976
-59.6251,55.8315
-59.3475,48.5914
-43.9487,58.0671
-57.6547,55.6207
-53.2751,53.6770
-58.0740,52.5221
-59.2638,45.4890
-51.5401,57.4524
-54.5758,50.0699
-52.7639,51.4183
-51.4962,43.2252
-43.7000,72.8664
-55.9521,52.4340
-48.7442,57.7181
-51.4440,52.9892
-58.8713,53.1879
-57.3392,50.4256
-60.4785,46.0436
-43.7090,39.5662
-44.2236,62.3383
-40.1872,53.7967
-51.5320,50.9313
-58.7356,58.2282
-60.4697,44.8507
-63.4518,47.7989
-54.8618,53.7040
-57.9949,49.7366
-49.4476,54.9021
-48.4039,63.9221
-44.2606,62.4608
-45.2808,62.4007
-56.9227,53.9311
-58.8449,50.9726
-44.0085,57.2204
-57.0519,54.0178
-44.0571,63.9522
-59.6409,52.6229
-45.5770,59.5526
-47.3042,45.5361
-40.6009,58.1623
-58.6574,55.0215
-56.0968,55.5488
-57.5725,55.3163
-55.8530,45.6810
-54.6865,59.4350
-53.7993,44.0500
-39.1886,62.2920
-59.1134,54.1422
-57.9736,47.6624
-49.0396,47.4683
-52.8264,51.2230
-53.0327,59.7590
-49.7950,47.8667
-52.5044,48.1798
-59.3812,49.5618
-55.0499,51.3519
-63.6110,44.6789
-54.3280,50.2323
-52.4222,40.9886
-54.8162,52.7738
-57.9473,50.4141
-51.8943,55.7680
-60.5210,56.4627
-44.8779,60.7212
-57.0692,50.6136
-50.8294,49.0953
-59.7240,47.2859
-51.8604,52.5214
-51.8617,55.2518
-46.3145,57.4561
-56.0880,58.7694
-58.7141,49.8005
-58.1818,48.3329
-53.3407,43.4855
-47.3981,57.7321
-54.1652,54.0293
-50.4089,53.8310
-44.6967,63.1390
-55.0400,57.6321
-49.1482,46.2067
-40.8144,53.1850
-42.4062,55.6142
-49.9750,47.5256
-63.2912,52.9742
-59.2429,51.8152
-57.3862,47.4983
-66.0102,59.8270
-55.5891,53.5209
-55.4660,51.2364
-57.1708,59.3978
-51.4261,52.8096
-45.9096,47.2424
-54.5223,50.0445
-53.4537,49.3361
-52.0780,50.9427
-55.8421,55.6358
-48.3801,41.5205
-55.5569,52.9612
-54.1413,50.3513
-55.8896,53.4429
-50.0159,51.3602
-61.6726,55.0548
-61.6878,50.3038
-53.5520,58.7557
-45.2232,56.8927
-62.3266,50.5838
-61.8874,49.9882
-50.9399,55.4143
-53.6010,51.7121
-57.3549,33.1126
-52.8022,56.1298
-54.1256,47.1228
-51.5245,60.8533
-60.4706,47.9520
-46.6231,47.8492
-56.7640,49.6701
-52.0798,54.7970
-55.2776,47.8402
-60.1586,60.9239
-54.7444,39.8227
-43.9814,51.6369
-50.9005,51.8702
-42.0677,55.6339
-61.7045,46.7197
-69.2847,48.1918
-50.0435,61.5214
-53.0559,55.7269
-51.2431,57.4553
-55.9398,53.8130
-60.1400,60.9317
-60.2267,39.7782
-52.4835,50.4351
-58.7190,54.9120
-45.5796,58.7902
-57.4794,53.6348
-55.0609,48.9451
-46.1768,46.8202
-57.5619,54.2593
-55.3335,47.8742
-47.2200,54.3135
-49.5642,61.5657
-62.5291,50.6660
-62.8512,53.7268
-50.7764,61.2321
-57.5881,47.0517
-58.3616,54.6757
-53.3391,59.6373
-51.5101,59.4709
-57.4459,44.1166
-56.8749,41.6337
-51.4887,57.9558
-56.3953,57.4682
-58.3984,48.2986
-68.2409,42.4787
-56.4387,49.4214
-49.9993,45.2250
-55.3906,56.4308
-55.7680,49.4992
-55.6406,60.8951
-53.8260,48.5898
-42.6857,53.4592
-53.4717,60.5328
-43.2940,49.0188
-56.9927,61.7474
-63.9223,48.8904
-55.1125,51.8611
-61.4548,49.6105
-51.0302,59.3236
-50.4178,50.7443
-53.2892,53.1856
-59.5465,51.9814
-43.5650,53.5967
-57.4299,51.7325
-57.4168,49.4095
-50.1752,52.0980
-55.7881,57.8981
-52.2085,37.9068
-55.4362,50.8120
-52.8069,48.7374
-51.5009,50.7714
-51.9543,51.2869
-53.5821,51.1821
-67.2265,51.6631
-43.7543,53.5779
-57.8358,48.2385
-67.3379,48.7266
-46.3035,49.0873
-56.4591,52.4613
-56.2534,44.1807
-55.2299,26.8507
-54.6047,53.9797
-55.0142,53.1369
-43.6910,56.0036
-64.7523,53.8288
-53.5159,53.3373
-54.3299,42.3812
-42.3642,52.6506
-56.1442,50.8049
-52.4357,67.0593
-56.9912,41.3840
-49.3293,37.2024
-46.9524,60.9967
-56.1961,49.7576
-62.7116,51.8190
-66.2129,48.1323
-52.8006,54.6898
-61.0575,53.0768
-55.4964,47.8282
-57.7599,53.4703
-59.3174,48.9601
-58.9180,46.4593
-46.5344,53.0729
-61.4827,52.0511
-44.4007,51.1984
-52.8265,55.0843
-53.7905,47.8234
-48.1312,31.1685
-56.2226,45.6415
-48.0114,48.8834
-56.3541,53.8168
-63.7015,56.0317
-59.4547,53.7571
-63.0062,51.2601
-54.5755,62.3306
-60.2722,51.2786
-60.9281,46.8224
-54.0376,56.8044
-48.9530,61.0123
-58.1393,42.1944
-62.7781,40.2374
-53.3990,58.7445
-52.9081,50.3004
-48.6699,55.4308
-64.4768,48.2174
-50.3345,53.4113
-61.1354,46.3962
-53.6382,51.1772
-46.1676,49.4581
-62.6702,54.0123
-52.0114,49.0643
-49.5635,53.4934
-52.5902,55.5462
-50.6511,50.6698
-51.5651,57.6444
-57.1448,52.6883
-56.2696,60.6838
-56.2790,57.7329
-55.5044,58.2513
-58.4138,50.1520
-59.1805,46.8142
-60.7415,50.5010
-49.3485,53.6857
-45.9698,52.5166
-43.6439,56.0299
-42.1158,59.1384
-44.9951,54.8954
-50.9402,38.0804
-65.3171,46.0146
-50.0271,48.2370
-60.3355,42.3036
-43.5412,52.8040
-53.3780,47.2603
-64.1440,47.2939
-55.4718,58.8392
-51.5632,55.2227
-58.9977,51.2894
-62.4086,44.1073
-55.3368,50.0074
-61.3641,43.3793
-54.7358,35.5556
-53.8140,53.8329
-59.8714,51.9784
-56.8051,53.2353
-54.6751,50.7137
-51.4915,54.1294
-61.5683,48.3103
-50.7130,52.1240
-46.7388,50.5191
-53.8775,64.5478
-48.3401,38.3895
-49.3188,44.4958
-51.2609,57.4505
-53.7288,47.7702
-57.0149,48.7103
-65.5628,56.1658
-51.6422,57.4709
-62.2010,48.1951
-60.8249,49.0626
-57.3413,49.7934
-47.5268,53.2794
-50.4513,52.7679
-45.7845,51.3750
-55.6484,47.5830
-54.6864,44.9059
-52.6341,52.5877
-51.1491,52.2363
-59.7000,46.9376
-51.0102,58.5569
-50.3495,54.2278
-48.7854,49.8302
-59.3273,49.5458
-63.8987,51.5603
-63.6279,41.0050
-48.2244,61.5952
-58.1408,50.2443
-55.5204,52.1801
-61.3012,45.1701
-53.9471,58.1460
-58.6580,42.0998
-58.1202,47.2729
-49.9100,63.0857
-60.1395,56.0712
-56.8828,47.0642
-50.2186,33.5519
-53.1575,52.3145
-57.8143,46.1465
-62.8448,37.3688
-49.5083,49.2241
-57.3528,43.7519
-56.4867,53.0963
-58.7162,55.3863
-60.0061,55.2881
-46.6868,53.3725
-42.1742,58.7681
-52.4762,49.9800
-56.3953,60.5246
-47.2936,58.4837
-52.9590,59.4138
-58.2565,48.5665
-63.9473,51.3203
-54.5645,50.1431
-55.4609,55.2488
-55.8186,55.6358
-39.7995,60.0453
-57.5272,54.4817
-37.9444,54.8360
-42.0774,50.2411
-47.4668,57.8547
-59.3830,43.9207
-47.1486,63.5783
-52.7038,45.0853
-52.7973,52.8553
-64.6356,48.1571
-54.4957,57.0543
-52.0162,53.6161
-49.1183,48.0699
-35.2456,57.8441
-54.5781,52.5919
-59.1481,46.5656
-50.3562,53.4276
-48.8570,62.7558
-54.7993,60.3258
-51.1510,40.1419
-50.9521,48.4538
-51.3523,53.5682
-51.4099,47.5099
-57.0200,40.2381
-50.5229,41.4274
-60.4826,46.3571
-46.7481,56.4491
-58.2407,57.8976
-62.3267,52.6217
-41.6942,64.7645
-40.4499,57.1409
-51.5516,48.1206
-52.1359,67.4926
-50.7200,60.9974
-54.2696,63.3764
-59.5231,46.8399
-62.5047,49.9735
-58.8603,44.2230
-56.7617,61.2865
-51.5601,53.3486
-39.6533,55.9255
-46.3363,60.1391
-40.4083,57.6921
-42.8908,43.5344
-57.0467,54.0135
-55.1227,39.1654
-47.7791,40.5672
-54.3921,54.7400
-50.8902,47.4703
-58.9476,55.2976
-56.1333,54.4011
-59.1639,46.9710
-53.1772,47.7004
-47.6833,57.5833
-59.6245,52.7822
-53.8190,51.4637
-44.2685,58.5296
-51.4867,62.7700
-66.8342,44.7021
-52.7829,43.8391
-48.1966,53.2789
-51.6913,51.8466
-47.7456,52.1809
-56.8616,51.5140
-45.3672,56.1951
-42.6130,41.5874
-37.7142,60.7767
-59.0323,52.0095
-52.8442,50.8177
-49.7476,54.3071
-59.0955,46.2519
-51.1932,50.4224
-48.7122,50.3812
-41.2619,61.0371
-59.6008,58.3369
-54.4062,52.2994
-61.2945,50.1028
-53.9559,48.4908
-55.9559,48.3289
-61.3159,57.1853
-37.7666,59.0018
-44.2903,64.0262
-49.2183,50.8258
-52.3906,39.8530
-45.6476,51.0689
-59.0519,26.2496
-49.8622,49.8661
-53.3196,59.6841
-52.6062,50.1638
-61.1414,54.2593
-53.9820,49.5974
-61.2023,46.9760
-63.8667,44.4164
-55.7056,43.0053
-51.8318,58.4533
-57.3949,44.4709
-53.9702,46.0400
-51.1399,62.6115
-63.0456,53.8790
-62.5290,36.0077
-53.0210,47.4712
-53.5362,50.2856
-53.8281,46.7320
-50.5074,48.6477
-49.1406,52.7591
-56.6193,42.0213
-47.7981,59.4892
-60.1554,53.9268
-61.1546,54.4173
-48.8759,52.5975
-46.4627,56.8096
-49.0589,52.6666
-54.9171,63.7078
-33.0359,61.8020
-55.7489,63.8256
-57.0265,46.4980
-57.7244,55.3687
-54.3632,43.9464
-62.1210,57.2461
-56.5640,46.8903
-49.5561,56.0319
-60.9202,55.1942
-42.1761,58.5241
-56.2657,51.9380
-55.8215,46.0154
-46.8456,53.0525
-47.3631,52.4914
-49.8311,53.0786
-48.7927,53.6123
-46.6489,56.3168
-56.6194,57.3700
-66.4158,45.9239
-51.2152,53.3089
-54.9049,39.5039
-45.2243,53.0610
-43.3630,61.8793
-45.8155,60.4543
-56.9695,42.1569
-60.3288,50.0245
-55.4996,46.3793
-52.7194,62.0470
-53.3438,55.9646
-47.9947,53.2273
-49.5817,54.7167
-49.7241,54.5519
-52.7025,47.0984
-48.7994,60.5953
-59.7710,55.7229
-61.8590,50.0563
-39.2340,59.5469
-38.8989,59.7650
-48.2391,55.8078
-58.1146,60.2709
-51.2107,51.9971
-54.5219,54.5720
-54.3656,48.4746
-53.4034,61.7264
-54.0348,55.8289
-58.8208,53.3286
-54.1535,52.1979
-39.8277,62.6448
-54.1265,54.1977
-37.3625,61.9329
-50.8307,36.4732
-56.7104,54.3572
-48.7529,58.4364
-64.2021,54.2873
-54.9078,50.1750
-49.1463,56.7717
-52.4562,57.1822
-55.5563,54.8500
-48.4687,57.5825
-55.6557,40.1522
-60.1017,58.9078
-56.3087,49.9474
-60.3137,44.6195
-53.0664,55.4449
-49.9430,60.8257
-57.0182,49.1499
-54.0697,59.0417
-53.7624,49.4305
-51.5250,56.8369
-60.1522,43.9119
-51.9186,52.7787
-46.8049,44.5615
-58.1616,42.7888
-52.8716,56.0001
-59.0653,49.7814
-53.4524,50.1445
-37.4074,62.7641
-47.1924,62.9915
-48.1298,49.1675
-56.2632,66.5301
-54.4454,50.2910
-52.6158,66.3660
-56.7792,54.9092
-60.9479,47.3526
-52.6334,54.7263
-61.7121,49.3482
-44.9919,50.7574
-47.7532,60.8475
-56.9423,54.2512
-52.0787,49.0121
-50.3569,52.2783
-60.7379,51.2466
-58.1385,39.0652
-54.4171,50.7770
-63.3993,54.5575
-45.3342,54.0570
-61.0917,42.5291
-56.3447,48.1400
-46.9712,51.2395
-49.7614,58.9118
-65.1239,46.3467
-59.2368,55.0860
-62.4563,36.6461
-57.2119,45.5174
-46.6259,56.6322
-54.1364,57.7597
-52.6778,50.1131
-53.6508,51.5595
-54.5564,47.2514
-66.3494,36.9091
-56.5523,47.1476
-44.1499,51.5178
-56.3708,49.2116
-56.4620,53.5622
-51.6150,55.6335
-60.1971,52.8726
-47.8548,53.8298
-43.0000,64.3616
-52.2737,51.2107
-63.4857,56.7551
-60.0651,45.1650
-53.9315,48.7668
-52.1663,59.1418
-52.4565,56.3182
-54.9672,57.1732
-54.6884,52.8328
-42.1588,61.0730
-46.7347,62.9764
-41.0664,56.9488
-51.7906,42.2259
-57.0377,57.7986
-59.2104,47.3261
-50.4253,43.5109
-33.9220,58.7109
-49.2130,55.8744
-53.6380,56.7227
-47.2574,53.1598
-51.2029,51.4119
-43.0261,59.0845
-53.0564,50.8897
-47.9879,56.4770
-47.5785,56.1762
-59.9425,43.1917
-58.8224,45.2151
-52.4396,57.3780
-54.2389,55.0560
-49.3181,43.6362
-53.8402,50.5533
-50.7513,57.7273
-59.7586,43.1535
-56.5792,49.3150
-45.1620,48.3894
-57.3899,54.7040
-45.0799,56.9581
-53.5763,50.8623
-44.5189,53.4198
-39.4121,63.2069
-57.0486,61.9141
-55.7745,53.0857
-53.3053,64.3622
-60.8292,49.2089
-58.6005,56.7705
-51.9429,53.4766
-55.6674,49.9728
-57.1583,52.1063
-46.5282,56.2839
-49.8805,41.0688
-50.8271,46.8332
-47.4694,45.6875
-57.6170,44.1003
-45.1988,49.9199
-57.4691,50.8427
-58.2699,32.9247
-53.1132,55.9295
-49.3469,52.6249
-47.4127,53.9930
-45.5259,59.3233
-55.9829,51.2495
-51.8731,59.7003
-58.1001,48.0676
-44.1253,57.4671
-51.8550,48.5978
-50.9697,61.2839
-45.4366,59.5098
-50.4504,61.1959
-50.2096,58.0160
-45.1505,56.1611
-50.9945,60.3842
-47.6383,55.7722
-62.2925,45.7920
-51.1510,53.6431
-49.9269,49.4502
-60.8730,40.2752
-51.4024,64.7145
-51.4228,60.7258
-59.8367,49.5951
-54.4873,50.1013
-39.0048,61.5846
-49.6043,53.1136
-52.6913,61.7437
-41.8248,55.1371
-54.1045,53.2178
-48.9412,53.7076
-44.3646,55.1725
-46.0079,52.7026
-49.5490,59.8539
-53.7324,47.5491
-40.9462,57.9285
-57.2149,57.4588
-55.7033,50.6987
-49.1918,51.4218
-59.1692,46.0552
-49.2456,40.4049
-27.8172,60.7474
-51.6286,55.5235
-45.2440,54.7593
-48.4952,59.7602
-56.9152,52.5206
-50.3044,54.7642
-49.9485,49.8211
-51.3559,55.9516
-52.4071,52.6151
-50.1680,57.1917
-43.7647,62.8832
-48.6638,64.3700
-66.1750,46.3832
-57.8452,47.5231
-48.7756,61.5480
-53.9005,46.7310
-46.3701,57.0026
-51.2603,49.6261
-48.2244,52.3227
-53.6983,46.2373
-47.7390,60.4144
-54.2324,56.2562
-60.0527,50.2684
-53.6966,55.5500
-53.7848,50.1785
-53.5714,55.0387
-58.7470,57.5447
-42.6187,54.2446
-46.1246,61.0794
-54.3316,47.6601
-54.8666,57.6471
-51.1006,53.5541
-48.9356,62.9563
-55.7567,47.8656
-42.8973,59.5133
-59.0197,47.7311
-57.1296,58.4661
-52.6629,44.1718
-56.8747,50.7128
-48.1291,35.3343
-49.6564,44.0449
-47.7879,49.1299
-48.2668,52.7613
-53.7103,57.8120
-60.9099,43.9956
-59.6514,51.0240
-50.4670,48.8285
-55.2869,45.0455
-60.1710,44.2369
-49.2145,59.5355
-41.3236,63.3046
-46.4763,62.9991
-52.4614,59.5328
-53.1576,43.6607
-46.2474,58.6600
-53.9033,50.6155
-41.0493,63.0369
-48.9594,57.7978
-44.8195,49.8082
-55.7215,44.8288
-42.6282,62.4176
-55.0505,50.8905
-61.9664,49.8113
-53.0374,55.9768
-51.8795,50.1305
-56.4932,55.6499
-61.2420,53.3997
-42.3331,55.4984
-54.1288,60.2436
-54.3038,50.7036
-57.8373,58.5689
-46.4207,56.0384
-45.5380,60.7382
-58.2928,51.9618
-45.9115,60.3103
-59.7838,56.8086
-43.5028,62.3991
-53.2630,49.8405
-57.5670,55.3418
-52.5565,32.3361
-41.0552,60.7608
-47.1087,56.6059
-52.2748,52.7914
-56.5045,59.8922
-51.0862,48.6606
-62.4308,42.2189
-50.3107,50.2492
-51.7934,41.9287
-55.8348,48.1230
-55.3687,52.1278
-44.4259,56.4483
-52.7322,61.9292
-61.2563,58.4204
-58.2955,36.1828
-53.8328,57.4025
-52.1381,45.9928
-45.6736,52.0789
-45.4558,44.4646
-48.8322,54.1817
-53.6369,43.4253
-46.5520,65.5913
-64.5903,46.7374
-56.2829,50.5772
-51.4333,59.2592
-49.8661,56.0018
-48.1005,56.5818
-57.3808,54.9294
-43.5513,56.0742
-49.4051,60.8975
-57.6245,47.0831
-57.8723,53.4785
-49.4320,51.8976
-50.2177,61.3221
-48.6490,49.4776
-47.5133,59.1827
-57.9634,51.0472
-52.1731,52.1284
-48.3089,52.8744
-53.1990,48.4763
-47.3016,42.0791
-42.7260,45.9879
-54.6540,51.8885
-45.3608,58.5993
-58.6850,54.2903
-56.1153,47.9214
-55.2465,53.0973
-53.3119,51.1231
-47.0742,57.9606
-53.7447,60.9950
-55.3681,47.8426
-45.4738,57.6522
-48.8386,64.3034
-66.8029,56.6120
-55.7766,46.8685
-57.2808,41.4563
-52.2271,53.6236
-48.8436,55.2076
-45.9087,46.4916
-48.8528,51.3891
-51.2994,45.0353
-39.1559,52.3151
-60.3832,52.6663
-56.4728,46.8093
-49.6846,61.1701
-51.7932,51.5636
-53.7581,53.7700
-45.0497,60.8936
-49.7279,58.9527
-48.0030,68.1588
-61.0906,41.3824
-58.8990,51.6503
-54.0494,48.4760
-49.0062,61.6652
-52.0089,53.8041
-44.8402,55.2132
-62.7451,54.2548
-40.5845,51.5085
-46.1279,47.0634
-49.2621,54.9130
-53.4829,50.1124
-47.8749,42.7455
-57.6756,68.0763
-40.5410,58.6957
-59.9924,55.2479
-61.2709,44.7259
-55.8630,45.9885
-52.8967,54.5643
-54.4790,50.7267
-39.7813,64.1432
-60.1731,45.8433
-46.9743,48.9028
-56.4453,56.4196
-62.8376,57.1658
-50.0773,50.9247
-52.0588,48.9776
-52.6133,54.0851
-49.9472,54.4034
-52.6694,45.9005
-53.4543,63.7945
-60.1406,40.6354
-39.2248,58.7854
-59.9199,49.2162
-54.5747,53.1363
-53.6370,56.9376
-51.1951,52.4575
-53.2448,54.8569
-52.7608,61.2580
-48.6490,60.5782
-50.9941,60.0493
-55.1414,43.6980
-57.7240,47.4608
-49.6023,58.0217
-48.6581,56.5417
-52.0800,53.3833
-43.1331,57.4832
-53.3090,59.9662
-39.3640,59.0954
-50.3613,44.3901
-51.7241,50.8211
-56.5115,43.8417
-57.0962,54.8067
-61.7815,60.2120
-42.3607,53.6664
-67.3582,47.7399
-52.9250,52.2238
-57.0375,49.1256
-54.2989,44.8333
-61.4886,48.5288
-48.2720,64.6153
-57.8944,47.2943
-46.3847,51.5346
-56.2847,55.7631
-60.5893,57.6496
-60.0982,43.3462
-47.4273,53.8244
-51.1957,53.8381
-52.2094,56.9158
-46.1922,50.0104
-46.9439,51.6298
-59.6060,48.9878
-48.9299,54.3018
-51.9348,53.7232
-46.6273,56.8733
-51.5432,49.3049
-55.0918,45.8070
-56.2467,54.4189
-56.6832,58.8390
-55.1277,57.0478
-57.7044,53.7735
-53.8307,54.6411
-56.6167,57.4760
-60.0736,52.3235
-48.5530,59.6838
-54.6437,58.0489
-49.1556,50.1321
-57.9379,51.9631
-58.3670,52.9790
-49.5437,45.9168
-61.2821,42.6018
-64.2790,42.1218
-55.4059,46.3351
-45.7899,49.7714
-57.1311,50.4876
-58.7682,55.9210
-58.7417,50.0110
-56.9137,47.6087
-57.9641,47.1702
-55.3005,45.8835
-60.1580,60.0188
-56.2378,45.9966
-53.2076,51.5110
-48.5795,67.7048
-65.5584,49.6061
-60.4497,45.0970
-54.1370,43.1537
-53.7397,50.6877
-45.5725,54.8751
-43.9968,54.5703
-52.4195,56.8520
-51.7772,41.6540
-44.4852,63.9142
-62.9460,49.3229
-56.2764,46.0827
-49.7504,50.3274
-53.3923,50.8547
-56.1329,55.6822
-56.0154,53.9776
-39.5147,56.8963
-62.3131,54.5293
-58.7224,44.7179
-58.9698,50.2250
-51.7016,50.9937
-42.0369,62.3773
-58.7183,56.2177
-46.7283,53.7421
-56.7512,60.6470
-43.4223,60.4047
-54.1944,52.8308
-53.2170,46.7002
-43.8969,41.7456
-50.2756,54.6172
-59.0521,53.6629
-48.7656,50.9297
-54.3177,61.9294
-54.4078,49.0463
-64.4512,42.1316
-53.7822,51.5398
-55.6453,48.3066
-54.0992,57.8567
-41.2409,64.4868
-48.9807,59.4865
-58.6502,53.9707
-57.8658,54.8223
-48.7941,62.1722
-50.8938,48.2717
-56.9556,42.1130
-36.3788,69.8359
-62.4583,51.2082
-52.3176,61.4857
-39.1875,57.0837
-45.7468,63.3569
-58.9932,54.0106
-59.5101,43.6273
-58.1493,59.3933
-56.6412,39.0864
-52.9366,53.1211
-55.1045,43.1785
-41.7943,57.4607
-56.9284,48.7347
-55.4639,47.9589
-43.0226,49.6573
-53.0826,51.1952
-53.0289,63.1919
-56.3104,45.1567
-57.8793,50.6364
-58.5311,55.3315
-45.5739,58.0074
-48.1553,53.9773
-48.3714,52.9341
-47.3763,42.4161
-40.4104,58.9640
-63.2518,52.3447
-41.7397,55.1181
-52.0279,66.7981
-57.3490,51.5642
-59.9788,52.4734
-48.7045,56.6360
-58.8781,58.8152
-53.5136,50.9296
-50.0156,63.4423
-40.8734,61.6055
-50.9346,55.5825
-55.7040,58.1579
-61.3766,46.8391
-48.1050,66.0980
-54.9948,53.4771
-49.7875,58.1425
-55.3998,45.6514
-56.3277,60.2138
-49.6085,54.0859
-51.8803,59.1085
-58.5698,55.3630
-58.1224,46.7056
-57.6834,58.1988
-55.0755,54.1692
-49.6419,53.3938
-52.6058,51.3570
-43.4815,52.9923
-53.8123,58.9049
-54.8322,48.9999
-44.6672,57.6268
-52.5923,48.8380
-44.0527,67.3413
-53.6714,53.5317
-49.6572,49.9084
-53.6681,59.9890
-51.5574,54.8163
-52.2644,48.6398
-54.2863,49.8296
-43.3303,41.3813
-54.1986,45.2190
-55.2725,48.4113
-43.5630,56.0808
-51.1170,61.7655
-63.5436,44.1316
-59.5073,52.1185
-41.6961,53.3996
-50.0692,54.4224
-49.7592,54.6997
-45.9697,62.1932
-47.2109,62.3003
-58.4497,54.6447
-62.9811,48.4922
-44.0805,57.8633
-47.3858,49.7040
-55.0013,54.2449
-46.0988,56.2306
-52.1258,48.6727
-53.7985,57.9669
-50.2137,47.5381
-56.8622,56.4609
-55.8790,58.9879
-63.3800,50.1229
-53.6291,57.9808
-59.5006,40.2772
-51.4128,53.2026
-57.0001,62.0767
-40.6583,54.9967
-52.6261,57.8907
-58.7755,46.7707
-47.7921,56.5958
-46.3676,58.0143
-44.5394,63.4078
-54.3353,46.4522
-56.3049,52.4183
-57.7292,55.3532
-56.9839,54.2895
-56.2427,51.6144
-55.0642,53.4993
-37.2778,57.7661
-42.1981,57.9515
-51.9348,41.6857
-44.7382,56.0632
-55.9588,62.7873
-58.2147,51.3890
-63.0175,47.3811
-47.6618,49.1811
-59.1255,52.5352
-54.9159,55.0834
-57.9262,45.3585
-56.8668,42.3399
-51.7119,59.5465
-63.5551,54.4993
-53.8702,39.0956
-58.5147,43.6766
-54.2295,52.0587
-52.6486,45.3952
-53.8499,44.3368
-52.4287,44.1953
-53.6818,53.0524
-61.4527,48.4816
-51.4322,56.6016
-56.0154,52.3238
-52.3547,52.7800
-51.2500,55.0336
-53.2140,51.9190
-56.2160,62.6656
-54.0151,55.0935
-58.3231,55.0784
-51.8499,59.7657
-62.0313,49.6273
-65.1560,46.7876
-45.7505,61.8882
-49.2927,54.3781
-39.2617,60.0365
-56.7058,59.5897
-52.6409,52.3667
-43.7101,48.6741
-59.0308,53.0654
-49.1698,41.7870
-48.0260,57.6418
-60.2014,58.3749
-53.3680,55.6458
-60.7892,46.3897
-55.1275,56.9291
-53.2751,57.4414
-59.0852,42.0918
-53.7629,64.3970
-53.6237,53.8139
-59.9757,42.5959
-61.2746,37.6184
-54.0130,57.1339
-62.0466,57.7009
-55.2042,54.6986
-51.8780,49.8326
-48.6445,51.2504
-70.8651,33.7612
-41.8490,54.3936
-56.9948,43.1218
-53.9864,64.1890
-47.3030,47.6993
-39.0018,48.4209
-53.4462,59.1583
-61.4265,39.5604
-54.4076,54.6269
-62.2479,50.4300
-55.6874,62.9789
-58.1098,52.5123
-58.3634,59.5841
-62.7538,48.5897
-62.6993,51.1145
-59.5660,48.5934
-40.0898,54.8902
-57.7309,53.0496
-41.6719,60.3500
-58.7181,55.8765
-44.6992,45.8927
-50.2375,44.1974
-51.7980,52.8079
-46.6091,44.8164
-43.3338,54.3237
-46.3099,56.6128
-50.9445,56.3365
-62.3895,58.4134
-55.1419,43.5432
-61.1881,45.0150
-52.9002,63.6124
-53.4939,50.7894
-63.1243,53.6394
-58.1560,52.2346
-52.4132,57.2139
-52.5541,63.8601
-57.2544,61.2148
-58.4389,43.9239
-54.6191,47.9376
-51.2918,53.4416
-39.7010,64.2796
-52.1876,54.6354
-54.1370,64.6918
-42.4618,54.3179
-42.8757,54.3662
-60.6769,44.9106
-57.9413,53.2934
-50.7019,55.5561
-53.5925,45.0330
-57.6828,56.7403
-56.4117,51.9736
-46.3336,53.9421
-57.4535,60.7495
-60.8983,47.7987
-49.4901,52.6892
-46.8656,57.0666
-57.7060,62.7065
-60.0164,54.0697
-46.9386,54.6935
-53.4713,59.3054
-50.0988,48.1884
-53.7504,26.9115
-58.7593,44.2977
-47.9739,44.8959
-46.2588,46.2336
-55.9450,53.5616
-50.3580,53.1616
-67.9969,50.5396
-50.3375,45.7590
-56.1641,52.0409
-51.2650,49.8817
-60.7038,41.2613
-48.4029,66.5557
-52.2844,53.2230
-44.2855,56.0550
-51.6469,62.2080
-60.4750,57.8964
-58.0118,45.0889
-52.8420,45.1892
-57.5363,57.6321
-47.2870,62.3868
-58.1516,49.0441
-54.3343,65.8328
-48.0357,34.6742
-47.9885,53.3871
-66.7891,50.2200
-62.3309,45.0330
-50.6881,43.6217
-55.8252,43.9722
-55.0230,54.6801
-55.6573,50.9413
-47.8360,52.3299
-53.0464,59.5894
-56.5864,44.6264
-43.8505,56.8183
-52.9575,49.2528
-45.8298,55.3902
-55.2584,47.7281
-45.9801,52.2285
-65.3229,43.0007
-56.2210,51.5790
-49.3687,36.7579
-57.5790,46.6663
-52.4599,39.7225
-50.6385,47.7051
-53.1150,58.5690
-52.6413,52.5083
-65.3468,47.8609
-46.2478,56.6217
-67.3369,38.4237
-55.0976,45.9091
-60.2838,42.4109
-51.7523,63.9022
-56.0183,42.3696
-55.7771,43.1947
-49.8517,58.0281
-58.5302,47.4131
-49.0761,57.6051
-53.1671,56.0033
-53.5937,50.0438
-43.3349,57.8283
-44.8017,48.1984
-47.3954,59.8680
-53.6887,56.2853
-40.2856,53.2423
-58.7056,47.3096
-48.1325,53.8221
-45.4285,51.1369
-52.9461,55.5178
-59.5527,56.5837
-56.0289,48.4224
-56.5236,52.6727
-55.8035,60.2194
-57.8159,54.0586
-53.7857,49.1952
-49.4052,55.4998
-51.5504,55.3553
-60.8458,50.9048
-52.9437,49.8905
-53.8601,54.6068
-54.3341,44.0339
-48.6719,35.1503
-58.1202,50.8988
-43.0352,57.7609
-45.3415,60.3746
-53.2663,55.2742
-55.6714,48.8268
-67.6890,45.2431
-47.9427,53.1589
-63.8117,43.9700
-53.8659,50.3413
-56.0491,47.9439
-51.3157,58.9039
-55.3190,52.6154
-50.7708,53.5722
-57.1154,60.9140
-54.3931,59.8880
-57.8681,51.7684
-58.2660,45.8141
-54.7756,48.4169
-41.8881,57.9219
-52.1322,34.8772
-46.9018,59.3635
-49.4942,46.2695
-40.9019,54.6693
-61.5516,45.2780
-60.7435,52.2678
-51.2988,49.2504
-53.5256,50.9706
-66.5916,42.8044
-53.6581,54.9695
-57.8317,49.3356
-54.5022,60.4396
-60.8492,50.7775
-59.5339,51.4583
-53.0961,48.1329
-57.9052,60.4133
-51.9490,55.7359
-50.8926,51.4563
-50.6867,50.4642
-59.1921,55.4410
-56.5686,49.5629
-61.7947,39.1685
-43.7941,41.7040
-57.4737,47.6762
-57.6647,54.5909
-45.6504,55.5546
-61.1731,54.1663
-51.2088,54.6940
-63.1667,47.8860
-49.2316,53.6829
-53.9849,46.9123
-55.1262,54.7629
-51.4562,59.1248
-44.0865,68.2859
-54.1581,57.4682
-61.6479,39.2601
-52.1821,58.3867
-49.1755,45.8096
-52.3295,49.6641
-38.6661,71.5624
-48.9621,50.8992
-49.8352,65.0970
-44.3712,50.3087
-44.1370,59.7704
-61.9224,54.6482
-54.7418,50.2646
-51.3360,56.5494
-54.3315,46.5074
-58.6417,59.1987
-58.8561,45.9875
-53.4868,41.8324
-60.8790,55.5265
-51.5228,45.1475
-47.6601,49.9649
-46.3268,54.6620
-57.8448,57.2976
-59.6865,49.7499
-50.8185,52.9487
-46.4333,63.6341
-43.7406,54.6000
-54.3590,44.4576
-47.1824,55.4630
-42.4005,44.9580
-63.7206,38.5032
-54.5942,55.6105
-48.7716,51.6126
-64.3762,49.2615
-53.0605,51.1268
-68.0399,38.9320
-55.0223,51.1479
-51.6739,53.8453
-48.3426,63.1807
-51.7627,57.7538
-50.5830,58.2595
-49.5001,65.3743
-61.9829,52.2905
-61.7946,35.9840
-48.9160,52.5245
-54.2895,51.3401
-47.2801,50.0355
-49.8983,51.0156
-55.6732,67.9591
-47.4507,59.2226
-38.1214,60.5321
-56.1753,48.4575
-57.1015,49.9708
-48.1298,51.7203
-52.9540,48.2889
-52.8500,56.1479
-60.2429,50.3025
-51.4883,58.1052
-55.1269,61.6233
-53.7388,48.6579
-53.6055,54.0091
-51.7751,48.9199
-53.9272,45.0349
-59.3654,54.8374
-44.5673,55.4755
-52.8299,58.5729
-45.9843,59.0608
-49.0794,36.4992
-59.2857,46.0924
-53.5185,42.6987
-50.3081,55.4310
-61.7077,51.9682
-49.8957,49.2194
-65.3180,57.2447
-54.3375,42.3314
-66.3301,41.2358
-62.1099,46.6963
-57.0374,56.5932
-55.8282,61.9845
-58.4920,44.8128
-50.3977,49.8901
-48.9286,63.9532
-67.7365,51.9857
-56.3599,50.5320
-58.5596,46.8538
-53.6369,49.1716
-53.7884,44.6213
-53.2933,49.1700
-51.2329,51.0646
-48.9651,51.8080
-40.8638,58.0756
-60.2470,48.4238
-54.7416,51.3676
-50.9823,57.0863
-51.9482,46.0890
-53.3865,56.8793
-57.7188,55.7676
-47.5560,56.6910
-50.2311,60.3549
-55.6721,49.7288
-55.3705,53.7142
-50.0939,47.8029
-51.6784,53.4124
-54.3003,55.1472
-58.2060,42.2401
-53.2874,51.4987
-49.6405,50.7122
-52.3703,58.9364
-50.5792,55.5460
-49.6430,57.5576
-50.1945,50.5461
-50.4226,49.7420
-46.3009,54.8897
-50.7564,60.8623
-54.1826,47.9772
-55.5550,57.4954
-51.2388,56.4142
-51.9994,60.6137
-55.5895,45.4028
-49.9762,61.7126
-52.6718,50.9245
-52.4281,42.5988
-48.0964,46.2727
-48.3750,64.9861
-47.6846,55.8103
-48.1150,55.7460
-60.9342,55.6577
-53.4866,54.6622
-61.5002,54.0263
-53.5619,51.4861
-64.4199,41.9870
-46.7647,48.9751
-52.0173,59.5041
-49.5756,51.8646
-60.3515,50.8548
-57.0207,50.7538
-52.7734,46.4502
-53.7007,59.1064
-60.0504,46.2256
-56.5538,40.6798
-37.6659,56.6500
-54.9492,53.4570
-41.7421,52.2614
-45.1179,53.0274
-66.6567,31.0522
-57.6199,57.4542
-48.9096,60.5467
-62.0603,53.1942
-55.3075,56.0385
-51.8737,46.1677
-61.3563,45.7423
-60.4922,50.6575
-56.6922,58.7944
-47.0657,59.1139
-58.9470,49.6966
-57.9702,54.2831
-48.4126,57.1318
-45.0545,56.9949
-52.8613,41.2055
-45.8169,69.1238
-50.1025,54.6341
-67.3677,43.7231
-38.0580,54.8293
-48.1295,57.6808
-50.3820,68.1697
-47.8734,54.3762
-64.3536,51.8894
-52.5808,54.2902
-59.1823,57.2559
-50.9960,55.3328
-57.9816,56.3476
-53.3391,49.7228
-51.8821,49.6895
-50.9086,55.7420
-57.4874,49.4703
-56.7234,58.2600
-51.1780,46.6324
-46.6768,59.4883
-60.0618,42.8653
-55.6982,53.9531
-49.2254,44.6972
-58.1754,52.5901
-53.3554,48.6758
-51.3752,43.9751
-68.4800,50.1832
-57.4568,47.3909
-52.2366,58.1990
-61.8256,55.5196
-56.2485,51.3469
-53.2741,55.8291
-52.7304,51.1664
-46.8845,52.1685
-56.3935,59.0792
-45.3373,57.4892
-52.1814,57.0889
-46.4994,65.8613
-46.9330,55.7717
-46.9901,62.7122
-55.4976,38.1060
-40.8620,67.4149
-48.9197,56.1145
-66.0707,43.5862
-55.4745,56.4305
-53.3263,53.7171
-56.1520,56.1008
-52.5814,52.5246
-62.9426,53.0731
-46.9356,63.3340
-59.1612,53.5343
-48.4654,53.6552
-52.9288,52.2048
-48.5062,39.7948
-56.6284,52.0915
-60.2534,50.7468
-63.3954,55.0672
-59.6633,52.3591
-51.7465,57.3502
-61.5733,56.9107
-55.2957,53.5532
-52.1014,49.2725
-47.8903,45.5531
-54.3984,56.3454
-57.3599,43.6074
-44.2735,47.3685
-60.1192,45.4519
-56.9544,40.5607
-64.0515,54.1056
-48.0480,48.0511
-58.4772,53.2743
-52.7290,52.8939
-59.2753,42.3543
-57.7375,42.6719
-62.1664,57.0134
-50.9046,56.7033
-54.4023,58.7300
-52.0387,60.4828
-55.5289,52.6128
-54.0014,62.5639
-50.3316,42.8719
-48.2579,68.6539
-62.1002,50.9454
-52.4503,53.7364
-48.6777,51.8777
-49.0023,60.0164
-58.8934,58.8916
-44.3260,51.8818
-63.3233,49.5019
-58.2284,50.4300
-52.1475,51.5722
-55.5856,61.2176
-55.4730,43.6857
-44.9977,47.2631
-45.1858,43.4371
-61.9660,42.2241
-53.6907,54.0293
-61.1182,56.9952
-53.4383,49.7613
-63.1661,51.5842
-58.1576,51.0645
-55.1189,49.3801
-53.9769,51.7056
-55.8583,50.8874
-47.9306,59.4422
-48.5770,54.6264
-46.8007,44.6003
-50.5066,52.8997
-57.2033,58.2898
-54.6967,38.7997
-47.5881,55.4615
-52.4734,59.1308
-51.3269,58.5888
-49.6831,65.9572
-62.1983,56.4181
-63.7873,45.8704
-53.2668,57.0531
-56.1760,51.5750
-57.6145,63.5087
-58.4427,48.3543
-55.0721,55.4884
-52.9951,50.4046
-56.1658,41.6922
-48.3638,51.2836
-51.4560,49.7822
-58.9388,52.9147
-45.2200,50.8670
-48.5035,51.6446
-62.7019,54.1860
-44.3773,52.7164
-57.3664,55.8213
-51.2159,63.8840
-53.4532,44.2312
-42.6144,57.4024
-43.6479,59.9225
-61.9042,44.5681
-59.8747,51.2980
-58.8958,53.8631
-50.7599,54.1574
-56.2848,61.8349
-61.0029,45.4929
-54.4425,47.8247
-43.5974,49.9216
-54.0397,52.7958
-48.2037,48.6703
-52.4856,44.7085
-68.8420,41.2098
-48.5063,46.9045
-60.5795,46.0431
-45.0097,54.6776
-64.6441,49.8230
-47.3971,64.7076
-57.8365,41.8966
-51.9770,52.6137
-54.8944,60.1263
-50.0575,66.3333
-57.1879,58.4439
-48.8717,67.8370
-41.1205,58.1354
-57.2006,60.6968
-59.1046,50.4619
-48.6283,58.7462
-48.8307,65.6939
-53.3002,55.1585
-54.6100,53.6360
-58.6316,48.6459
-47.2704,49.8564
-56.7088,47.8982
-45.6902,58.4216
-46.8784,40.1290
-55.6589,59.9954
-42.8098,46.0038
-39.4253,61.0717
-62.9842,49.8231
-62.1579,54.3318
-52.7894,55.9369
-54.3820,45.7988
-56.7083,45.3931
-50.3526,54.6114
-41.2870,61.2190
-57.8668,59.4841
-59.2168,44.4058
-57.3620,48.5835
-53.2585,46.2247
-50.0286,58.6568
-53.6075,51.3473
-47.5576,57.9137
-56.4530,64.3952
-50.9199,59.0564
-56.3212,45.4313
-45.1533,51.2307
-45.0990,45.6651
-55.2565,56.4767
-52.2159,70.2537
-40.0474,54.6900
-55.9683,57.1835
-53.5145,46.9277
-62.2932,46.9716
-50.8735,58.7299
-60.8752,54.4008
-55.8620,58.2787
-62.4859,49.0020
-53.6434,45.9550
-50.9123,62.3899
-67.0656,54.2442
-56.3058,46.7285
-55.4044,45.1182
-55.5936,48.8458
-43.2682,59.2251
-53.0469,53.2325
-48.6940,62.8946
-59.0038,45.8524
-34.0088,59.0919
-57.4005,48.3001
-59.3351,54.8291
-51.2242,54.1306
-52.2024,47.7419
-57.8220,52.7337
-56.7410,48.4197
-47.3247,53.3503
-48.0760,64.8188
-56.1708,49.6764
-57.0485,46.9160
-49.6345,50.6678
-50.6779,62.4450
-55.9017,50.6706
-49.0291,53.5293
-44.1054,55.2144
-57.8937,50.9322
-37.3733,50.4987
-49.6296,52.2337
-44.3743,44.7075
-45.4132,47.4952
-60.5216,58.3456
-50.0100,54.7281
-63.1322,50.7501
-52.8217,49.3229
-62.3428,46.3752
-55.9778,49.1561
-64.5079,38.9933
-53.6599,63.3111
-50.4316,51.7436
-46.7620,57.8259
-50.7561,60.3423
-57.3428,47.1034
-61.5716,50.1244
-52.9115,45.4307
-55.5199,50.9731
-46.6277,61.8936
-47.6684,49.1978
-55.2115,62.3734
-49.7570,47.6122
-40.9876,54.5557
-64.8075,44.8333
-57.4029,45.7417
-56.6547,42.3229
-51.9687,52.9116
-57.2961,59.0832
-51.4042,54.4407
-50.2573,55.3903
-54.5610,58.9971
-51.0818,54.2134
-53.6915,54.1672
-53.8088,51.5984
-46.9846,58.6264
-64.7505,56.3014
-48.2791,54.1571
-58.3611,56.1634
-54.2371,56.9199
-57.9827,46.1231
-46.3404,50.0854
-46.0489,43.2691
-34.5357,71.3319
-43.2169,66.3781
-51.6886,56.1155
-57.0716,53.0082
-55.9723,52.0080
-67.4636,42.4545
-52.6298,50.7842
-59.6058,45.5542
-53.3624,60.6747
-59.1028,47.4677
-48.7921,55.3561
-52.8176,65.5678
-51.9098,58.6481
-56.3455,53.2523
-53.4663,37.7420
-52.6091,49.4945
-57.8533,43.0921
-47.0917,51.2693
-47.6849,56.6581
-44.9863,61.1955
-46.5252,47.4276
-53.1449,29.0259
-46.2485,57.2672
-45.0002,47.8659
-55.4447,49.0834
-57.4242,55.6874
-53.1266,49.1603
-51.1682,54.2961
-59.3718,52.8364
-53.9394,48.3967
-50.9040,49.2798
-47.6549,51.8544
-48.9098,56.2078
-52.6022,55.3391
-53.4149,50.1773
-47.6748,59.1271
-46.3095,50.6636
-49.0248,56.9223
-54.8293,47.9111
-50.1262,46.7795
-50.9135,60.5372
-61.0290,50.0187
-52.8196,54.0419
-63.8705,51.1928
-59.8157,48.8812
-62.6763,43.6690
-53.2120,57.3669
-64.2825,49.9941
-51.7533,60.7593
-47.3878,61.3228
-47.8433,62.4968
-54.8570,60.3858
-63.0568,43.5174
-61.7264,47.8227
-54.1300,40.3622
-56.3692,50.8085
-39.4678,67.7185
-46.4305,52.0385
-46.1047,62.4670
-46.9461,48.0386
-42.8155,50.6362
-59.2266,43.2330
-49.6957,56.6138
-52.5736,54.7308
-55.6654,48.1106
-53.7736,53.1092
-54.6212,41.8304
-52.1403,54.2990
-51.1861,60.4321
-52.6125,48.4691
-54.5323,43.6273
-49.4000,53.9023
-46.7024,60.4601
-58.7596,50.1782
-56.9737,54.4616
-55.9713,51.8294
-52.5049,49.4445
-40.8806,51.6715
-56.0333,51.3388
-44.4574,52.0650
-50.9558,57.1705
-52.2066,57.8618
-45.6524,51.7122
-64.7578,51.6568
-57.1399,45.5447
-67.9650,39.6683
-50.9133,50.6692
-51.2049,55.0164
-59.4926,55.0966
-53.6278,60.1159
-44.2592,60.6413
-61.7309,49.6198
-53.4444,50.6431
-56.0589,51.6207
-47.8643,55.0090
-56.9748,53.3246
-50.5300,51.8391
-54.7294,45.2095
-63.0065,60.2540
-50.2642,47.2467
-57.9770,54.0415
-64.8628,43.3998
-57.6319,49.3100
-57.3961,54.9309
-47.5786,46.7681
-50.4831,55.9124
-51.3136,56.4495
-60.2940,51.9235
-62.8504,56.4356
-58.9914,47.1014
-38.7228,56.4286
-54.9135,50.9402
-51.5770,51.1745
-48.0955,49.7130
-59.4759,50.6974
-67.8752,53.3993
-44.3299,60.5804
-48.5850,56.0833
-45.2979,57.0716
-55.9361,53.5347
-56.6803,51.3930
-49.6305,54.5363
-33.1894,47.7428
-65.9754,55.3163
-49.9072,48.0463
-61.1048,47.3400
-45.1381,57.7351
-61.9033,48.1149
-62.7772,55.5343
-52.1274,66.0885
-48.8049,58.1009
-64.0372,48.6331
-57.3253,49.9456
-52.8410,54.9196
-47.1476,51.4905
-57.5572,54.6796
-47.5399,58.7112
-55.2446,50.0353
-61.4473,64.4898
-53.4199,42.5128
-50.9313,56.3567
-62.2712,52.9446
-54.8219,56.6686
-55.3041,60.9245
-56.9972,42.7863
-58.1000,56.1557
-53.1332,54.8192
-43.3644,53.9008
-55.3766,58.3110
-58.9501,43.1098
-55.1225,44.0263
-49.3959,59.1702
-50.5944,53.6099
-45.2446,51.7222
-55.9515,58.3097
-59.8129,62.6321
-37.4679,56.8175
-47.8805,63.5832
-46.0285,62.5045
-53.3728,56.4996
-59.1755,54.7433
-41.7948,52.1348
-58.2556,45.8013
-61.1888,48.5700
-47.6624,42.2557
-55.9313,54.0853
-56.5955,53.1111
-51.3774,57.9616
-54.3807,49.7464
-47.5759,59.5348
-51.4546,61.3005
-52.9784,53.4119
-45.0905,54.3789
-55.0595,53.1448
-53.8456,48.4607
-46.0911,56.3456
-52.9317,64.4463
-59.4550,58.1192
-60.1579,52.9648
-45.8181,60.0670
-46.0979,56.1816
-51.4473,51.7549
-56.5677,51.0168
-61.3344,46.5195
-49.7203,47.7071
-54.5286,56.5804
-47.5172,51.5873
-61.7965,51.1046
-58.4758,51.0253
-53.6641,51.1544
-53.0379,53.0857
-54.3542,53.8865
-52.6536,53.2232
-60.6447,55.4097
-62.6237,44.2398
-57.6700,62.0043
-60.8897,57.6180
-53.1884,50.8570
-56.8424,52.2329
-50.1314,61.2593
-45.8167,62.7393
-53.9760,55.7122
-62.1692,47.6610
-60.8409,45.6084
-44.5464,49.4601
-59.0431,44.4651
-58.9523,56.5909
-51.1899,54.8371
-50.7131,49.4355
-46.4390,57.2968
-66.0456,40.7853
-53.1709,56.5664
-43.3415,55.7571
-50.4826,55.0606
-52.0331,55.5843
-49.3998,55.0238
-51.7724,57.7028
-52.3756,59.9919
-53.9850,50.9729
-46.7200,68.2178
-56.1814,44.7451
-48.4961,50.0989
-47.6370,56.1177
-63.0482,49.8588
-52.5626,58.7248
-50.3123,55.0992
-50.9698,53.4630
-59.1006,56.0994
-49.2772,50.9333
-55.8010,47.7964
-52.2655,56.6251
-54.0530,64.6627
-54.1881,45.8394
-58.7942,58.0371
-59.0782,47.5322
-49.5376,49.6682
-54.4226,49.9629
-54.4675,51.9541
-58.8896,50.9650
-54.1928,53.6238
-56.3485,51.6747
-49.6180,61.2087
-58.9039,62.6269
-45.2980,62.7356
-49.6509,66.8719
-47.9368,64.1936
-43.4482,52.7314
-57.8044,53.9407
-44.9928,42.2172
-50.5629,61.0925
-58.1352,54.2188
-56.9276,51.6720
-44.2752,58.3230
-40.4830,65.4186
-54.6253,51.7758
-46.7492,54.1200
-57.5268,54.4529
-49.8110,52.4313
-63.0969,47.9906
-51.3039,61.0926
-53.0917,54.1593
-45.0725,55.1678
-52.9666,47.8283
-51.7249,56.7260
-56.3548,56.1923
-53.7029,57.1936
-54.0535,50.9865
-50.2001,52.5530
-48.4963,54.4582
-53.7099,53.4832
-54.6979,53.9402
-55.2884,55.0139
-53.3991,55.1965
-49.6641,44.6271
-60.7559,54.4067
-60.3165,51.9436
-49.8009,48.9598
-57.0483,57.2522
-56.4256,49.4710
-45.6844,59.1323
-48.5523,50.9648
-57.1550,51.1528
-41.4374,59.3338
-58.3919,56.5124
-55.0998,52.0673
-52.8732,56.2398
-32.9146,56.0171
-45.5127,54.5852
-57.8170,59.0147
-54.6228,54.9749
-51.2604,64.2287
-53.4446,59.4516
-58.2300,49.7673
-51.1366,53.2574
-61.8935,60.6102
-56.6169,55.1969
-54.4314,50.7768
-56.7472,49.4072
-54.4406,54.1656
-56.4892,41.0893
-59.7589,57.0996
-59.4030,52.9094
-59.9519,47.0296
-51.6731,61.0576
-46.3232,53.1903
-39.0113,60.1020
-49.3393,50.7008
-42.1596,62.1489
-56.0844,58.4798
-59.2198,44.5349
-51.5792,45.0311
-49.5591,52.7513
-45.2434,58.5314
-52.3414,51.5764
-51.0514,53.2747
-59.1075,59.0720
-50.1900,50.7883
-49.3201,42.6753
-46.5424,55.7340
-47.8516,47.9380
-57.3717,50.4615
-50.5635,53.4666
-48.9381,52.9744
-63.4042,52.1608
-51.7419,50.2376
-59.2877,50.1615
-62.6418,53.6272
-48.1182,61.8874
-54.2940,56.1940
-54.8315,59.4542
-45.0029,59.3070
-54.5033,59.1687
-57.6484,60.5905
-46.1419,56.0648
-52.6396,52.4179
-57.2251,55.1537
-46.9670,59.1062
-60.3230,47.9309
-58.0456,65.5827
-39.6358,48.8246
-54.1945,59.5105
-65.0116,46.9113
-66.0175,49.7367
-55.8097,60.0517
-49.5610,55.1649
-58.2930,45.1027
-55.7345,51.0717
-47.4025,51.7936
-48.6568,64.2032
-56.3153,49.1116
-57.2841,50.8988
-53.2776,47.0514
-53.2396,57.7648
-49.3918,44.9072
-52.2821,55.8462
-61.0208,48.8730
-40.9839,63.0072
-49.1617,52.1109
-56.9233,54.5502
-55.0823,46.3076
-49.2153,53.0798
-51.1219,62.4844
-38.5867,55.0828
-59.0641,60.7641
-54.7469,46.5833
-52.4890,61.4165
-43.7939,58.5032
-54.8032,57.2656
-56.8341,56.7423
-44.5204,64.8587
-50.7789,56.0379
-61.8148,48.2641
-58.4761,58.4880
-61.6238,55.3528
-46.8209,61.6896
-54.5973,60.8548
-50.5633,51.4907
-40.5442,53.2509
-56.5312,59.6979
-53.9897,51.3104
-57.1179,55.6699
-52.4289,56.6188
-64.5515,43.8773
-61.1518,56.1176
-51.5087,57.9757
-52.8667,40.2255
-49.0521,52.2843
-45.4988,59.2011
-63.2760,51.9466
-53.9090,51.4358
-52.4865,50.0185
-51.0059,53.6011
-52.9621,57.5616
-42.3348,49.1155
-65.3720,53.1051
-68.1111,49.4849
-52.8864,53.4514
-49.8530,54.6963
-60.3801,57.8057
-56.8616,60.8762
-49.1504,49.3491
-53.4610,53.0204
-44.9992,51.3051
-59.9094,51.7972
-56.8625,47.0284
-52.0494,64.6984
-55.2169,51.8238
-52.6079,58.4522
-46.8333,52.6737
-43.0140,69.9701
-50.8062,55.5285
-61.1771,44.0646
-40.6220,56.7617
-49.9738,58.0279
-44.6067,62.4343
-45.0194,61.1222
-56.0818,53.7702
-60.8724,53.1910
-62.3299,56.6117
-53.3819,53.8058
-63.9866,41.4234
-52.7186,52.3129
-56.5986,58.0665
-58.5634,52.9293
-48.4150,46.0206
-51.3925,55.5041
-52.5113,50.0368
-42.7001,62.2698
-59.6117,45.9534
-51.7058,50.8256
-48.3563,43.5260
-48.5974,56.6320
-48.1470,58.2176
-46.5965,46.1302
-63.4442,54.4097
-54.9669,50.5770
-52.5060,60.3653
-56.3602,49.1628
-51.9165,54.8086
-53.2979,49.8009
-44.6685,62.8834
-64.1004,42.3656
-53.2599,59.9247
-50.7262,58.9541
-54.2927,60.2862
-48.8591,63.4193
-39.4964,59.0864
-48.2732,68.0780
-54.9319,46.0480
-44.1566,66.6042
-52.6891,54.0108
-65.3517,47.1944
-60.0302,40.6748
-50.6386,51.9536
-58.5965,56.2253
-48.4489,54.3180
-51.6241,61.5311
-58.2974,55.8379
-58.9773,58.0484
-45.9083,59.6331
-57.5631,40.8027
-57.3413,53.6012
-58.6135,49.6170
-61.0236,47.1159
-58.3997,54.9651
-53.4236,60.1637
-55.8734,49.1463
-50.8694,50.2169
-50.3802,51.9507
-53.7056,50.0486
-60.5400,44.8713
-56.1696,51.9407
-47.9857,51.5026
-46.6969,52.3882
-62.5244,46.3419
-56.5070,48.7612
-54.1103,51.2802
-48.6335,57.4593
-61.0842,57.3631
-48.7587,61.0760
-50.5415,48.4821
-51.6540,46.9121
-53.9094,61.1372
-45.0375,62.6090
-54.9489,57.6726
-51.2391,62.9974
-57.7855,51.3387
-51.8487,63.8424
-54.7501,48.8187
-49.7242,64.2686
-56.6153,47.7087
-58.3509,43.6591
-46.3877,50.5209
-47.8251,62.0473
-47.3895,51.9271
-48.3182,58.2854
-55.8057,60.2401
-47.8635,64.8214
-60.1139,55.9702
-46.7167,63.5522
-54.5265,49.6116
-50.8959,54.2082
-64.1455,44.0804
-51.0899,54.4544
-52.5339,62.5744
-48.5432,61.6666
-52.7204,52.1474
-57.7380,45.6016
-51.6696,53.2090
-51.3252,46.9448
-54.3846,49.7226
-54.7367,56.5466
-56.5496,46.5772
-44.4425,48.1120
-58.5457,50.1153
-56.8389,48.3567
-52.3291,55.9524
-54.3869,48.0587
-65.4588,47.6514
-56.1938,44.6276
-54.8440,54.4634
-54.9749,63.2161
-55.2840,59.2633
-46.9606,61.9808
-55.0949,55.4081
-51.3555,61.6693
-49.8143,56.4956
-53.7785,57.1935
-51.8431,46.8536
-43.4418,69.0282
-56.9833,55.7043
-63.1882,43.2058
-48.9873,54.2581
-43.8177,56.3710
-48.5587,61.1769
-47.9984,62.3780
-59.0853,55.2805
-51.0514,67.3272
-61.7487,50.1845
-53.3927,55.0572
-60.1956,43.1519
-50.8360,44.9526
-55.3312,59.2017
-57.8307,46.4453
-54.8944,56.5357
-57.5979,57.3838
-54.9045,49.2727
-56.4373,53.0840
-48.7636,51.8306
-56.9280,46.8826
-46.1976,54.2980
-54.3965,59.1662
-53.4944,43.5905
-47.8005,46.2609
-61.5897,50.5017
-52.7199,55.4534
-51.2900,53.1874
-52.6601,45.9858
-64.2030,54.3482
-53.6971,60.2842
-46.3064,54.6140
-51.5157,55.9144
-56.9384,63.1631
-46.3131,63.1098
-52.4239,64.1932
-53.0736,61.8271
-60.9742,50.6794
-53.5729,52.6667
-52.1898,39.8995
-46.2285,67.2264
-58.2287,49.9067
-57.4307,46.6554
-38.4216,52.7184
-45.5557,61.0255
-55.3775,59.7928
-49.2873,58.2035
-55.4514,56.0088
-60.1784,54.4842
-60.6586,53.8968
-46.8560,61.6592
-60.3033,45.6805
-49.9813,50.4505
-46.5791,58.5536
-57.5882,56.9165
-55.6297,60.8830
-54.7645,56.4766
-49.3761,46.8415
-52.3523,48.5157
-50.4633,50.7650
-46.9606,47.5784
-45.2095,57.2590
-53.3540,62.1812
-53.4395,48.0059
-55.6497,40.7335
-61.3809,46.4177
-60.9427,40.5766
-60.3635,54.9398
-60.6318,45.7179
-70.8773,44.8183
-51.8460,58.9015
-43.9365,50.0227
-61.7787,45.3303
-43.3144,58.1063
-53.0448,60.4978
-55.3167,49.3995
-53.3014,60.7662
-47.7997,46.4100
-45.4651,57.9621
-55.2276,49.1849
-46.3869,64.9705
-49.1774,67.0394
-65.6205,49.7799
-57.1834,48.6050
-62.9350,43.0118
-40.4134,62.0899
-54.4042,57.8404
-33.7975,69.7450
-51.4753,53.8804
-52.8836,67.2458
-48.0979,51.1342
-56.0524,58.7191
-64.7324,48.0878
-65.3392,48.8319
-60.5878,54.5412
-51.6439,45.9459
-52.7553,54.6403
-55.5797,47.3182
-47.7759,57.2421
-63.3883,52.4368
-56.4292,53.6072
-45.3131,38.1850
-49.6328,55.6664
-54.7766,53.6973
-50.2119,41.3556
-64.0170,47.0003
-60.3272,49.1276
-56.5706,53.1658
-59.7299,46.0241
-58.6315,55.0424
-49.6534,59.9704
-46.9041,50.6209
-53.6790,51.0710
-57.1485,60.2958
-50.1372,61.3740
-52.7769,58.2040
-47.5315,64.1751
-46.7329,60.4471
-54.9792,51.6990
-57.0117,45.4088
-42.5004,66.8485
-50.7924,55.8001
-58.5878,43.0268
-62.5718,46.5422
-61.1473,52.1290
-44.3446,60.5123
-55.0610,53.9789
-57.3145,62.6772
-57.2096,58.7226
-51.6708,65.5336
-34.8987,57.2383
-58.5027,47.1028
-56.4512,51.7504
-56.4800,52.4435
-58.3233,48.6511
-56.1162,51.0049
-58.6275,53.0306
-49.2480,49.0215
-46.0221,59.1789
-59.3411,47.7411
-47.1217,49.1475
-43.1791,48.8735
-58.9561,43.5779
-48.1288,34.5995
-49.2191,51.3770
-68.8000,34.7477
-45.5491,56.0546
-59.9794,48.0752
-63.8936,57.9601
-63.7608,46.1514
-49.1385,59.2575
-52.6897,59.5688
-59.0078,44.0835
-48.6572,56.1301
-54.1079,51.4233
-54.2167,50.7636
-51.3563,59.3111
-50.4348,52.6450
-59.9935,49.5693
-52.7229,38.5084
-47.1355,63.7176
-53.5612,58.3950
-64.5535,40.3274
-57.9563,49.4462
-57.9918,51.3608
-46.9578,59.0675
-56.1126,53.5531
-52.8210,60.7616
-53.8633,59.1674
-48.0158,61.7787
-44.8826,54.6221
-45.7207,57.3227
-59.2879,48.6041
-53.1696,53.0865
-64.1147,50.7126
-54.5525,52.6518
-56.2883,57.3607
-47.1020,48.8195
-53.4096,59.8969
-59.3546,37.3542
-54.9530,53.2332
-55.3776,41.7985
-58.9816,52.7381
-50.4120,47.2946
-49.1356,49.1547
-69.4074,37.7258
-54.6590,44.1696
-55.3412,58.3599
-67.2378,48.6818
-54.6192,49.1970
-44.9604,63.6127
-39.4258,52.1465
-54.5968,46.5710
-49.7566,46.7442
-50.6901,61.7265
-55.0627,52.3917
-63.9375,32.7606
-50.1597,53.0185
-64.7095,46.7079
-56.3220,48.5950
-51.6333,66.0324
-50.6326,59.8480
-63.1933,41.3615
-60.1985,46.4611
-57.5201,50.8686
-51.8191,56.9512
-58.3839,49.9042
-48.0010,64.3057
-50.2444,54.1694
-53.3303,60.5716
-44.7834,53.2346
-55.0758,54.3838
-59.9210,47.5300
-65.2383,50.3283
-56.7031,57.2915
-57.8369,42.4700
-57.1991,51.1134
-49.4982,48.2974
-55.9711,62.4798
-57.8149,47.0165
-54.5118,47.2556
-42.5567,49.2802
-49.5860,58.1479
-54.7525,49.4397
-49.8596,40.9835
-65.6844,43.3668
-59.8567,47.9130
-51.2258,62.1599
-50.6886,57.3754
-63.3910,55.8688
-56.4186,57.0185
-49.4493,54.1462
-64.0698,52.0418
-52.8525,52.9343
-49.7326,57.0931
-56.5129,49.4365
-54.2594,57.5078
-49.9136,57.0672
-59.2254,55.7042
-37.9685,60.9130
-40.5612,69.4347
-49.2604,63.9019
-59.3655,47.6136
-56.3270,35.3240
-51.1497,61.8506
-47.0976,56.9420
-56.2589,56.4894
-49.6514,63.2233
-55.1734,57.4612
-54.5206,60.5197
-45.8495,57.5958
-56.6220,54.8472
-59.1340,53.3414
-58.5863,47.4761
-62.0560,50.6989
-55.5896,45.5564
-54.9509,54.3141
-51.8542,43.4766
-59.4136,63.2650
-60.9946,51.2966
-54.8674,47.3771
-49.2140,46.1621
-47.5718,55.2033
-53.9779,48.5674
-51.6821,47.4291
-62.9696,48.0785
-55.6111,49.0580
-56.3238,57.2352
-55.7757,49.4252
-56.4534,56.7469
-51.8468,59.7108
-52.7526,51.1576
-56.7357,50.6310
-52.2913,51.8972
-49.1100,51.6066
-50.2406,52.2907
-55.7894,54.6421
-47.4947,63.2905
-50.4629,56.1761
-49.5560,55.0234
-51.1695,66.8840
-55.4454,56.1037
-59.2929,42.7783
-42.8575,52.5444
-47.5534,61.0251
-58.2664,58.7163
-49.2520,56.6853
-56.9925,56.3762
-57.2861,52.0401
-61.8458,59.9361
-53.3944,56.3507
-60.7054,49.4981
-57.7053,43.0088
-53.2426,52.7314
-60.5568,49.6196
-55.7365,54.3110
-54.7502,54.1337
-50.0316,43.0547
-58.6265,57.6597
-56.5546,38.9340
-46.0213,49.3476
-41.7570,48.4827
-55.7834,55.5689
-58.2504,43.3970
-50.6547,45.3136
-67.4643,38.0283
-57.9820,44.7092
-56.2526,60.3505
-57.5154,49.4062
-66.8796,47.7320
-50.9100,62.2967
-56.5946,44.9906
-42.8282,53.4191
-57.6355,59.6082
-45.4698,59.9008
-56.5930,58.0414
-57.9069,57.8335
-51.4922,54.9982
-48.0646,57.2717
-43.6670,52.6136
-51.2002,64.5591
-54.5194,47.7789
-55.4571,49.9096
-48.2456,51.8346
-53.5093,56.3947
-54.3355,56.2114
-42.8960,54.0922
-53.9206,57.1113
-49.9781,50.4008
-56.9765,48.6372
-50.9391,58.0924
-60.2143,46.1929
-42.5952,56.2161
-45.9077,51.6403
-59.8749,45.7383
-62.8736,53.1991
-50.5295,57.4610
-55.9166,53.9505
-62.1300,55.2118
-58.4297,49.6950
-55.0197,46.3002
-51.1005,57.7668
-58.7084,56.0897
-54.6480,46.4629
-48.6976,54.2219
-55.0078,46.3151
-57.9886,37.2020
-53.6016,48.6701
-49.9892,57.7228
-55.1332,62.1157
-50.8344,57.4393
-55.7135,54.7657
-60.3034,42.2488
-47.6631,54.5710
-54.9262,56.7488
-58.1597,46.8295
-55.2849,57.8075
-40.8009,59.1226
-52.4521,57.5655
-58.1247,55.9785
-47.4440,67.7602
-44.1463,61.7506
-61.0772,50.2263
-54.5661,50.2482
-57.7903,50.9787
-54.9988,51.6131
-56.4368,57.3819
-47.1706,57.6249
-52.3880,54.2082
-62.3961,60.6720
-53.4428,39.8176
-51.3856,54.1033
-61.7169,47.5466
-54.0231,51.5743
-53.6358,59.2074
-50.0460,44.3935
-53.2308,56.8692
-49.3917,47.9344
-39.6004,67.1155
-59.6903,57.4757
-52.9499,53.9454
-57.7562,47.0030
-51.0732,55.8719
-53.2310,56.9027
-41.8725,52.5752
-59.9167,51.3690
-54.6459,56.1945
-54.5555,59.2314
-52.8388,56.3315
-54.8882,60.8877
-52.7549,57.6275
-46.1881,56.8758
-48.2926,61.4225
-42.1269,60.6605
-51.9538,62.8542
-52.4936,48.6814
-53.4591,63.4739
-50.3167,52.4281
-60.3549,50.3627
-56.5711,49.0719
-47.0872,66.4288
-44.2176,59.3854
-56.6904,53.6907
-54.7780,51.3843
-58.3302,51.1792
-59.5346,50.1768
-56.6765,59.0960
-46.9302,63.1688
-53.6836,56.9127
-62.6036,56.0354
-60.7326,42.3233
-50.3382,56.1483
-54.4773,55.4120
-63.8625,46.8950
-52.8328,56.0853
-52.2800,50.5307
-47.5221,58.9463
-52.1304,51.4561
-47.7128,57.4744
-50.0484,56.0432
-63.5273,50.6147
-56.7947,50.5906
-52.9957,63.9041
-62.0182,38.0194
-57.5523,49.3343
-58.5391,54.6565
-60.1675,42.4300
-53.6682,53.2372
-58.3989,51.9750
-57.5530,57.8302
-49.3503,63.5205
-43.1922,59.2038
-50.6581,48.5867
-45.1609,57.1649
-59.0439,54.4744
-52.4709,45.6679
-57.0917,53.8998
-53.8349,51.3310
-50.8753,53.3773
-53.8819,43.9755
-44.0194,70.8618
-47.1504,62.1040
-66.8217,43.4143
-58.9523,50.5146
-52.8356,55.0063
-52.0960,44.8642
-56.6826,53.9633
-47.5956,55.0697
-56.2828,49.7302
-57.7451,64.2554
-50.3741,51.3153
-57.6557,49.7689
-56.7275,48.9508
-59.5223,54.6682
-61.3997,50.5351
-57.9245,42.3251
-57.5722,51.9934
-48.5374,41.1196
-53.9841,54.4005
-60.6793,48.6298
-61.8638,54.1159
-49.5143,43.0206
-56.4224,51.6357
-53.3542,46.8153
-33.7617,56.1799
-64.5856,50.6791
-57.9476,52.1536
-58.3071,66.3036
-54.9838,60.1197
-53.2398,65.8464
-46.8810,60.4534
-48.4011,58.8557
-51.5949,43.5350
-52.2498,51.7750
-48.8685,59.1094
-54.0740,48.9557
-49.2355,67.5429
-46.7124,54.9120
-41.5039,64.4374
-56.6177,48.3738
-55.0453,58.5045
-61.2332,56.7317
-52.9386,47.5000
-52.0401,43.7893
-52.5039,55.6329
-51.9309,63.9438
-46.5256,64.4822
-68.0398,43.4082
-49.6009,56.4737
-60.1530,48.1738
-54.3571,60.8476
-66.1683,41.6749
-56.0539,51.1563
-60.5100,56.0738
-51.9289,64.4914
-58.4454,48.7967
-46.6818,63.6814
-44.3908,49.0921
-49.6250,60.5542
-55.4226,46.9322
-54.9509,46.7899
-48.2155,44.1423
-52.1622,49.8311
-51.7023,51.2678
-48.8846,51.7479
-60.8378,44.4563
-59.7363,53.3628
-51.2331,58.8101
-48.9167,63.8620
-56.5245,55.0066
-55.1583,57.4287
-40.2885,59.8218
-53.1056,42.4421
-51.2920,54.0971
-46.6617,57.0974
-54.9589,54.6244
-55.8893,52.3919
-50.5076,49.4323
-65.5590,40.4926
-57.0174,57.9969
-44.5928,62.7828
-44.9475,56.2538
-56.4373,54.7321
-47.8773,53.4058
-46.9110,62.5669
-54.2768,55.5515
-56.6646,55.3995
-45.8670,57.2728
-51.3644,53.0442
-50.2441,62.8058
-42.9984,54.5969
-45.1095,62.8293
-57.8749,56.3979
-56.4324,51.8755
-61.9720,56.5310
-62.4925,44.2480
-52.0473,64.8616
-48.0853,48.3010
-53.7349,57.3262
-60.0852,52.9953
-57.6616,50.2651
-53.8949,45.7773
-52.0001,50.2735
-55.8114,56.1075
-52.1465,50.3302
-60.4259,49.7811
-53.6839,49.9687
-42.3769,64.1547
-63.7405,60.0128
-48.2861,53.1489
-55.6754,37.7708
-41.4812,49.7434
-52.6197,45.1669
-45.0791,54.1164
-51.0702,62.6879
-52.9058,45.1002
-51.8169,57.0202
-42.9109,57.5217
-48.6106,52.9044
-58.5451,42.8962
-44.7832,65.9834
-43.2195,55.6884
-62.0338,49.3496
-53.2434,52.0031
-48.4591,51.0407
-53.1018,60.0938
-55.7851,59.3543
-50.4084,59.5961
-51.2904,65.1664
-56.8375,61.3923
-41.2049,59.4903
-55.4963,52.0622
-60.8169,49.3924
-54.7105,51.4642
-61.9229,55.2587
-50.7484,61.5474
-52.1019,56.4476
-49.6394,47.7092
-43.5499,57.1280
-53.1892,51.0332
-53.0115,51.1218
-49.2107,40.1981
-45.2381,63.6528
-56.5554,50.7773
-43.1100,46.1041
-61.9559,56.1447
-57.0649,49.3499
-61.2744,47.3313
-55.4837,56.2329
-52.6024,54.9430
-48.0691,56.0205
-53.1027,45.3203
-56.5231,48.0676
-62.2927,50.5585
-51.7751,57.4400
-54.3004,54.3789
-48.2272,66.2583
-58.1372,57.9646
-52.8660,54.0724
-52.7145,43.1898
-42.3897,64.8465
-56.3784,53.0460
-48.6817,48.5627
-38.8540,49.8306
-57.4923,51.9680
-40.1349,62.7529
-57.6971,55.0914
-47.3851,67.5027
-61.2495,58.5251
-57.9140,56.1922
-49.8828,56.9269
-49.5534,58.4920
-57.1788,46.8166
-61.8284,47.8482
-61.9497,59.0325
-60.7996,43.1130
-51.4985,56.2627
-51.8144,52.1864
-44.5720,59.1449
-53.5687,59.7203
-52.1974,57.0267
-46.1795,44.8056
-50.0255,56.5945
-51.7465,47.5487
-48.0826,47.1792
-61.7936,45.8976
-53.9434,51.5533
-54.3232,55.0706
-59.9116,53.7984
-41.2571,64.1979
-53.0102,57.0197
-54.3308,48.7973
-53.4190,52.5415
-48.0353,54.5378
-47.8830,64.1315
-55.1309,45.0674
-53.3749,65.1658
-47.2814,50.3210
-49.7285,65.2317
-46.6238,52.8135
-50.9442,65.7646
-48.2419,61.4837
-60.1119,44.1799
-50.0929,45.0370
-46.5162,61.8587
-50.7468,55.9964
-51.2377,58.0796
-55.9667,55.5283
-50.0273,61.7520
-59.3740,49.8483
-50.0084,51.5641
-64.0959,46.6231
-51.6295,52.9788
-51.0429,56.9794
-57.0306,52.6436
-55.6337,47.0999
-48.2051,56.7116
-51.1010,51.8541
-58.1967,62.7539
-57.0345,45.9111
-48.6695,52.3336
-48.4610,45.2684
-61.3402,49.5636
-45.0943,51.9717
-46.0280,56.2010
-67.4329,42.7609
-64.7879,46.1173
-50.7022,60.7844
-54.8058,59.6623
-57.4530,48.2195
-52.5799,62.8418
-52.6079,38.4668
-47.5574,59.0274
-56.2908,57.9731
-53.7264,49.2148
-51.1383,61.0113
-41.5021,64.7898
-57.7857,56.7204
-51.1633,60.9365
-46.8713,56.0360
-56.8732,52.2972
-55.5950,45.7032
-54.5804,45.1819
-52.8835,46.4475
-48.7944,62.6656
-55.6604,47.5239
-51.6787,55.7346
-60.8303,46.1788
-51.5915,60.8543
-59.5140,54.0778
-60.9055,59.8239
-65.7774,40.8831
-48.9461,55.7950
-56.5043,56.9709
-53.0406,57.5409
-47.9795,55.7024
-56.8697,51.4655
-51.9785,50.0952
-57.0652,59.3978
-57.0630,42.9848
-52.6859,57.9666
-43.7443,45.6618
-51.9187,57.1884
-49.9788,50.9643
-43.9864,53.9749
-67.6464,33.9755
-47.7771,44.0690
-61.2528,61.4950
-63.3417,54.3893
-53.0582,45.9424
-56.3918,62.2751
-60.4971,44.8744
-56.5155,38.5343
-60.2028,51.1124
-60.7096,38.6929
-54.9386,55.9762
-50.9183,47.3382
-59.6610,46.0780
-61.7542,51.5575
-50.1349,67.0212
-48.3879,52.1030
-58.5341,53.5710
-57.8969,43.8033
-59.0032,48.0412
-54.9575,60.1042
-50.9012,54.0417
-57.1558,53.2921
-51.2579,63.2046
-47.7999,53.8726
-48.0199,62.4493
-38.7274,66.2171
-51.1281,47.2278
-60.8249,49.7182
-49.3034,56.8901
-63.3429,45.4940
-58.1872,46.4466
-61.9951,49.0625
-49.4484,50.9671
-63.3922,48.0750
-58.3788,43.2860
-61.6938,45.6320
-46.4623,45.2696
-60.3530,36.3811
-57.9854,45.0904
-55.3659,54.2190
-56.1531,41.9971
-41.6221,58.5221
-56.1877,60.3811
-56.7028,53.8906
-45.9254,52.8973
-54.7700,60.4249
-39.5970,52.3552
-47.6655,48.3775
-56.8712,48.5704
-52.3204,53.9722
-51.2509,59.1248
-52.9999,51.1702
-47.6761,58.7251
-49.2178,49.4240
-57.5660,44.6354
-44.9352,64.2235
-55.4468,58.6712
-54.1771,44.8720
-51.5134,45.3549
-50.4778,66.4198
-49.1129,50.6343
-58.7131,48.1087
-55.8553,60.8896
-44.2353,55.0893
-51.1890,61.6404
-46.8580,54.4424
-58.5289,44.9810
-58.8487,46.4454
-55.5315,54.2448
-52.0011,52.2781
-51.3261,56.4271
-58.5096,51.1073
-44.8602,53.5603
-46.6692,54.9674
-46.6671,54.2880
-54.5294,54.2553
-43.5449,43.6107
-47.0706,55.6798
-61.0937,39.7346
-56.7172,55.9802
-54.5545,45.1435
-50.4034,53.0917
-55.5762,55.7709
-65.4705,43.9156
-52.3777,44.2043
-47.2403,50.7502
-51.5296,58.5006
-48.0374,55.8853
-55.8475,53.9243
-51.7808,47.6247
-54.9661,56.6245
-53.9572,57.1292
-66.3224,39.7798
-49.3474,46.7009
-55.2831,53.3349
-43.1173,57.5822
-49.3047,57.3777
-56.9646,51.2235
-56.8299,49.1031
-47.6015,55.3920
-47.4668,51.2583
-59.8761,45.8544
-44.3759,66.3283
-58.5679,53.5194
-41.5154,65.5836
-45.8641,58.6403
-37.8748,56.5736
-59.7286,48.7521
-47.2385,57.9696
-61.8094,47.4808
-55.3276,48.8790
-60.9960,50.6646
-53.9906,44.5972
-57.4623,49.7163
-61.4845,39.1193
-51.3306,50.9296
-43.7429,48.6758
-57.0073,51.1078
-65.7489,45.2184
-58.2133,54.3847
-51.0470,46.1670
-53.8437,53.8112
-50.3920,54.6252
-60.8231,51.8412
-44.5861,48.0334
-44.5034,48.1076
-53.4320,59.7415
-53.6619,48.8377
-46.8170,56.7708
-47.3684,63.2762
-60.7071,52.2668
-62.1999,43.8324
-48.0976,54.5302
-51.3702,45.2441
-44.4374,56.6121
-42.3502,62.2677
-39.9332,63.3560
-60.2934,41.3617
-58.8540,52.2487
-54.6468,48.6321
-44.6724,57.6637
-62.6465,48.9301
-46.5326,65.2468
-60.4153,53.0293
-45.2743,63.2373
-43.6409,57.5343
-48.1382,48.4844
-53.5620,53.7289
-52.8766,49.4744
-63.3649,43.6008
-56.9821,43.2099
-63.2735,46.2805
-47.3906,42.9194
-47.6848,51.2689
-60.4924,49.8263
-55.0287,55.5817
-45.7824,45.7187
-57.2101,51.4975
-47.3794,55.0349
-55.0463,55.4514
-55.4615,44.4392
-50.6087,54.1149
-53.2597,52.1315
-62.8946,53.7435
-45.4916,49.6989
-44.7613,58.9541
-61.7561,53.0820
-49.4144,48.3530
-61.1330,52.1279
-56.4337,43.7390
-51.0084,50.8316
-50.4340,55.1709
-48.2645,63.3318
-52.8233,44.3931
-52.1602,53.8189
-54.5654,60.1424
-58.2135,46.1695
-53.4912,42.0022
-52.5372,51.6507
-46.2662,61.6063
-56.4383,47.8193
-51.9019,50.7119
-63.2146,51.9038
-38.6650,49.1979
-57.2300,59.0346
-55.7498,62.3133
-66.1670,39.7334
-55.9675,49.7614
-56.7370,59.8732
-49.9003,48.7290
-49.0351,55.7979
-53.8269,54.3536
-44.8049,59.3532
-64.4000,46.6144
-47.8144,56.4476
-57.1052,55.0704
-52.3957,48.8053
-57.4441,45.7187
-53.3521,53.9830
-39.0293,62.4190
-64.4022,37.8730
-45.0754,50.5379
-45.5014,43.9251
-52.7923,60.9920
-44.6770,52.0834
-51.5852,60.0372
-54.0398,58.5971
-52.0456,52.9219
-60.3276,51.7493
-45.5565,44.7205
-46.8850,57.7469
-37.4716,62.0478
-57.8524,53.1446
-49.6456,60.3905
-46.7792,54.3071
-58.3740,40.6475
-61.8686,41.1308
-42.9349,57.1182
-46.5561,43.4995
-33.3928,61.7464
-47.3079,45.2914
-54.5693,47.5898
-59.4720,52.6191
-54.2555,51.0431
-50.2397,55.3406
-56.2107,55.4057
-53.4112,50.0918
-52.1532,53.6769
-51.3236,56.9518
-51.4608,48.4768
-53.4628,56.7660
-50.2360,52.3177
-44.4561,58.1625
-59.7957,38.0950
-51.3902,45.5132
-60.0371,60.0354
-51.1738,59.6403
-53.4317,50.4954
-51.0286,55.9482
-55.0646,46.1076
-46.5527,45.6944
-42.4843,59.2040
-49.0639,54.2886
-57.2181,55.2057
-48.2713,52.9666
-51.3401,54.9175
-63.0464,43.7119
-54.6337,60.0472
-59.1720,54.5310
-47.8849,47.9921
-50.6034,52.9644
-39.8880,62.4941
-60.9869,48.3542
-47.3427,56.1744
-50.7699,56.5693
-61.7745,54.2205
-59.8965,51.2820
-52.6458,59.5182
-46.9346,59.7574
-52.4655,42.4339
-65.9787,52.4594
-49.8816,60.4288
-50.3915,63.7031
-52.5030,52.7315
-58.7588,61.6481
-54.6356,50.6407
-60.4579,46.7728
-56.8897,63.4467
-55.5452,45.7509
-55.2144,56.3521
-49.9485,47.4647
-51.2445,48.6805
-54.6852,53.9790
-50.7466,52.7402
-64.3107,45.5610
-47.9259,59.8787
-50.5956,54.1082
-52.6886,52.3258
-58.0331,60.4906
-53.2768,50.2214
-61.2342,58.8231
-62.2268,47.8250
-50.1154,50.8816
-48.8727,63.2733
-64.4355,48.6107
-50.9625,58.3344
-55.5805,49.8014
-58.8116,48.6032
-53.9037,56.5576
-49.4624,53.6704
-56.8514,49.6939
-54.8613,56.3031
-45.7408,58.5267
-43.1061,49.8770
-60.4267,38.8346
-51.8182,61.8592
-52.4883,59.2452
-50.8289,54.2856
-41.6118,56.4689
-53.8248,41.9245
-53.8460,60.0679
-49.5968,58.8483
-49.3493,58.9662
-55.0462,57.2919
-58.3970,51.3262
-57.4249,42.1182
-66.4865,48.2663
-58.2134,57.1184
-55.5788,47.5121
-57.7707,53.0539
-54.2462,46.1247
-43.7550,56.5789
-51.3020,53.3734
-50.9874,50.2978
-56.6817,55.6502
-50.1738,56.8785
-41.1960,62.9572
-48.8204,58.4320
-57.7276,47.4378
-48.8737,56.7405
-61.5738,51.6633
-61.3264,52.9309
-59.4561,64.7347
-48.3929,65.2982
-61.4115,46.9374
-61.9933,61.0778
-55.5351,58.4361
-47.6497,53.9937
-48.1405,57.7455
-49.5911,55.7666
-55.1662,54.1514
-46.5081,67.9538
-55.9471,53.2422
-52.5453,49.5218
-59.5078,47.6809
-54.7927,60.3205
-54.9177,48.1088
-48.5407,50.3431
-38.1959,59.9109
-56.1908,47.4399
-45.8241,54.6679
-49.9167,64.5939
-56.1816,58.7033
-38.9629,61.2392
-51.5148,56.6742
-64.6371,52.5008
-65.9291,39.1263
-58.3746,51.5990
-62.2346,59.6778
-51.6155,46.7602
-46.0216,64.1153
-51.7615,46.9925
-50.2082,59.5177
-63.3987,45.0730
-58.0995,44.8586
-56.8570,58.7126
