32.8724,31.5175
42.0819,34.4775
-6.6068,-16.0725
-17.5571,-13.6688
-30.0569,-21.5574
-67.3288,-54.0761
6.7193,10.3536
27.3867,34.8837
32.7825,23.5489
24.8358,20.5212
39.1389,34.3897
23.5437,25.0049
31.1234,19.7000
-32.5997,-44.0896
-4.6947,8.4713
-30.1124,-26.1416
-4.5215,13.2457
-20.8397,-22.2753
-39.8102,-23.3543
-4.6118,-3.4330
-13.6652,-8.1833
20.9438,17.3910
-42.9499,-19.3770
-20.2976,-7.5001
25.6245,34.8536
19.3804,15.8792
-45.7326,-25.4171
-11.9989,-32.9778
55.3762,39.2541
-39.5685,-27.6163
-64.5542,-54.2751
-59.8355,-57.4089
-66.1442,-56.1577
-64.1661,-45.8750
-49.5548,-67.5693
-59.5928,-55.7773
-57.9344,-48.9609
-72.2235,-51.0606
-21.5830,-17.3606
-14.8438,-25.2453
-44.9779,-46.8029
-13.4171,-12.8585
-31.4284,-32.0808
30.4463,42.7703
28.5629,27.5878
10.7010,1.7958
38.1481,40.4147
9.7829,11.7067
-1.3784,1.8102
21.9539,-4.6664
47.1813,59.3339
53.2807,75.5991
60.9346,39.6362
58.8439,64.1455
11.2504,33.1640
-46.5966,-52.1826
36.7753,42.8449
12.8248,25.1296
38.1164,22.2407
-22.1686,-8.3463
25.0944,36.0482
21.2746,9.2897
21.4128,23.4652
14.0682,28.3446
-16.7697,-22.2911
-52.0632,-39.8874
-48.8857,-49.7966
-42.3544,-46.1466
-10.5125,2.3844
18.4554,10.9505
-38.4853,-18.7300
3.2741,-8.1574
20.7414,28.6418
-5.4078,-9.6686
-19.6374,-24.7629
30.2602,34.5907
55.3926,60.9433
56.7821,63.7355
54.8894,61.0205
49.1598,50.4559
17.7359,26.2634
25.1726,26.6249
-24.7500,-25.1463
-43.1744,-32.6003
-23.3595,-25.3724
27.1294,29.8697
36.9704,14.1505
33.1256,42.6438
-16.1233,4.9813
-0.2028,14.5703
-12.5092,-7.7716
32.2611,32.9589
50.0926,50.0448
16.1541,6.5984
9.8869,20.6858
-7.3651,-17.6627
-24.3878,-18.8445
2.8498,11.2328
-20.4944,-22.1466
-25.1851,-36.4602
32.5427,23.8295
38.8230,35.0683
21.4604,14.5345
26.0728,28.1067
-31.2100,-44.1873
-37.6597,-25.8627
-35.9976,-31.4291
-61.8156,-48.2570
-53.7130,54.6860
-52.1507,48.9066
-51.2237,49.9145
-57.0590,46.9323
-57.7905,49.2121
-57.2202,47.2133
-41.7097,52.8608
-49.8671,55.6731
-58.3665,47.9045
-57.0512,53.7550
-54.1760,52.0241
-50.8605,48.8692
-63.3616,43.1626
-57.3161,47.7349
-56.2653,58.8130
-50.8440,44.2565
-64.6505,49.8479
-44.9243,61.2792
-45.5052,54.2766
-50.5793,57.1389
-41.9693,52.6261
-56.0434,54.2880
-52.1537,58.8225
-49.0871,55.7717
-53.6439,56.4714
-52.5474,52.8805
-48.3908,53.3121
-55.1367,44.9156
-69.2693,43.3973
-56.6521,52.1290
-56.2650,52.0407
-43.3186,65.2033
-45.8700,46.0971
-65.0691,48.8499
-60.2681,61.9283
-61.1542,52.5415
-51.0845,57.6924
-35.8745,60.7090
-58.5496,52.7061
-54.5617,42.8857
-29.5256,59.2880
-56.3538,48.0821
-54.5985,57.6130
-58.9975,51.0668
-52.7835,55.9088
-62.0589,49.4060
-38.8292,54.0613
-57.4480,55.2476
-45.1370,52.7763
-55.5624,60.8953
-39.0509,55.6168
-53.8293,55.6952
-64.5060,40.1397
-54.7382,56.8427
-51.9414,57.0806
-63.3575,46.2356
-53.0585,48.0423
-43.1061,50.3254
-50.8469,52.0266
-48.3228,57.0829
-47.9343,50.5528
-48.0305,59.5187
-40.5652,58.5362
-48.5415,58.7057
-48.5338,61.4127
-57.5138,59.0636
-52.0795,54.6258
-52.4445,45.4722
-61.2768,48.4484
-51.2980,57.1741
-52.1584,54.7199
-47.0097,64.6065
-37.2917,52.3534
-61.0553,56.5239
-58.4844,44.5105
-51.5577,46.9297
-49.9480,64.2597
-30.2072,62.1854
-62.2280,46.2022
-56.2055,45.3894
-56.2338,55.5109
-57.7413,53.7803
-51.5400,58.8623
-49.6948,58.1942
-50.8822,54.6992
-57.1975,51.2927
-35.7214,52.7200
-45.1032,63.4231
-57.9303,50.7571
-62.6248,56.5569
-51.8719,54.0627
-54.2713,53.4288
-57.8290,42.5957
-57.8514,50.7184
-60.8341,49.6378
-56.3387,40.7912
-65.3418,41.7231
-38.1604,65.8312
-43.5660,56.2731
-52.3292,57.9728
-45.6310,63.1275
-33.4250,59.1433
-53.3483,57.7749
-61.5012,49.8722
-52.2680,55.6181
-51.7801,61.0479
-50.3879,50.6916
-55.2509,49.7221
-61.4515,48.1495
-48.3717,59.0575
-55.0528,46.9177
-45.1910,60.4726
-35.9378,44.8329
-61.2186,45.6693
-59.0540,48.5434
-57.0894,55.8287
-57.7939,56.3267
-40.9836,59.5683
-62.1003,49.9668
-57.5572,50.8931
-47.9962,57.0429
-55.2031,56.4288
-49.5717,51.9509
-54.4885,49.1349
-55.9769,46.6603
-59.1066,52.1188
-50.0004,53.0114
-44.4215,61.5274
-40.7974,51.3034
-46.4226,47.6082
-54.1460,60.5713
-52.8123,58.8096
-63.0237,37.6663
-52.1394,56.1819
-46.1433,60.4427
-57.4895,58.2944
-53.6192,54.1911
-49.6091,55.7997
-50.5986,46.3264
-43.9285,54.8203
-64.3355,52.9300
-63.6627,51.2237
-50.4161,58.5338
-49.5988,58.6318
-55.1658,55.7294
-58.9489,53.9295
-55.7865,51.1437
-49.7237,55.9560
-61.0991,52.6786
-60.1084,56.4138
-46.6539,53.2653
-49.2649,47.2195
-52.0858,48.8531
-61.0332,54.2087
-59.5489,49.5766
-59.8049,55.6472
-49.8003,58.2109
-35.6969,52.6861
-56.5112,47.1223
-53.0144,46.0577
-61.5361,46.5192
-60.9133,55.9146
-52.3301,60.4033
-61.1419,54.9748
-58.7849,52.5053
-61.8703,48.7472
-39.8601,51.8811
-40.3064,67.1129
-42.7535,55.0028
-58.1768,47.7334
-31.3990,53.1971
-59.9759,56.3106
-67.9674,43.2868
-58.8064,56.7251
-51.4823,55.5023
-55.0484,58.0814
-61.0863,50.5455
-45.5605,61.2307
-56.7444,57.3823
-43.4594,60.5804
-49.4279,54.0689
-63.5143,54.2072
-55.5983,57.9799
-51.8851,56.0418
-44.2796,57.5744
-49.1895,49.1177
-47.6923,49.2933
-51.6937,51.3215
-67.7947,42.9121
-60.0674,58.1900
-52.3222,53.3701
-46.3042,52.2061
-49.0314,44.9423
-61.5844,55.3568
-58.5582,49.8328
-53.8574,58.4077
-57.3616,52.3693
-38.4338,50.4850
-60.9538,49.5727
-57.6674,56.3178
-53.4870,48.4326
-53.5983,53.0469
-55.0305,56.5549
-50.5643,54.0982
-48.3679,57.7668
-64.5620,43.7569
-46.0260,58.7320
-57.5593,44.5475
-46.9621,53.6324
-52.1769,50.8184
-61.2923,53.3125
-51.7370,58.3651
-66.8570,52.5151
-57.0230,38.8497
-33.9779,57.8448
-60.9078,51.4046
-52.8596,57.1197
-51.7632,57.8932
-51.7818,58.8158
-48.8611,49.2585
-54.9864,44.0694
-58.0473,54.8451
-56.1535,57.6878
-46.3159,59.7131
-49.5351,54.7465
-50.2475,55.3014
-53.4858,51.3129
-54.2296,55.7240
-58.6875,52.9064
-57.0417,53.9653
-50.2859,55.5271
-52.8301,46.2596
-54.7935,52.5685
-59.4584,55.3566
-57.4305,56.1482
-62.5942,46.2972
-47.2679,58.5737
-37.6434,52.2223
-61.9034,41.3703
-55.1380,43.4373
-56.7937,51.9116
-58.9273,53.5263
-50.7032,56.3155
-60.9733,58.5105
-59.3935,55.5800
-55.7633,48.8881
-45.1630,48.2909
-57.2808,56.7838
-46.0549,53.9462
-51.1296,56.4237
-49.6364,52.4433
-46.5667,60.0866
-67.3340,38.7375
-64.9186,46.3209
-51.8564,56.3597
-64.6725,48.6088
-57.1836,49.2633
-38.7729,56.2707
-38.5524,61.4815
-47.7272,60.8179
-47.2730,49.3286
-50.2378,60.0715
-51.8608,59.2210
-54.5657,54.8341
-41.1607,59.4107
-51.0368,53.8888
-43.6666,55.1469
-51.4305,50.2240
-75.4409,38.4073
-50.5745,56.4959
-62.1157,51.3986
-43.6756,63.4968
-49.8047,46.0182
-55.1181,56.8138
-67.1432,42.8069
-58.8194,57.0775
-53.3661,55.7688
-34.8475,60.8231
-57.8906,47.0474
-55.7182,37.6827
-47.5774,50.7632
-58.4563,51.5857
-47.2167,61.3206
-51.8145,55.1573
-47.3928,51.9262
-52.4445,54.9666
-63.3000,34.0635
-54.9205,56.9514
-49.9779,51.7208
-61.4479,56.2297
-50.6730,50.1108
-57.3193,56.9582
-57.7257,42.5781
-56.5022,57.8785
-63.5563,48.3922
-65.8154,47.1139
-52.4858,51.1884
-38.7872,59.1901
-57.6278,49.3310
-51.4825,59.8302
-41.4628,46.8199
-48.4969,54.1437
-50.7831,53.9262
-51.1052,54.3125
-53.0640,60.7192
-57.8331,63.4120
-47.8715,60.1549
-58.3172,51.0361
-54.1678,54.0438
-51.3321,52.1245
-47.6873,61.5198
-47.9231,49.9826
-58.1234,40.0908
-47.7947,46.8567
-55.6096,55.4808
-61.2704,42.4318
-50.3330,60.2598
-52.1839,59.8923
-46.3271,53.2613
-53.8424,52.2090
-50.0055,57.8942
-63.4598,47.6093
-50.6617,51.1946
-49.5938,56.0900
-46.1577,51.8400
-54.5293,61.2574
-49.5637,53.9703
-49.8613,65.4095
-65.8062,42.7062
-50.0669,57.1198
-60.9008,55.8019
-52.9833,50.1254
-44.2251,51.8687
-57.1693,61.3853
-62.4372,50.7185
-57.8230,51.2672
-58.3223,50.1202
-56.3860,48.3916
-54.0834,56.5672
-56.3995,52.8726
-50.1925,52.1338
-53.3780,50.5499
-51.1923,43.0786
-53.0677,54.7459
-63.2875,56.0744
-56.8757,57.1088
-57.4694,51.4006
-50.6841,50.2986
-43.2004,55.8243
-50.8535,54.7394
-58.5780,59.0153
-53.6048,52.5500
-59.0700,49.5558
-50.1834,52.9230
-53.5617,56.3494
-58.8126,48.2539
-57.6176,51.4389
-60.0760,62.7381
-48.4150,57.9469
-50.0223,52.9730
-50.6357,61.4979
-57.0007,55.3383
-62.5544,48.7540
-54.9135,55.5416
-47.8516,49.0415
-54.1183,60.4536
-55.6378,51.6800
-51.1485,55.7663
-60.0661,59.4783
-53.2675,56.2396
-56.2492,45.1795
-47.8837,63.1567
-42.4109,52.1041
-66.8579,52.9540
-52.0964,58.3120
-50.8109,56.6644
-55.0660,54.3242
-56.6252,48.7140
-57.9185,41.1985
-62.0996,48.0780
-46.0824,58.8120
-52.8483,54.2164
-53.0879,43.9049
-53.6010,56.9464
-67.0051,52.8481
-60.3173,59.5485
-47.9434,54.6125
-54.4010,51.4516
-45.8673,62.2854
-52.4966,57.0737
-63.2200,45.9099
-53.5824,57.8045
-66.1996,38.2561
-45.8052,55.5500
-54.3817,51.5460
-53.5198,42.6334
-54.6554,50.3269
-64.4875,49.2638
-46.3165,53.0234
-53.1760,63.9209
-47.3565,64.0632
-45.1603,49.0779
-56.8851,59.7384
-61.5860,43.8131
-56.3527,57.8951
-54.3796,59.6178
-50.6107,55.1519
-54.2065,50.2886
-67.0050,49.5025
-56.9242,55.2450
-61.5867,49.2717
-51.8115,56.0262
-50.1740,51.7052
-62.8790,43.2781
-58.5403,45.4175
-55.8906,45.2786
-55.3488,47.6016
-53.8823,57.8622
-57.8819,58.0998
-58.6017,45.7607
-49.1810,59.1318
-58.8128,43.5637
-58.2032,45.4951
-50.6486,56.2435
-61.2857,55.3584
-54.9978,60.4400
-54.6590,55.6847
-47.3798,59.5792
-56.1639,52.3671
-53.0167,48.8455
-42.4553,60.4845
-56.0431,61.4965
-52.2658,54.5954
-56.7979,52.2329
-49.2547,52.1284
-55.2726,48.3257
-52.6004,56.6058
-45.9972,70.7734
-53.5018,56.5292
-41.0607,56.6314
-56.7680,54.2169
-58.6623,38.1921
-53.7711,51.5651
-51.5033,60.7996
-48.1224,52.4568
-49.6586,63.5909
-54.3501,51.1013
-49.8370,62.9894
-56.9331,53.9846
-52.4754,59.0481
-52.7308,51.3595
-55.3848,55.2006
-55.2253,44.1190
-59.6972,56.3926
-66.8993,43.9708
-55.9233,50.1219
-61.2461,44.9253
-49.9310,51.0941
-53.1976,52.9812
-56.5702,48.2043
-39.9491,62.3864
-52.5603,49.3418
-50.6632,45.9706
-51.4463,57.8270
-61.3356,61.5959
-60.2214,60.6538
-48.6579,57.7483
-51.7788,56.7227
-52.2700,49.2656
-52.8799,53.8319
-49.5427,61.0006
-54.3253,61.1003
-61.7846,46.1582
-45.7504,47.3338
-52.3765,48.8785
-53.5834,47.7450
-55.6761,53.6742
-57.9658,60.2588
-54.5561,56.7618
-48.0094,59.8014
-56.2101,56.1982
-56.2710,50.5725
-61.6268,51.1593
-63.2386,43.1037
-43.4282,51.1252
-47.9035,58.4717
-56.1571,53.9697
-50.8387,60.9894
-58.9390,48.2517
-59.0398,60.1503
-53.4011,40.7247
-57.5440,53.8743
-54.9207,47.8496
-58.8965,57.1570
-53.7900,51.3843
-63.3135,53.8312
-58.7622,44.2118
-40.3025,46.9524
-47.6579,56.1281
-62.9538,51.0509
-47.5595,61.6565
-57.2708,38.2191
-52.8236,49.4545
-49.7850,57.4146
-58.5545,60.5525
-60.3528,58.7673
-48.8991,56.9324
-47.4003,51.4747
-37.4277,64.0581
-61.5696,53.2182
-59.8045,48.1499
-53.5900,60.2160
-49.7489,43.6847
-55.9498,47.7926
-62.4566,51.6677
-55.9601,51.4505
-54.6944,54.3956
-47.4145,54.6876
-42.6821,61.3328
-56.1971,49.8234
-55.2561,52.4719
-50.3624,47.3416
-57.3807,48.4907
-39.3375,61.2233
-47.5364,62.3623
-60.9559,52.9342
-49.0765,51.3747
-51.8774,65.8950
-58.5952,50.3338
-60.5942,58.0631
-43.7334,57.4710
-58.4209,56.0363
-46.5802,52.0029
-60.5110,50.9576
-57.5062,42.9791
-45.0978,49.7373
-56.6997,53.2341
-63.5508,37.2379
-57.3825,46.4382
-61.0444,55.1090
-56.8774,52.4565
-47.1104,59.2452
-55.9386,50.7535
-60.8349,44.6764
-56.1362,59.7020
-55.3741,55.0612
-51.7016,57.3573
-56.3456,47.1960
-54.7684,54.6683
-45.9982,58.4497
-52.5303,50.9863
-51.8665,49.3095
-47.2293,47.8409
-43.7911,48.8044
-40.1267,62.8953
-57.1248,49.7127
-51.9365,52.3935
-60.6246,59.2798
-49.4472,57.9361
-51.3847,60.8796
-64.2873,54.3840
-63.5628,53.7597
-59.4231,41.5913
-59.4325,57.7753
-56.9543,45.6440
-54.5863,49.1461
-57.6118,50.8605
-52.4363,43.5152
-56.1999,52.0576
-53.0415,49.0093
-59.7081,64.0006
-59.4973,50.2910
-44.9769,58.2751
-61.7543,54.4812
-53.1686,51.9164
-51.1054,60.2837
-54.0518,58.9295
-55.4411,52.8532
-58.4695,33.0590
-53.8985,49.3754
-59.5367,52.7366
-50.4589,48.3842
-51.0120,59.1665
-38.9237,57.4917
-58.4151,55.1309
-58.1038,50.5471
-52.1580,55.9941
-57.6930,51.9316
-49.5258,59.5409
-55.1935,53.3081
-53.3166,56.5838
-53.2715,44.6666
-55.2518,57.3999
-52.0841,50.1121
-53.8256,58.0517
-49.5553,58.5392
-56.2584,50.0920
-59.1932,43.7544
-49.8134,52.4026
-44.4085,68.8278
-62.2057,50.5696
-55.9933,51.4671
-60.1741,55.3352
-52.1924,59.3901
-52.2402,57.8289
-51.7950,53.5526
-51.1208,50.1772
-53.0668,55.3097
-56.2166,55.4410
-48.7269,57.4833
-54.5400,62.1905
-32.0833,71.0620
-57.8861,51.4731
-52.4193,54.5363
-50.2820,49.5580
-50.1639,61.2740
-54.1573,60.5758
-54.1380,56.9204
-65.1501,50.3519
-59.0744,51.5648
-61.0700,46.9818
-48.6807,58.6662
-54.1502,56.9606
-54.4447,58.9527
-45.3878,56.6935
-57.5326,40.5870
-53.0957,57.8244
-61.5290,45.2041
-53.6963,48.3218
-56.5902,54.6804
-62.6457,33.7283
-46.9456,57.2012
-49.7244,59.3377
-53.4747,52.4396
-49.7459,55.0505
-50.9830,53.5501
-51.2838,56.4742
-56.0524,45.6048
-55.7274,60.2431
-52.0758,56.0479
-47.3654,53.5554
-54.0508,46.6447
-39.2620,58.2980
-59.9581,56.5859
-62.9318,51.4931
-49.2501,55.7106
-40.3382,50.5089
-54.7217,62.4820
-54.7922,59.7955
-45.5221,60.4118
-48.7806,66.8702
-56.0767,46.5177
-58.0905,53.2509
-42.9936,66.9243
-53.6509,55.9959
-60.6003,50.5674
-44.4617,56.2847
-54.4169,49.4090
-56.8035,60.6654
-56.7249,51.6984
-57.0534,52.5711
-53.2446,61.6493
-58.6133,46.2867
-44.0477,62.3752
-42.5934,58.0468
-58.8115,48.0487
-58.2830,54.9764
-43.4376,58.9455
-69.6291,43.0568
-60.9151,45.3345
-60.6881,47.3915
-51.3266,60.9762
-54.0895,57.2530
-61.2174,50.3509
-50.9409,47.8358
-45.5519,54.6629
-55.2855,55.5666
-41.3131,56.7318
-60.0965,54.4974
-57.7805,26.8830
-53.4599,42.3643
-51.4020,55.0742
-57.5531,55.6690
-48.9175,56.7150
-55.5176,46.3916
-58.2729,47.6841
-58.3013,47.9689
-58.6495,54.1347
-43.7500,60.4203
-54.2675,47.9699
-57.7330,45.7267
-59.2708,42.3319
-62.6697,55.6470
-46.7890,62.9052
-54.9386,65.2602
-47.7358,63.4074
-51.3396,48.2204
-57.9245,42.0792
-51.8956,55.0740
-50.8515,48.7210
-58.7278,51.1940
-57.3924,47.5711
-41.2990,53.7478
-57.3935,60.3952
-55.7362,54.2085
-50.0938,58.8930
-57.9576,58.7117
-50.3130,49.5849
-61.7600,53.9143
-63.8412,46.5378
-56.1781,48.0881
-62.7376,44.2000
-47.9298,56.0516
-63.2895,52.4279
-58.7342,57.7312
-48.4864,52.4307
-53.8079,57.1167
-43.1016,56.7116
-60.0280,53.1375
-50.4868,45.8008
-50.0629,55.6890
-49.8183,57.6052
-60.5257,52.5938
-52.3484,47.2637
-56.1786,52.7935
-48.3575,52.3163
-53.8890,49.6130
-61.2252,50.7448
-41.3363,61.1535
-55.1807,45.4597
-51.9900,53.2883
-54.6907,45.7682
-57.3474,52.5508
-39.9586,56.6558
-53.2612,63.1616
-54.5228,51.6834
-53.8176,44.8533
-57.4941,47.3967
-53.7388,43.5632
-48.3441,61.6336
-62.5731,46.0385
-55.0514,56.7955
-57.3046,51.5623
-52.5071,52.5149
-57.8789,51.1683
-55.3845,48.3302
-54.7065,47.7176
-39.6435,62.8286
-36.4297,61.9403
-45.4238,49.1041
-59.4908,59.5080
-56.3614,51.8021
-61.4286,52.0468
-50.2969,52.0522
-52.9993,51.9676
-55.9476,45.1851
-51.9994,51.7708
-58.2184,60.0326
-47.0487,56.0638
-51.0792,66.7101
-52.1056,54.7693
-58.1718,61.6982
-58.0222,56.9660
-43.1138,63.4895
-40.8061,56.3075
-56.8763,52.7471
-61.1209,57.1918
-59.0701,59.7815
-59.5458,54.6489
-59.0355,59.5310
-49.9844,48.3608
-60.1891,51.6975
-54.4082,42.9536
-58.7504,53.2284
-59.2213,50.0921
-65.1073,48.0583
-58.8837,48.2099
-52.6952,51.3131
-53.0409,54.0457
-61.2183,46.7280
-45.7589,61.3602
-54.5608,40.5956
-51.8185,44.1193
-52.0294,56.5176
-60.2067,59.4255
-57.6464,55.8557
-59.5859,52.7727
-57.8454,57.5228
-52.5432,52.9112
-49.1140,50.7529
-64.8806,45.3033
-36.6444,62.3038
-57.6233,45.6593
-48.5278,52.4788
-57.3715,50.7091
-56.2417,52.2353
-62.1205,44.6378
-58.5873,60.8654
-49.5044,57.2955
-53.8199,50.8873
-46.6314,63.2329
-46.5399,54.8146
-56.8496,55.8905
-43.2005,51.2853
-42.0118,59.4927
-58.5515,48.4334
-60.8437,53.1049
-62.0626,56.9823
-41.0365,57.2227
-57.1213,47.1668
-48.8435,57.8102
-58.4628,47.4351
-50.4804,59.2910
-35.2392,64.7850
-49.1316,59.1322
-53.0413,61.8346
-40.0507,53.5178
-40.2657,47.3301
-42.5568,54.6162
-51.4672,47.2518
-59.2806,42.1363
-59.9189,42.9067
-55.6363,46.8995
-47.3611,59.4088
-51.4947,59.6590
-59.0165,57.0612
-57.6086,52.1959
-41.2641,62.1757
-61.9622,48.8234
-52.5127,46.6691
-57.5808,46.0934
-50.2182,63.1234
-51.2406,48.7189
-60.8103,52.4670
-59.1576,49.2663
-52.2213,60.9533
-53.6936,58.5165
-39.6776,63.8312
-50.7454,53.7229
-53.9753,35.7667
-47.8090,53.9062
-55.1012,48.1137
-49.8809,63.4440
-50.9637,50.0362
-47.0234,55.6345
-58.4027,48.2825
-48.2145,52.3841
-58.8652,50.9647
-39.1492,55.4907
-62.2785,56.8874
-42.6089,45.8176
-58.9583,54.6852
-62.3171,37.4071
-58.3043,55.8907
-55.5056,58.5786
-68.0795,48.2074
-55.1521,49.8177
-43.4098,51.7969
-44.4551,55.4657
-43.9300,60.3876
-54.3860,45.5006
-51.8212,45.8640
-48.5493,57.1996
-48.2703,57.3499
-48.8268,60.0117
-54.5204,65.2813
-49.4012,52.3739
-52.3294,53.2516
-67.8328,39.9331
-52.5787,55.6461
-55.2550,48.6446
-45.8505,58.9224
-40.2447,46.1338
-57.6841,51.7673
-55.3964,55.3824
-54.8906,50.3194
-57.3383,61.0199
-30.1907,61.4864
-61.5396,53.7777
-59.4150,41.2120
-52.6423,51.6661
-57.1136,52.1171
-47.0719,60.8762
-58.7084,54.2732
-52.3356,53.0410
-62.1357,56.7415
-50.8624,49.4672
-44.3643,62.4831
-48.7752,56.1223
-55.7030,54.4572
-51.0103,51.4418
-53.8520,55.9597
-65.0836,39.0372
-62.9337,50.8101
-55.0998,62.4621
-63.7787,39.4403
-56.3764,50.6884
-44.7970,60.2760
-50.7163,55.9263
-45.6390,61.0931
-51.2565,44.8979
-53.6864,58.8968
-47.9907,60.0658
-53.3136,54.6494
-49.9208,61.5274
-57.0563,57.4753
-48.5812,55.3205
-59.0352,49.0553
-59.3993,48.4055
-59.6238,51.7735
-44.8478,62.2299
-47.9238,63.4403
-46.4198,47.0946
-65.5088,54.0019
-51.7290,54.9888
-57.6737,59.7295
-54.7761,60.0278
-31.3134,60.4631
-50.2054,51.3641
-51.4446,39.0247
-51.6996,54.3241
-58.2835,52.0173
-50.4643,58.3818
-56.9784,55.4795
-57.3606,58.9087
-61.7140,41.6659
-42.5733,55.2608
-50.2423,55.5763
-34.2874,57.4457
-56.8534,49.3576
-51.6814,54.3273
-57.3989,55.0731
-64.9309,38.7739
-46.6850,61.5805
-48.3854,53.8715
-61.6522,50.2946
-45.5584,55.3093
-42.8318,52.4960
-52.4267,48.0106
-50.6026,50.3617
-58.0945,49.4041
-55.4894,57.4480
-51.9954,49.8012
-44.1292,61.8279
-47.0887,59.1075
-60.3003,53.2210
-51.3412,54.0375
-46.4961,56.8872
-48.6485,60.5300
-55.0456,50.9252
-53.2379,56.8589
-58.3484,50.6796
-56.0522,59.8109
-42.9968,62.8780
-49.1024,52.0101
-51.3686,59.3572
-57.2250,49.4286
-59.4971,49.0840
-55.4340,48.3099
-40.6952,48.4189
-51.7878,59.6652
-46.9752,59.5297
-50.7496,48.3811
-56.7218,62.4738
-62.3005,39.7832
-46.0795,63.2156
-57.8299,60.3452
-60.0221,30.4272
-54.4698,49.8254
-49.1160,47.2354
-58.9797,59.6950
-59.7150,53.2161
-36.4183,63.3289
-48.6419,54.6590
-51.5905,51.3433
-48.4996,48.9403
-48.8630,58.6338
-54.4723,54.2937
-56.7797,54.0817
-58.3128,53.0871
-54.8057,47.6728
-54.1651,52.0574
-61.6297,51.8397
-66.6157,43.4174
-57.9163,49.1875
-53.3589,53.7772
-50.6272,45.2904
-51.7597,58.0375
-44.8896,56.6378
-51.2934,52.6837
-56.5128,54.1702
-64.6475,41.8948
-53.9325,54.7833
-44.7674,53.9798
-52.7041,58.2714
-56.9358,52.3660
-60.3710,47.8409
-66.4066,53.9162
-46.0593,61.4026
-55.1537,57.1842
-53.1014,59.4969
-53.4030,54.0443
-57.6801,52.8212
-51.6772,48.9328
-48.9946,52.0963
-51.0539,55.3677
-53.5945,46.8963
-44.7935,69.0100
-54.3023,53.3230
-54.5355,55.5317
-51.2539,58.1735
-55.0872,49.8062
-58.6942,49.1338
-57.5272,61.7735
-43.4865,59.3470
-53.5170,59.2903
-54.1614,56.1903
-52.1535,54.8850
-58.5638,63.8984
-52.9516,57.3333
-51.7185,56.6786
-52.8642,52.7000
-52.5625,56.5901
-56.9592,60.5006
-49.3651,53.0274
-59.1118,46.3437
-62.3299,50.6808
-54.0937,57.5354
-59.2239,44.9838
-55.5845,49.9319
-63.2774,48.7074
-51.9577,59.2336
-48.6733,50.4976
-60.3981,50.4653
-53.0191,58.8428
-55.3011,53.1715
-50.2200,57.7458
-42.9460,54.1782
-59.6286,55.4642
-59.0134,42.4357
-55.3393,51.2685
-50.2071,53.0825
-50.9515,56.0564
-53.6461,54.6498
-49.4841,60.7309
-54.7644,52.1106
-48.3054,49.1286
-48.9083,54.0115
-46.2770,55.3547
-52.6500,48.8125
-53.1291,58.1909
-56.4413,58.3407
-63.6582,46.5771
-54.9028,49.0124
-43.8132,56.7263
-59.5046,44.2766
-46.9474,58.5344
-54.2588,60.2070
-54.5194,55.8083
-47.0451,56.7492
-59.0970,50.6894
-56.4329,61.4552
-47.6168,56.8219
-45.5302,63.0132
-43.8604,57.6210
-62.5735,40.8863
-54.2664,53.7655
-55.1053,48.0509
-63.8490,39.3372
-58.2138,53.8598
-59.9661,44.7517
-42.4107,61.0178
-46.9373,53.5057
-58.3849,55.4176
-54.9738,56.2568
-54.3532,52.7451
-60.5827,50.2245
-45.0781,52.7765
-59.8138,61.1369
-61.4574,34.8105
-54.5481,38.8951
-52.5612,53.8924
-46.8313,63.8584
-53.3333,56.9537
-60.1019,58.1331
-47.3347,50.9215
-54.7887,47.0455
-53.9853,53.9593
-49.6627,54.6941
-49.1995,53.9299
-49.2428,55.6913
-57.7382,51.6338
-61.7903,50.0981
-53.6835,59.8922
-58.8820,47.4581
-60.6160,54.9957
-47.9314,52.1924
-53.6914,47.7318
-55.8765,51.7695
-46.0672,57.3947
-53.2775,56.4064
-55.5984,53.7722
-50.5486,56.3480
-50.8818,62.0242
-45.0378,57.1010
-61.8160,42.2613
-57.5555,50.5802
-56.1650,53.3108
-65.7481,39.3961
-50.5289,55.4724
-49.4329,50.7402
-43.2880,65.8172
-40.6288,51.5817
-56.5066,51.3599
-53.3966,54.0514
-54.3222,55.8023
-52.6779,56.8880
-40.9204,64.8002
-56.1260,53.3672
-48.2151,39.7523
-38.7790,59.7463
-57.4793,49.1926
-51.4028,63.6070
-56.7795,55.1045
-51.3979,48.9967
-51.4695,54.1247
-57.6366,47.3487
-47.5722,60.1687
-52.3632,57.0612
-57.9005,59.7555
-50.4866,47.7343
-59.0971,53.7974
-61.7325,47.4196
-52.0432,62.5630
-54.9876,50.3167
-63.7928,53.7758
-45.4302,52.9741
-49.8224,52.2209
-50.4326,51.6153
-56.1720,44.8759
-63.9821,45.9365
-58.2162,53.6004
-55.6559,56.2673
-46.6573,57.7929
-53.6962,56.2503
-61.5032,51.7676
-56.8918,55.8412
-45.5883,56.1048
-58.3881,45.0189
-61.2424,49.3426
-49.4185,64.0421
-46.4485,62.2438
-54.3431,50.8745
-56.7813,55.8484
-60.6522,47.5843
-54.0146,51.0341
-51.8023,56.4054
-46.4778,61.8360
-47.9034,50.0568
-53.8019,36.9205
-51.5872,54.5375
-47.1159,52.0499
-44.1212,60.5778
-61.1075,53.9770
-53.9417,52.1343
-54.0787,50.9408
-44.7311,57.0995
-61.3154,52.5593
-32.8589,58.7626
-56.8085,43.2280
-45.1624,60.9356
-45.9002,63.7427
-58.2058,49.2752
-46.4535,58.8550
-53.1628,54.5671
-57.7947,52.7718
-41.0643,51.4204
-42.5808,59.3624
-47.0997,50.7325
-46.9117,51.2185
-53.7978,48.6486
-54.2825,54.7992
-52.0993,50.4710
-45.9024,60.2313
-46.6664,60.7804
-59.2920,53.3825
-52.2901,53.2264
-51.4375,52.6800
-67.1953,46.3344
-51.5054,52.8030
-49.1458,59.4406
-51.0359,66.5163
-52.8499,47.2551
-55.7294,50.7137
-52.8862,56.4147
-59.5829,49.5118
-50.9056,61.2803
-41.3131,60.6767
-55.1521,51.6109
-49.3228,49.3682
-61.4467,41.7920
-53.8876,55.1897
-53.6062,56.9302
-53.1035,57.3220
-55.4760,47.1353
-61.7971,51.2516
-48.7198,45.4109
-51.3189,64.0919
-53.5937,54.7522
-61.5467,60.4841
-51.3913,47.2580
-54.4518,54.9371
-59.0506,43.6361
-66.0912,49.5907
-58.6607,54.6921
-57.9625,45.0199
-62.7415,52.1770
-51.4435,59.4834
-55.0125,52.7321
-49.9941,62.8220
-47.2743,41.7713
-60.1444,48.4750
-55.6950,52.3654
-56.9349,53.2263
-48.0516,59.2355
-48.2902,62.7239
-54.9633,55.3778
-55.3580,51.7210
-53.8068,46.7943
-45.5066,60.4570
-56.1731,50.7953
-51.4243,57.4231
-41.3052,52.5541
-47.7379,47.2142
-47.1624,56.6442
-52.7641,54.4960
-55.6261,50.7061
-57.3470,60.1063
-50.0547,54.1380
-46.5385,67.2166
-60.7249,54.1676
-54.0390,53.3578
-55.2430,43.8485
-52.5158,55.0607
-52.9838,47.5860
-55.4702,50.2702
-64.0752,41.9760
-49.9553,57.1322
-49.0479,65.4574
-52.2346,50.9769
-59.0736,53.4844
-62.9219,53.0182
-58.6932,50.9227
-58.1246,56.0034
-65.8496,48.7167
-49.0472,55.0525
-59.5647,49.7380
-50.2123,52.1395
-51.8703,53.9412
-57.0140,53.2287
-54.1947,54.7853
-53.3318,49.5710
-56.2771,50.1446
-58.4380,49.7605
-49.8374,60.2530
-52.6504,58.7278
-49.3015,52.6714
-52.7466,53.7947
-62.3594,42.7237
-48.4649,56.6749
-57.8136,46.5996
-38.2384,61.0039
-41.1199,46.5434
-58.7358,50.1418
-55.9815,56.6077
-50.4423,50.6598
-55.7248,55.3108
-41.8936,51.2262
-61.7066,52.2739
-60.0971,54.5159
-57.3891,54.5887
-53.2316,50.7236
-55.4733,47.9601
-51.9184,48.6435
-58.4408,51.8196
-57.3695,52.6746
-43.1152,55.6696
-50.6592,65.1193
-57.3616,52.8245
-59.5476,58.7594
-50.5932,47.3172
-54.2940,50.8745
-57.8326,41.7607
-62.8242,44.2854
-60.8759,50.9500
-65.1603,35.3918
-60.4388,45.6412
-52.0079,54.5982
-51.3213,61.7081
-50.3267,60.4606
-41.7056,57.5548
-42.4382,61.5377
-49.5963,59.4104
-53.2958,56.3422
-48.4302,57.4614
-52.6430,54.8301
-45.5359,54.5429
-58.4251,46.6652
-70.2757,45.7886
-54.1045,58.8494
-53.2199,54.3894
-53.5021,50.3087
-40.7680,44.8619
-59.5194,52.7313
-55.8611,52.3034
-50.9398,60.6924
-54.5435,53.1889
-39.7919,52.6907
-57.7045,49.3533
-60.4034,46.9974
-56.9720,56.3128
-56.7542,45.7899
-46.8543,53.7110
-54.2236,57.2038
-51.9775,55.4903
-57.5840,57.9322
-39.5469,53.5375
-50.2199,63.7604
-54.7344,52.7779
-61.7100,54.0130
-47.4620,47.4238
-52.4520,48.6556
-58.4138,42.6582
-62.4918,51.5696
-49.1074,64.0749
-60.7537,46.0793
-65.4559,42.5305
-52.8554,50.7233
-51.5442,56.7506
-57.5453,54.0943
-48.8019,52.4896
-37.8143,54.1193
-41.5697,59.4783
-52.6310,56.1846
-50.8288,60.0550
-51.2860,62.0141
-48.3061,56.7948
-57.9630,48.9272
-66.4540,48.3921
-53.6039,53.4656
-48.4955,52.9737
-52.3171,54.1764
-40.9835,45.3831
-54.3523,54.3185
-58.9733,45.7506
-58.7539,53.4551
-52.4067,59.7503
-35.4322,61.0229
-60.4697,47.3189
-60.0408,43.2899
-56.1134,56.3735
-64.5617,51.5449
-47.1056,60.9132
-46.8830,64.5387
-48.4532,55.0396
-57.1208,57.8429
-43.7978,52.7576
-50.1266,66.5679
-60.9050,50.1936
-57.2662,59.8768
-49.5570,46.9999
-54.0620,51.9373
-60.2886,38.2481
-57.8262,55.0000
-56.6117,58.7220
-53.7559,46.3302
-67.0905,37.9128
-46.0652,53.4916
-58.2356,52.2046
-51.2847,60.0564
-39.4234,60.3372
-50.7419,49.1546
-49.3962,56.8303
-54.8213,57.0175
-50.3018,62.7307
-54.7887,62.8614
-46.6104,64.9476
-55.3792,49.7642
-62.8489,46.7517
-50.8451,48.7147
-54.8749,42.6588
-52.7105,59.9068
-49.8924,43.8646
-52.0480,59.0864
-51.1634,58.8462
-61.3149,47.6307
-51.8897,58.4410
-45.3724,64.6428
-59.4542,58.8588
-53.6733,43.4047
-45.9856,57.4015
-56.8009,47.0633
-51.6356,53.9224
-48.9726,47.6882
-47.4712,47.5187
-58.1997,50.1677
-57.8295,46.1921
-44.4484,59.2778
-54.3464,51.1840
-56.0358,53.4114
-56.9031,54.4577
-56.3553,56.5430
-54.2297,44.1549
-63.3112,57.1756
-66.1819,50.2211
-57.6304,40.3386
-63.3444,45.2020
-53.4395,53.4987
-51.1194,58.9526
-59.5739,51.0029
-45.6970,60.1618
-49.5937,43.2352
-44.9811,54.6767
-56.3425,49.1982
-56.1444,63.4665
-54.5542,66.0505
-52.2181,56.6546
-60.5781,47.2905
-45.0335,59.8276
-44.3473,51.4542
-61.7436,42.0714
-47.3410,63.9765
-50.3177,48.7999
-49.3532,48.5159
-56.8606,57.2076
-49.4053,49.3012
-59.6084,49.2589
-47.3933,58.5578
-51.7457,62.2910
-42.5771,55.8688
-51.9777,61.5721
-56.4158,40.6778
-56.5850,58.8457
-59.5817,43.0222
-47.3171,53.2412
-56.6607,52.2182
-54.6045,53.4802
-56.4235,62.9592
-63.5460,55.0615
-53.9420,57.6841
-57.7830,51.4067
-51.0955,54.7595
-49.6060,42.5725
-54.0014,59.3881
-59.6383,49.5723
-65.7778,46.0270
-59.0014,49.3169
-41.0027,49.0260
-53.6513,57.3420
-55.2776,57.4836
-52.6855,51.3991
-53.4960,48.5220
-37.5313,62.1873
-53.8511,55.8840
-46.2737,59.2402
-52.6325,62.2086
-49.2092,53.9587
-53.3901,50.2900
-64.9024,49.5652
-53.1414,56.6480
-53.5623,48.9187
-42.9856,62.9093
-43.8421,41.3175
-46.2538,54.0877
-58.5895,53.3144
-51.1642,54.1514
-57.0079,51.8754
-42.5150,54.6241
-63.3943,48.5485
-62.0149,53.7195
-49.9299,57.3654
-58.0651,43.8064
-52.6698,55.0894
-51.9056,52.2333
-48.9579,47.7760
-55.2722,56.4135
-32.8446,55.0890
-50.2126,65.8354
-56.0354,52.3447
-50.6696,62.4810
-42.7615,51.1222
-59.5015,52.2675
-61.9867,37.2070
-60.6732,55.9167
-57.4139,53.7860
-56.7481,39.7356
-65.2150,48.1758
-52.3801,58.9540
-57.2037,58.6178
-50.1455,63.3615
-41.7452,59.3865
-49.0667,51.7672
-51.7479,56.3626
-55.1153,55.8826
-49.9742,62.1356
-60.2764,60.4454
-49.6635,55.3618
-54.1497,50.2938
-59.9890,48.0920
-47.5629,59.8087
-62.6459,47.8280
-50.7305,63.8412
-51.6984,44.9808
-49.7191,44.4345
-53.0917,48.3698
-62.3499,45.3107
-56.3917,53.5288
-46.2812,59.1109
-51.6008,61.5875
-57.8231,48.7892
-60.5720,47.7833
-49.8484,52.5801
-49.1383,56.6349
-54.0794,56.5257
-52.9904,58.4566
-65.6537,46.2483
-46.5654,45.3109
-44.2490,60.9575
-50.7165,53.2925
-67.3934,50.3886
-45.1743,47.0966
-57.0545,53.7402
-61.6723,39.1165
-55.4543,52.7015
-58.5428,49.7510
-61.6018,56.7910
-40.9505,53.9769
-41.6914,47.3714
-40.9424,59.6271
-52.1870,57.5825
-45.6386,51.5196
-49.8483,49.6577
-50.3274,50.1241
-48.5247,59.7987
-53.6531,63.0083
-57.9573,59.1162
-52.6737,54.2148
-56.0759,43.4547
-50.5778,51.9866
-51.7368,55.8580
-53.3747,58.1839
-45.2362,67.0144
-53.7876,46.6357
-54.1888,55.9166
-60.5002,47.6467
-52.4303,51.1819
-52.1919,56.4295
-43.4000,63.3652
-49.6014,54.9311
-50.9513,47.7882
-53.0805,49.7308
-48.7653,55.4989
-45.5518,54.6725
-47.0042,59.0670
-49.3352,54.4886
-61.1369,45.1019
-55.6876,46.4746
-54.0642,54.6818
-36.7107,61.4417
-62.5236,54.6406
-51.7672,45.1250
-65.7800,49.3111
-59.5608,46.0525
-50.7895,56.0795
-49.1713,54.7894
-51.1476,63.0173
-42.0583,52.6709
-46.9560,45.6956
-48.8642,52.2539
-45.6800,56.2356
-45.4463,55.4909
-57.1158,50.4653
-62.8146,47.2805
-50.8009,50.9030
-53.6579,56.0141
-59.0904,51.5762
-62.5860,47.5394
-46.3994,59.4817
-39.1061,57.2782
-52.6656,43.9012
-62.4950,56.3664
-53.1338,60.1669
-59.5102,48.0593
-51.4924,55.3926
-56.5221,55.2315
-51.4383,46.9257
-51.1108,53.5782
-50.2998,66.0065
-53.7841,56.5667
-52.9735,48.3947
-47.3539,53.2026
-52.8257,62.5777
-54.7281,60.4594
-46.3073,51.0682
-33.2539,65.5058
-60.8675,51.2031
-71.1820,52.4214
-52.6644,58.0408
-50.9330,56.2970
-61.4404,59.6539
-42.6619,52.8673
-56.2849,54.3033
-49.7149,45.4728
-52.3548,53.8374
-50.7952,53.6092
-61.0946,46.7451
-53.2330,47.5964
-52.2476,48.7061
-58.3980,54.4302
-57.7516,48.4506
-40.9893,63.6067
-54.3026,43.9463
-56.8752,47.8122
-53.4581,56.0521
-58.8572,58.7756
-53.0029,64.1982
-51.7561,56.7035
-49.7501,51.4639
-37.7811,57.4233
-50.3730,53.3832
-57.0991,54.0476
-55.7710,55.7220
-58.1287,47.6935
-50.5838,51.5422
-63.0173,50.8954
-55.8903,49.5200
-57.6509,43.9082
-48.2798,64.7067
-51.6149,51.7418
-47.6443,47.3854
-47.0904,59.4484
-51.6215,54.7740
-59.1061,56.7488
-52.9143,50.5052
-48.6313,52.2616
-54.0360,61.0641
-61.1064,48.4135
-53.0169,57.3976
-46.3299,53.7550
-62.7267,60.3254
-42.3857,55.3822
-59.9394,55.7953
-57.7158,42.0261
-56.3896,53.3380
-49.5599,53.0238
-60.5414,54.1248
-45.2718,49.6240
-48.6265,48.4470
-49.6975,54.4541
-51.3087,55.1072
-49.0218,48.9955
-57.5447,51.0797
-59.0638,43.1816
-50.4241,60.6634
-55.6281,58.4718
-56.6628,53.5863
-57.3648,55.2994
-44.9347,61.4773
-44.6333,61.4760
-52.5728,57.2889
-61.8412,52.4088
-51.8880,55.0390
-51.9549,45.3946
-57.9405,46.1446
-60.9962,44.1611
-49.7644,50.9973
-52.7905,54.6389
-40.8865,69.8018
-56.2126,53.6728
-48.7370,47.9179
-51.7488,55.5955
-43.3853,59.2113
-52.6504,56.3698
-52.4834,56.3987
-38.1036,58.7676
-62.0397,52.8110
-46.1761,43.9808
-49.5645,60.9217
-55.4206,49.5436
-47.0884,64.6642
-50.5617,50.4836
-53.2559,55.4827
-58.0895,40.0526
-66.6112,46.8527
-49.2939,50.4827
-66.4678,40.4956
-60.3729,40.7275
-53.9440,49.8192
-45.9417,46.4024
-50.6087,58.3915
-40.7226,62.1313
-38.8536,60.0869
-58.9179,48.3641
-56.9583,54.0057
-52.8952,63.4977
-55.4396,67.9580
-52.8976,56.7556
-57.8483,42.3758
-54.5451,55.3521
-45.0381,54.3461
-52.6011,54.2868
-45.0260,67.4054
-47.7038,43.3868
-46.3637,51.8978
-53.8709,56.9664
-47.2535,52.5509
-51.2698,59.4262
-49.0504,51.5816
-56.4079,54.1736
-51.6833,60.7011
-54.7935,55.3760
-55.2211,49.8418
-58.0061,53.4900
-62.3388,50.2314
-46.3775,61.4707
-63.9843,52.5074
-42.8953,57.2901
-47.7620,64.2458
-55.3778,52.4619
-61.6292,62.9645
-49.1130,39.2633
-50.7467,60.0854
-62.6191,37.2787
-58.2463,57.0779
-59.1792,56.6618
-64.8478,44.5321
-60.9111,50.9903
-46.5575,55.3820
-49.2650,51.9187
-52.5179,61.4244
-44.0855,56.9951
-44.0033,50.1507
-47.3534,53.4783
-56.0408,53.0071
-50.0214,61.7137
-51.4490,62.5348
-53.5281,60.1657
-61.1667,43.7900
-62.3183,42.7757
-45.0403,56.5967
-56.2370,51.9806
-39.3852,67.4064
-48.2692,45.8809
-56.2169,46.3780
-52.4483,52.6744
-55.9337,51.5797
-58.7982,48.1718
-43.8835,61.7891
-55.3766,56.0813
-49.0199,61.6183
-49.3655,57.3978
-52.6214,47.1292
-51.1665,55.2282
-46.7421,56.6488
-51.4378,55.9604
-57.3974,47.4314
-63.5058,43.7138
-46.5261,65.1011
-57.0479,46.7446
-60.2507,58.2269
-52.3467,55.1418
-60.8808,50.9061
-59.1059,45.4402
-55.0600,58.1295
-64.4269,46.5849
-56.1783,54.1717
-54.1017,44.2359
-42.9521,50.7502
-45.6014,47.2356
-50.2292,52.1194
-58.4322,50.0738
-56.7985,48.5394
-54.6355,47.3315
-54.2470,59.7647
-56.3450,56.2281
-59.1140,50.3663
-58.4834,55.0552
-55.5769,54.1769
-44.1313,51.0838
-52.0162,55.3936
-58.7244,52.3433
-60.2652,51.3361
-52.2502,46.4191
-57.4125,49.8849
-50.3793,54.6236
-56.4903,59.2557
-51.9747,56.5149
-48.3739,66.2499
-47.5382,50.6806
-46.5960,47.3442
-47.0256,56.2120
-55.4605,58.9418
-55.8591,54.2019
-45.4242,55.7708
-49.7365,48.9514
-53.4783,52.3781
-62.8066,52.0668
-57.2445,53.3191
-49.0473,56.7122
-56.2133,56.6847
-57.9354,47.0112
-62.7559,51.0811
-59.6698,50.4906
-52.1310,61.7213
-55.7132,49.7727
-58.6068,57.8482
-43.6406,49.2900
-35.3494,52.4350
-50.6761,41.5558
-46.7488,57.8451
-48.1251,57.8356
-57.0298,48.8322
-58.4978,42.8065
-46.4118,57.9022
-53.3288,58.2761
-55.4329,52.2573
-54.4512,55.4020
-39.9812,62.1629
-46.8223,55.5925
-53.6629,57.0367
-49.1277,61.3061
-55.9951,55.8447
-57.6536,50.7353
-53.5200,53.3757
-55.5013,48.9363
-48.9436,51.4345
-54.4700,53.7193
-50.5361,67.9539
-50.8591,56.3383
-45.6716,45.3092
-47.8702,54.2007
-52.6912,57.8036
-58.9966,48.1316
-46.7812,57.1326
-42.6990,52.5839
-51.7180,54.0693
-63.9471,38.4237
-49.0174,59.4839
-55.7122,51.7715
-58.4889,61.1806
-55.7918,48.4348
-63.5085,50.3833
-54.3009,50.2819
-48.5989,52.9446
-63.5444,42.7837
-51.9548,57.3833
-50.6696,51.6962
-48.2155,52.6405
-47.9097,55.4282
-57.1672,49.4944
-49.0878,58.5409
-59.6676,48.6352
-58.9812,43.8396
-50.4679,60.1682
-63.1332,56.5226
-58.3363,58.5612
-46.2494,55.2625
-46.9704,58.5025
-37.2406,63.1357
-47.9296,53.8312
-55.6542,61.0513
-56.8702,57.5651
-50.1454,44.2308
-47.1741,58.1916
-52.0456,58.1043
-54.1901,44.7378
-46.0386,55.5805
-60.3357,59.0073
-47.3015,60.0459
-54.3968,57.2762
-46.3804,63.6556
-49.1511,51.7830
-55.2141,56.6508
-45.5611,56.8329
-47.8286,50.2239
-56.9514,57.1790
-60.3140,50.5633
-59.8117,53.8478
-51.4627,55.3980
-60.6572,56.4161
-55.6337,51.4695
-47.6873,64.8783
-42.5842,58.1383
-51.9925,51.0901
-48.0210,45.4533
-57.5722,52.6149
-53.7420,55.7699
-56.1030,53.4276
-56.2795,51.9645
-60.0912,54.2041
-56.5441,55.7950
-51.4132,54.4596
-60.3871,58.7483
-58.1202,57.1438
-52.7442,58.0336
-47.9627,56.4782
-47.5561,57.4104
-59.8218,49.2193
-39.2794,60.5560
-46.9365,59.3848
-62.6967,46.1647
-55.9908,51.6569
-57.9195,46.5833
-56.1770,52.2264
-61.8036,56.6488
-52.0804,45.3898
-50.3103,55.8820
-63.8768,42.1073
-48.6407,61.9847
-59.8765,65.0161
-50.5873,63.3593
-51.3718,50.1292
-50.9915,58.4648
-52.7475,57.3620
-48.8013,61.6448
-59.8550,50.2779
-54.2625,56.9069
-51.5067,64.9489
-58.3756,58.4365
-47.7117,63.9675
-47.0806,62.3886
-29.9804,64.6972
-52.6258,55.0635
-62.4585,52.7737
-50.9022,45.0579
-52.6030,56.5404
-53.4453,57.7222
-54.6928,55.8861
-50.6249,44.0969
-53.8627,50.9323
-55.3284,56.6833
-56.5838,54.0527
-60.3471,53.1164
-46.0266,58.6808
-61.0090,50.5397
-49.8464,50.9220
-48.4853,46.7432
-64.2949,37.5717
-57.3957,48.8506
-42.4149,52.1926
-60.0727,51.0941
-58.1266,46.6626
-56.8020,51.2819
-52.1672,55.4660
-60.6821,48.8102
-52.8258,59.4654
-52.5817,50.1120
-50.0837,47.3216
-58.6604,55.3707
-52.3658,61.1613
-53.6881,53.9133
-55.8977,49.0455
-62.2262,54.7850
-50.9829,58.5484
-49.9287,58.0187
-56.7216,56.4031
-49.9803,57.9015
-45.1406,65.0358
-56.4422,52.0863
-56.2569,55.5745
-51.5357,56.3207
-35.6817,60.4605
-55.4208,58.0629
-53.1455,54.3883
-49.3110,51.7259
-58.6859,60.0649
-55.2511,57.5339
-50.3391,57.5683
-52.8908,55.8035
-53.0636,59.4229
-49.9755,57.0274
-48.4556,60.3073
-55.3057,56.6201
-57.9111,54.4148
-45.0074,51.7325
-60.5588,38.5130
-49.6637,53.2159
-59.8831,48.0102
-51.5606,54.2436
-54.9889,52.5934
-63.0145,41.7111
-55.8571,48.8195
-52.5236,45.6601
-56.6512,49.4586
-57.1024,52.0384
-56.8468,59.0622
-54.3617,53.5678
-38.7172,52.4391
-61.8871,48.4552
-57.1408,54.9944
-60.0861,43.5531
-57.4232,48.2899
-48.2936,62.9066
-58.5037,50.1289
-47.8479,62.2765
-57.2588,44.4100
-40.5614,49.6046
-53.4088,58.0102
-45.2323,52.5292
-49.1055,56.6248
-40.3786,56.0789
-48.0737,60.2951
-62.6859,42.7603
-56.3169,51.0276
-52.2570,53.1455
-53.2293,42.8435
-62.4083,53.8488
-54.8171,56.0959
-53.7888,55.0672
-42.6567,68.2768
-57.0627,45.8270
-48.9215,56.4828
-56.9691,56.9382
-52.6367,56.4363
-47.2463,52.7172
-49.7808,54.8220
-49.9104,49.4245
-56.8505,51.6867
-60.9122,46.2407
-61.6500,50.6222
-56.2813,50.1977
-43.8111,53.7931
-32.5632,49.4691
-61.5640,52.7408
-59.0264,49.1338
-54.0244,57.9687
-51.5027,59.0549
-32.8848,60.1133
-63.1497,47.7809
-55.6196,47.2516
-51.7855,54.0898
-56.8694,50.5765
-50.0484,53.8766
-58.9291,48.4594
-49.2536,58.1092
-64.6304,50.1446
-42.5007,55.1523
-48.8609,55.3811
-41.9079,54.6689
-63.8599,53.7366
-41.1590,52.0865
-59.3821,51.8652
-61.0994,40.0850
-58.4250,58.4928
-57.8298,54.8293
-64.0478,49.8021
-56.0896,50.8129
-37.6975,55.9993
-52.8996,47.5089
-50.0917,56.2645
-42.6900,56.7601
-46.7317,57.1920
-52.1170,48.1201
-49.8770,61.7558
-54.6778,59.3205
-59.5328,53.2313
-51.3892,55.5427
-55.9357,48.7119
-54.6746,49.4660
-53.1523,51.9460
-56.9462,59.1339
-53.9428,64.9185
-49.0371,50.4838
-62.4704,51.1927
-60.0418,49.4478
-55.3318,50.1915
-52.8786,53.3121
-47.4257,62.9342
-61.0735,48.3404
-51.0651,49.5015
-54.5774,56.9489
-51.9156,47.8867
-60.5880,47.3010
-46.3275,57.1485
-53.5225,53.7932
-61.4586,49.2493
-51.2518,57.2128
-50.6778,59.3110
-47.6419,52.9621
-62.2088,57.0839
-52.5981,47.1144
-57.4853,52.1354
-55.9179,42.0130
-58.7514,55.1940
-58.8492,51.4326
-59.6818,48.0874
-60.6751,43.2644
-50.0637,53.7921
-54.0313,51.9101
-51.6082,58.1497
-41.6778,63.9353
-47.4825,45.1814
-47.5298,54.0358
-56.2633,54.9386
-53.5532,58.9355
-54.6019,65.3708
-45.1851,55.9836
-56.8157,49.3143
-63.4087,42.2855
-51.5499,50.7992
-53.4940,57.5202
-44.1639,62.6370
-42.5978,44.4567
-62.3131,55.2205
-55.5761,56.1785
-51.9252,46.7941
-53.7826,57.5945
-38.6416,58.1192
-59.6567,53.1050
-54.3429,43.7180
-46.7710,61.9684
-55.2329,46.2581
-60.4878,46.2060
-54.3850,46.3634
-49.7939,49.7161
-56.7728,54.2991
-38.6124,48.7829
-51.5350,66.4481
-64.4901,51.3654
-52.5988,51.7391
-58.2833,49.1625
-49.0828,55.6937
-59.0716,47.1103
-55.8505,51.6949
-63.9585,52.3491
-57.2351,43.7313
-66.6998,44.6988
-52.3402,55.9606
-50.3098,56.0444
-56.2067,58.3660
-59.9834,38.7513
-52.6124,50.6727
-54.7636,56.0542
-60.0344,43.1851
-52.1711,55.8147
-50.1208,53.5222
-54.3341,53.9222
-57.9578,50.1072
-60.9227,48.2003
-53.0221,62.7452
-51.4667,53.3591
-53.5770,53.8424
-46.4607,50.5474
-50.0521,54.2245
-51.9890,53.9722
-58.3625,49.6866
-57.4528,55.8082
-51.4512,55.8259
-55.4982,54.9540
-55.0598,59.0511
-55.6062,49.2115
-58.4748,46.7447
-50.0447,50.2737
-56.0484,53.4039
-62.7738,45.1543
-48.6871,62.7088
-37.3231,55.0297
-48.1443,62.4176
-64.6612,50.0129
-49.2641,63.9191
-55.4939,45.2969
-49.5955,56.2626
-46.3552,45.0309
-62.0834,49.3227
-63.4052,48.5614
-54.5295,51.7626
-67.9695,45.4293
-58.1012,50.0639
-59.1492,58.7786
-55.1653,58.2996
-51.8981,61.6130
-50.4279,48.1028
-45.2544,59.8984
-60.8644,50.0519
-60.2863,64.3280
-59.6952,59.0656
-48.9514,60.9082
-63.5010,44.6317
-53.8631,50.7865
-51.0872,60.1043
-52.4686,50.0979
-48.5187,53.1365
-59.0096,44.9446
-44.6150,53.6907
-51.0943,56.9155
-52.0992,56.5978
-55.6643,54.9229
-56.0881,53.7121
-55.3631,49.6479
-56.9186,62.2973
-53.4877,57.7548
-56.4374,44.7791
-55.6560,57.8274
-56.5213,52.8181
-59.1803,50.0523
-53.9365,56.8913
-40.7280,54.4211
-46.9552,56.6215
-65.1060,54.3968
-50.5166,53.8449
-55.0523,54.1658
-49.9954,59.3912
-42.4361,52.1122
-60.6313,52.0290
-58.7241,55.3141
-52.2758,50.7460
-54.2690,50.2775
-52.2689,52.7966
-57.4146,41.9132
-54.8989,59.1025
-56.2292,51.5191
-41.8025,62.5830
-43.9390,58.2048
-56.3239,46.5296
-58.5276,60.8113
-56.1520,54.7292
-51.1006,65.5748
-59.5662,47.3355
-54.6906,44.9879
-47.8120,60.1602
-53.8672,44.8470
-47.5073,62.1488
-59.3152,46.8110
-47.7548,46.4229
-44.5384,56.2139
-58.3135,46.9249
-59.1528,48.3098
-61.9430,57.3154
-52.9405,56.2076
-51.5965,61.2418
-53.3234,57.4046
-55.0182,59.2364
-68.2381,52.0325
-50.2880,51.9846
-45.0206,53.1727
-53.0300,54.1764
-62.8546,58.1271
-51.4863,56.0815
-54.6485,59.5643
-57.2667,52.6807
-61.2033,46.5672
-61.5513,54.9915
-49.5434,45.2448
-64.4021,46.6448
-58.7361,49.7607
-57.0375,57.5873
-54.8484,43.3252
-69.5011,33.5831
-60.7403,54.2098
-55.8150,46.0577
-56.8121,46.8973
-59.0700,49.2684
-52.3507,48.8641
-41.7078,61.1891
-64.3928,52.3253
-62.2729,43.5360
-52.7554,53.7223
-41.8954,61.8405
-43.9890,48.6355
-43.8751,60.2395
-58.7610,50.5906
-57.2575,54.7370
-57.4767,52.5764
-50.3263,53.7796
-44.5218,61.7860
-56.7152,47.3823
-56.7734,54.4622
-63.3764,65.3970
-55.3197,53.6663
-46.4778,61.0628
-60.0796,52.6554
-58.0307,60.0075
-59.2637,37.2008
-48.2029,55.0164
-49.3151,45.0459
-50.9715,49.6190
-69.3589,51.6318
-57.9868,55.4262
-55.2145,58.1753
-54.9573,58.4526
-55.6008,51.9116
-51.3094,54.8705
-48.9488,51.0159
-57.5904,44.9883
-60.5294,42.8907
-56.7925,53.6603
-56.5901,48.9317
-59.8166,55.0358
-56.7244,54.4890
-56.3949,44.2883
-54.7254,54.3401
-56.8395,45.3969
-58.5541,49.8372
-49.5968,57.9551
-64.2720,50.7438
-62.2448,49.2281
-54.8562,49.8103
-38.4946,62.8294
-50.1729,53.7820
-51.5807,52.8650
-51.1635,54.3339
-58.0031,57.5748
-63.0959,49.1002
-57.9421,49.7886
-53.8635,53.7037
-49.6538,46.8920
-50.8710,53.5651
-54.9595,62.0048
-55.0470,61.8943
-53.5291,43.8165
-50.7255,49.5902
-60.8016,53.3127
-65.0996,49.2317
-48.8092,53.1715
-50.7215,54.6263
-56.7840,46.8192
-57.2402,49.4715
-57.8273,51.9235
-53.5569,54.6686
-50.7507,49.4622
-54.5879,54.7080
-59.7017,46.7624
-57.3784,59.9564
-51.4202,59.7419
-57.3170,58.9706
-57.4832,60.7301
-58.2399,45.5010
-47.8397,60.7007
-55.7215,41.4101
-48.8067,51.2527
-66.8907,49.3212
-58.2575,49.3223
-50.4540,50.7683
-46.4765,58.6649
-65.8037,38.9043
-52.1382,51.9211
-54.4763,44.6143
-50.4386,58.9838
-59.0957,58.4271
-47.2751,54.9986
-54.2850,55.0494
-59.7231,50.7851
-47.9017,56.6641
-64.8347,54.0428
-58.4693,48.2719
-58.0648,51.1163
-53.3048,52.7447
-47.3656,43.7526
-61.7119,43.7684
-57.8608,47.6683
-55.2063,51.3723
-50.9607,56.2328
-61.5386,54.3350
-50.3868,43.2386
-57.3961,47.6305
-57.6599,51.4253
-52.8046,53.6163
-57.6226,50.0855
-42.4174,49.3419
-50.4375,51.1631
-56.9094,45.0174
-55.6729,55.7180
-67.7752,47.7953
-59.3798,39.9468
-47.9325,68.0025
-55.7212,46.7153
-55.6408,50.8975
-49.7774,60.3477
-52.8273,59.9054
-55.3413,42.2151
-55.1028,55.1736
-56.8997,45.5713
-45.2713,55.3841
-42.4715,55.2506
-64.3546,50.6013
-53.6357,60.5289
-54.9764,51.2683
-46.5545,57.6845
-44.1330,52.8959
-51.8903,60.0393
-53.2634,53.5698
-64.2962,41.8600
-55.9639,53.1577
-59.8238,55.5134
-53.0735,58.8688
-53.5484,60.7191
-48.8368,53.2398
-52.4933,43.8403
-59.2666,45.0830
-58.4601,53.4182
-55.5427,46.6826
-59.3857,45.5461
-60.3467,57.0587
-48.4039,52.8815
-54.6547,50.9318
-56.7945,45.7374
-59.7976,46.8842
-59.0401,51.1000
-55.4221,48.7032
-60.9062,46.9773
-51.5087,53.6805
-49.0404,54.0052
-55.1452,50.4630
-58.9881,37.0457
-52.2519,57.4086
-51.2169,55.5114
-60.1868,42.7403
-53.2042,63.1242
-50.4681,56.0282
-41.6190,61.4670
-57.2060,50.8888
-57.3833,52.4120
-46.1405,52.6092
-57.5681,55.3280
-65.4919,40.5038
-50.1902,64.1428
-56.5882,46.6317
-40.3753,63.2126
-59.4432,55.9213
-52.3531,52.2857
-60.9679,54.5568
-60.7312,47.2827
-55.9282,59.7505
-57.1131,54.3298
-51.8083,60.8737
-48.7317,62.3884
-47.5267,54.9721
-45.8567,54.2807
-60.2779,45.1630
-60.7299,51.2218
-52.8874,49.2615
-60.2587,58.8858
-58.5077,54.4498
-48.1834,53.1054
-50.4600,46.0641
-53.0802,50.8403
-50.2309,51.5289
-55.5187,43.8852
-47.2535,54.5185
-53.9504,60.3791
-52.3881,51.4920
-53.5161,49.9154
-64.4982,48.6769
-49.1936,49.6022
-51.2203,63.8409
-55.8651,52.3845
-63.5635,42.2969
-51.1462,64.4182
-58.1834,58.6548
-43.8422,63.6210
-44.8281,53.2317
-51.0012,62.1823
-53.9545,61.6375
-59.1237,51.5107
-54.0503,44.7148
-47.9755,54.1422
-62.0376,52.0170
-47.7244,57.3817
-69.4964,51.1019
-52.1941,55.7532
-49.0957,54.5845
-58.2544,45.5822
-48.7156,51.6915
-61.2316,55.0591
-49.6150,60.1222
-53.9875,55.7856
-52.7959,57.6787
-44.4833,48.9884
-64.5399,42.8337
-60.5813,55.1723
-55.7142,44.6687
-50.9873,51.1610
-55.4746,56.1844
-48.2778,61.7480
-54.0888,51.4477
-50.2907,52.9183
-45.1018,56.2451
-52.1552,57.7097
-50.8317,56.1103
-51.6228,60.9861
-53.2056,47.3169
-55.0792,47.8833
-58.4721,46.0266
-62.4602,54.2829
-50.7525,65.9777
-63.6796,45.6715
-58.9544,49.0633
-43.7821,54.7510
-50.0510,54.5290
-59.9842,40.9020
-43.6783,57.0757
-50.9522,46.7486
-40.8463,54.6323
-54.3075,56.4084
-51.6591,58.6218
-51.0527,65.4709
-55.7289,52.5593
-52.4268,46.9630
-69.1508,55.7570
-56.1064,58.3363
-48.7138,59.0244
-49.4036,49.4196
-34.0107,48.8664
-58.8874,47.6192
-63.1246,51.6040
-58.1920,54.4450
-53.4594,58.9257
-38.6270,54.0852
-63.2365,39.6753
-57.8273,52.6963
-62.4658,43.8455
-58.6092,53.1020
-47.2841,52.0006
-56.0432,54.7359
-48.0932,53.7975
-56.9088,58.4277
-45.8939,52.0438
-47.2727,56.7224
-62.3176,47.6899
-55.8838,56.9908
-34.9545,58.9887
-50.5623,54.9259
-59.1194,51.2736
-50.9295,52.9200
-50.7520,61.7288
-56.0991,41.1908
-64.1183,44.4659
-49.3557,65.1394
-46.1460,53.4876
-48.3069,58.9072
-55.6478,50.7868
-50.1113,56.7036
-45.7438,59.5666
-57.3197,45.9085
-48.9135,57.9582
-55.6389,56.0938
-52.4336,52.6073
-50.0749,48.4769
-69.9847,45.3345
-50.4956,56.5014
-52.4325,51.9146
-51.3779,52.4250
-31.3868,50.4055
-53.7013,55.2819
-55.7929,58.3655
-57.1355,51.3890
-54.8244,59.6058
-39.3291,57.3780
-56.1608,54.1570
-56.2459,59.6462
-58.1575,47.7106
-53.9764,51.3524
-46.6362,45.9242
-58.2211,56.3654
-51.2626,50.4558
-47.8562,57.8167
-43.9062,49.1705
-42.5857,63.6618
-61.1419,52.6636
-56.6200,46.4789
-53.9947,61.8393
-43.2549,56.7738
-49.5135,54.4007
-54.2987,58.9483
-58.4666,57.8797
-50.9922,43.9137
-54.6837,55.3153
-53.0327,52.7656
-49.9359,61.9232
-55.9888,59.5295
-45.7599,53.9016
-50.2283,55.9805
-54.9705,56.0028
-59.5661,41.8764
-53.9118,56.4395
-49.3464,58.3016
-48.9443,55.1668
-59.1864,51.8397
-55.4564,51.5012
-55.8961,54.2597
-61.8286,49.3456
-54.9341,51.0488
-54.4490,40.2506
-49.5140,51.5516
-52.4507,57.4043
-64.7149,48.9947
-57.0030,51.7310
-48.7617,58.7725
-60.5671,53.2276
-49.3871,60.1755
-60.0064,52.3748
-58.1047,49.9461
-59.3796,40.4704
-51.5417,54.4856
-57.3395,47.8313
-56.5273,58.5119
-55.7595,53.2016
-55.4019,60.5803
-65.6270,41.0317
-52.2688,58.9338
-52.6431,60.4750
-56.6418,57.2915
-53.9599,45.1807
-59.4756,59.0782
-55.7090,53.1140
-51.4328,57.2673
-55.7513,48.9934
-48.2485,54.3322
-40.6331,58.3305
-50.9343,57.4597
-45.1959,57.5002
-53.3664,43.4193
-49.4038,50.2877
-54.2614,55.3612
-62.1124,62.2841
-57.2393,60.1679
-50.1353,58.9708
-49.9842,59.5765
-46.0005,50.4539
-51.9603,60.3433
-61.7256,42.0230
-54.9339,51.4189
-55.7831,50.9667
-45.8785,47.6758
-49.8933,59.2374
-54.1053,49.2062
-53.8413,53.7302
-60.2479,63.3817
-49.3213,58.6069
-52.0853,55.9353
-48.6185,63.1028
-48.6767,57.2664
-62.2076,48.1997
-48.3035,56.8695
-49.2637,51.5319
-59.5451,54.8033
-61.8082,48.8531
-51.4330,63.5869
-60.6791,46.3267
-57.7185,57.6502
-58.1035,48.4937
-54.1390,58.5181
-62.1100,41.3272
-57.5998,57.0081
-59.9421,54.9687
-62.6488,46.7037
-61.4437,47.5819
-39.3721,60.8998
-52.7435,50.8564
-51.8909,59.9292
-46.7744,48.5617
-52.7184,56.0980
-46.5437,58.2930
-54.7277,54.9706
-56.4911,59.5613
-54.6611,61.6070
-55.9559,54.8782
-55.4659,53.8373
-52.3655,47.8930
-58.7843,50.8233
-54.0220,58.6826
-46.6185,66.0736
-48.2663,48.5917
-53.9068,52.1559
-56.5768,59.4783
-59.2593,46.4800
-56.3185,51.0842
-44.3041,62.0133
-50.2635,54.2390
-52.5657,48.5126
-51.6208,55.4606
-49.7175,56.3454
-52.1360,56.3587
-53.2838,47.2817
-57.1417,38.6809
-54.7944,53.9356
-50.9468,48.8663
-46.0111,65.8257
-45.6907,54.2320
-55.0568,59.1621
-48.1681,48.6488
-63.3500,56.4415
-61.9074,41.7847
-54.3074,50.8740
-50.2568,54.2539
-62.9062,54.9238
-43.5427,55.0340
-50.3488,52.6760
-47.7741,56.5250
-55.8563,50.7695
-41.1319,61.6433
-42.5251,60.2470
-46.8148,55.9923
-53.3327,55.1445
-51.9681,59.3958
-59.7625,61.4996
-48.0878,55.1810
-55.5882,51.6429
-45.6350,61.0816
-55.6882,45.7207
-58.5892,48.9072
-48.4676,59.1584
-49.8455,53.2880
-55.3046,53.2454
-61.8016,51.2214
-54.5472,53.0059
-53.3938,51.1260
-42.3591,55.7086
-53.1975,50.2835
-56.1724,38.3626
-40.6734,63.9656
-49.0935,50.5903
-56.2978,55.3475
-58.0939,40.7489
-41.9080,57.1901
-62.0910,48.8307
-51.1934,49.1129
-60.2728,56.2003
-51.4841,49.6325
-64.1042,49.4573
-52.0965,54.2881
-59.8868,52.5780
-52.9835,47.5995
-51.5859,61.7339
-45.8804,56.9983
-61.2191,60.2423
-44.2133,56.0606
-56.2158,48.1622
-49.1591,61.2879
-54.4718,50.5588
-42.8030,54.8823
-60.1461,50.3089
-56.4237,51.0170
-54.5415,55.4757
-56.8805,57.0712
-57.4704,55.7987
-51.2179,54.2474
-48.7282,50.2369
-43.0196,49.7075
-54.9321,46.4369
-44.7241,62.4796
-53.3688,64.0061
-59.2465,45.9000
-56.1319,57.3791
-60.8215,52.1615
-53.4999,55.1849
-53.2924,55.1878
-45.3780,54.9623
-54.2944,45.4392
-53.0986,45.3370
-49.8172,58.7563
-54.6383,52.5541
-49.7963,56.1978
-55.7030,49.8280
-49.5736,53.5897
-66.1730,49.4472
-47.8835,49.0236
-37.2233,64.9290
-46.9782,51.5507
-58.9298,56.7931
-46.5116,46.6601
-60.1821,55.8596
-63.0597,42.7467
-63.9465,47.7891
-52.1862,59.2129
-60.1958,48.9445
-64.7538,46.8455
-42.2855,64.9584
-61.0002,61.9732
-49.7287,61.4182
-45.6296,51.2683
-55.8971,50.0732
-55.6594,52.5286
-60.5694,44.2698
-44.9286,60.9909
-56.4955,54.5966
-48.4249,56.0706
-50.7928,51.7415
-60.7641,37.9378
-50.5070,52.8811
-55.1854,50.1667
-38.1086,65.7127
-37.3725,47.9491
-58.1680,52.5053
-58.3174,53.5093
-54.1221,49.5025
-57.0259,52.8201
-38.0473,60.5855
-58.0038,47.0575
-59.9321,50.8364
-51.4307,53.8676
-56.4715,51.4819
-54.8918,47.5218
-49.7269,52.6378
-46.4634,52.0751
-58.3082,61.4915
-50.2106,49.9213
-40.1368,63.0766
-49.7825,47.1394
-61.0274,54.6938
-47.4723,44.8594
-58.6487,56.7357
-61.5995,42.5664
-58.6799,53.8812
-55.9346,53.4073
-63.1605,38.7630
-60.0997,51.0930
-57.3930,54.3204
-50.1027,50.5735
-42.6780,66.4716
-46.7219,49.4783
-46.3293,58.4966
-51.2566,57.0092
-61.0098,54.1179
-49.8108,56.5648
-61.0987,51.1283
-50.2970,54.4243
-53.3337,49.3969
-60.9683,42.1784
-50.4768,53.9731
-53.8509,52.5317
-56.0453,55.7311
-43.1938,50.5413
-60.0623,42.0524
-54.3951,57.7322
-53.0250,48.9340
-53.5878,55.1246
-44.6420,63.8001
-58.7357,55.2051
-50.9878,43.6354
-49.0691,52.6514
-57.9572,49.8150
-42.1905,64.8498
-46.9098,53.6561
-45.5435,62.7667
-59.5951,52.0575
-49.9664,49.8095
-38.6356,66.2259
-54.9769,52.1712
-56.5990,52.3669
-47.2442,59.0192
-52.6425,56.4056
-59.8141,47.3363
-61.0414,49.7367
-53.0616,46.6068
-56.7666,53.0134
-59.3652,54.3746
-50.0775,64.7718
-62.2608,49.0225
-50.8501,53.1119
-49.3281,42.3902
-57.1258,55.7469
-56.9866,55.3886
-44.9521,63.3946
-56.0823,51.5167
-55.1325,45.8402
-44.3624,52.0978
-59.4234,44.5360
-49.5723,52.2123
-63.5047,44.4684
-59.7958,40.8762
-50.5513,48.1526
-53.6238,58.0133
-46.8005,56.1137
-59.2915,49.3837
-49.5760,57.1471
-53.1744,49.2663
-52.6471,46.0463
-62.5587,52.6161
-56.1687,61.5707
-50.1878,45.1024
-55.5399,48.5287
-59.1528,60.7253
-59.6207,61.3080
-60.7557,56.5173
-49.4173,53.2338
-51.2973,48.1207
-60.1890,65.5496
-58.4206,51.0236
-54.3234,51.4083
-61.7537,57.1259
-38.7799,60.8740
-56.7257,47.4676
-55.6125,54.9078
-50.2771,58.0309
-57.8300,52.1035
-56.9546,57.6153
-50.1991,50.4004
-61.6468,48.7028
-56.4646,54.2961
-49.3738,45.5691
-56.1482,58.9386
-54.1177,62.3693
-47.9130,61.3240
-46.8706,56.8148
-55.3832,39.4782
-51.2251,58.3324
-54.4830,59.6673
-49.6588,49.3425
-55.4086,48.6242
-54.3719,48.3476
-49.0281,51.1387
-52.7497,53.4886
-53.5982,51.0238
-55.5709,53.3765
-53.4935,51.7036
-51.6463,51.4209
-55.1628,41.1875
-56.9178,57.4313
-59.0262,47.2942
-51.5078,53.6613
-50.5010,57.0599
-51.2957,56.3064
-56.0851,56.7873
-56.2793,59.6820
-46.4240,54.9816
-51.7553,53.4514
-53.9804,62.0818
-61.5928,53.7958
-54.2028,48.6701
-46.6431,53.1419
-54.2605,48.1701
-51.9659,56.0843
-48.4851,64.8552
-58.4580,49.6234
-35.5433,64.6094
-54.8668,55.9770
-50.3852,56.1868
-52.6220,49.8478
-55.6256,50.5769
-51.2573,63.7538
-45.5849,59.7467
-33.2461,66.0118
-62.6277,57.6261
-48.1281,52.6373
-47.7313,64.8785
-56.6622,59.1594
-62.4694,41.9960
-62.9269,46.5361
-52.5755,59.1271
-48.4210,54.4731
-56.8186,54.1805
-42.3042,55.7755
-59.5374,50.1412
-60.4818,47.4284
-53.2833,55.5762
-47.3591,56.0506
-51.4918,48.2156
-54.1619,58.8044
-57.0737,41.5421
-51.0012,60.0405
-45.5666,58.0853
-55.4849,53.1395
-60.4757,50.1246
-49.7943,61.9597
-55.4268,46.8477
-60.1613,45.2332
-61.6304,48.4413
-60.3375,52.2084
-52.7561,63.8454
-51.7891,54.3269
-59.5698,46.4299
-54.0324,51.5546
-55.0941,58.3168
-47.1368,61.5807
-64.8787,52.2581
-55.0477,55.8028
-48.8328,53.8342
-56.4966,55.2791
-58.6831,54.4419
-54.3604,57.3394
-38.1833,57.5057
-46.3273,59.2597
-54.3899,53.6740
-51.4169,54.2543
-51.1489,61.3396
-49.8919,61.2612
-58.4431,44.5365
-47.1359,57.5981
-56.9682,55.1207
-56.2138,50.6572
-38.7581,60.3776
-42.0964,53.4044
-57.4201,49.6878
-64.7659,50.5076
-47.2614,55.7977
-52.6220,56.7007
-49.8206,48.9691
-54.5587,60.5733
-59.8354,44.8728
-47.7656,60.4233
-37.0390,59.5442
-52.9593,61.5707
-59.7027,42.6588
-46.5512,67.7517
-57.1119,50.6438
-49.0116,47.7316
-51.2723,58.2373
-58.2816,54.3562
-58.0991,58.6156
-51.5106,45.7587
-63.2857,52.7673
-42.6552,56.0693
-56.4693,55.4146
-52.0859,55.5033
-49.3062,52.8627
-53.4760,58.0043
-52.0751,55.3802
-66.7386,60.0466
-58.5763,55.9658
-47.5535,64.1984
-40.1303,52.8585
-43.1109,66.5352
-53.7035,61.6501
-53.5060,56.6330
-56.8102,49.4839
-51.4955,65.2280
-56.0804,51.4596
-45.5718,60.6599
-51.2775,49.4353
-57.1537,42.6887
-55.3274,53.3978
-51.6395,52.6673
-56.5798,51.0331
-60.1988,47.0763
-48.8704,48.4669
-46.6459,62.5601
-48.7463,49.4040
-56.6362,62.3509
-58.9215,53.3800
-47.7642,56.3555
-55.9859,47.0295
-46.5195,61.8365
-55.3945,64.3179
-55.1921,62.3283
-52.7050,53.9055
-44.4241,50.6461
-55.6280,57.4314
-46.6866,59.5668
-50.1888,55.8116
-41.2267,64.2977
-56.3532,43.9599
-54.1121,55.4723
-47.8156,66.2335
-54.2287,62.7513
-56.7759,54.0433
-52.5384,51.2776
-56.6305,49.2544
-50.8220,45.8143
-58.5819,48.3421
-51.3043,59.9596
-47.5909,56.1406
-42.8744,59.9754
-60.5045,60.0496
-46.8940,53.7536
-55.4793,49.9581
-55.6565,50.9249
-52.8863,55.2268
-60.2675,49.3681
-62.5619,54.8037
-51.2972,48.2405
-57.4498,51.8993
-40.6735,56.4277
-62.4083,53.2846
-55.5277,48.9085
-50.6061,54.1054
-52.3281,54.6740
-38.7856,53.5891
-60.7773,56.8983
-59.7116,38.1843
-49.7884,56.8631
-52.9841,51.1464
-56.7001,56.7595
-56.5458,53.6764
-60.3514,60.4607
-56.1520,56.1838
-42.4535,56.7881
-53.4145,50.1724
-58.1701,51.2332
-54.2493,59.2605
-54.6046,50.8013
-48.2854,47.8709
-50.3926,61.2169
-46.6124,60.1687
-47.8765,61.1371
-60.2916,46.4446
-43.8973,63.0331
-61.3227,43.2488
-53.0853,51.7137
-61.8656,53.7544
-53.7526,58.8130
-38.2993,58.7274
-52.5304,55.4239
-59.5231,57.8901
-49.8394,53.8882
-54.4940,52.1361
-49.3677,58.2967
-60.3548,46.2925
-49.9949,54.7786
-55.7031,53.1333
-57.5325,50.3124
-56.4860,47.8402
-59.5273,47.4666
-47.2599,56.0998
-61.0783,52.2950
-51.8561,46.6523
-48.5132,55.7456
-64.9214,44.9958
-49.7559,63.1739
-53.9865,53.5466
-42.6040,60.6425
-47.5248,52.2181
-49.2721,65.3777
-55.9859,50.6863
-54.1499,63.0598
-53.4178,50.5809
-48.1330,57.1661
-47.9153,69.2029
-64.5593,51.1874
-56.0784,63.7498
-45.9330,54.7520
-58.7446,50.4511
-54.1077,51.9719
-59.2372,55.2875
-55.5219,55.8909
-57.9667,54.0336
-51.4585,56.0263
-51.8392,55.6393
-47.6890,51.7420
-57.0918,52.0857
-44.4393,60.4534
-50.8617,48.4744
-35.9936,60.7609
-58.2076,61.5881
-62.4435,47.9224
-51.6883,62.4469
-55.4827,53.6145
-46.5852,53.9559
-56.6110,59.1324
-58.7498,60.3679
-50.7462,55.3067
-60.3504,51.6731
-45.9972,58.2390
-61.3926,52.5353
-55.2860,54.8659
-54.2232,49.8552
-50.2043,54.3125
-56.4548,44.0952
-56.2294,52.9148
-51.9741,50.2499
-48.2222,57.7021
-46.5477,52.0998
-61.9496,55.7301
-50.9658,42.0125
-54.8866,52.6151
-57.3577,51.7348
-46.9964,59.1895
-57.8572,47.9083
-53.0202,52.1543
-52.5461,64.3953
-46.8656,47.4211
-60.9241,45.0172
-55.2428,59.4763
-38.7039,67.3113
-45.9082,63.0838
-53.0994,56.6766
-56.0845,57.5474
-51.6285,58.2880
-48.9591,62.9750
-52.8984,47.4772
-43.0467,59.0271
-39.4748,61.3552
-46.2227,52.3389
-57.4740,58.7576
-63.4210,47.6350
-51.1084,66.9170
-55.5402,48.6872
-47.5392,57.4476
-49.2519,58.9309
-57.8835,54.3983
-51.5422,55.9974
-63.6735,47.3440
-48.2038,59.1726
-62.4103,50.9479
-57.4658,52.5847
-51.6221,52.1196
-57.6040,48.8708
-55.9166,55.2163
-44.0084,61.7199
-50.1399,55.9790
-60.2327,51.2934
-52.0999,60.1182
-60.8222,57.4804
-58.1200,37.4884
-51.0153,55.7381
-44.5135,55.0794
-46.6475,55.3092
-48.8414,52.9361
-51.6583,54.5346
-47.1856,55.5776
-52.8925,49.0313
-63.6216,33.7872
-56.0368,61.3490
-50.4614,58.5262
-55.7523,59.1402
-58.0452,56.0836
-52.2488,55.1883
-61.3273,42.3289
-65.9125,35.6512
-56.3956,57.7411
-59.3634,48.1933
-54.8308,57.7581
-56.3756,52.4299
-58.2888,54.1829
-45.1413,57.7095
-48.9973,58.5295
-62.7254,56.3204
-40.4991,55.9699
-70.0629,44.4178
-49.3508,56.5539
-44.7428,51.6593
-55.2401,53.5501
-47.0729,60.2486
-52.8864,56.8461
-48.4149,49.1636
-48.2314,50.9474
-57.1366,55.1359
-52.5767,44.8535
-56.3749,52.6172
-55.4902,56.8833
-65.0478,39.9107
-56.8836,47.4380
-43.9036,60.5313
-52.2424,57.7613
-65.0528,51.8749
-49.0895,52.5750
-38.8352,53.3623
-54.8634,56.8520
-54.8905,59.4499
-54.8720,50.8240
-54.6772,57.8961
-52.3923,56.6419
-47.2254,55.1369
-45.1450,59.7167
-49.0539,68.3085
-49.3683,54.3821
-58.7330,46.6533
-46.8369,55.5576
-45.1510,55.2211
-60.0909,56.3373
-51.2569,60.1729
-41.6308,56.9278
-43.8471,56.1554
-56.3130,55.1028
-56.6802,62.8101
-55.2160,66.3362
-51.0319,67.5710
-63.3349,45.8788
-53.4142,56.6060
-60.2523,60.1511
-50.0967,58.2685
-43.8780,59.2867
-55.2953,46.4307
-45.6751,52.3746
-58.5315,50.4872
-51.8504,44.4939
-52.7180,56.1136
-52.5292,48.3660
-51.0861,49.9016
-51.3477,56.1712
-53.8116,59.1043
-49.2768,48.0193
-56.9185,59.7654
-46.3597,56.0596
-52.8254,63.5243
-56.6949,56.3224
-55.3458,58.3452
-51.8160,59.9010
-61.2088,53.3069
-61.1314,59.4067
-55.9571,44.6195
-53.1748,59.1190
-46.2900,55.9271
-61.5361,50.1893
-58.3716,48.2608
-56.6933,52.8269
-56.1190,48.7008
-49.8696,53.9854
-53.0939,50.4454
-60.1587,51.6534
-52.0162,53.2001
-56.8124,48.3845
-57.8828,50.3424
-55.2094,48.3870
-59.6289,57.9001
-67.5229,47.6586
-44.5922,55.6816
-48.8977,54.5130
-38.2211,57.5449
-42.1047,47.3869
-62.0742,49.7804
-53.9907,54.5821
-58.5061,49.4851
-48.2940,55.3897
-56.1347,52.8967
-55.7267,47.4644
-47.4631,54.2316
-60.1708,53.1405
-44.8037,58.1409
-53.0903,51.6199
-46.0886,65.4360
-43.1879,49.8307
-54.8607,50.2545
-42.2804,49.3708
-52.6475,63.3808
-59.6747,57.3594
-56.6137,47.5762
-63.5571,57.8547
-58.4582,54.9790
-63.3125,63.0059
-53.5045,46.1061
-51.7425,55.3436
-47.6822,48.3304
-62.4794,57.5701
-63.3393,48.7931
-56.7596,58.1627
-57.0962,49.9964
-44.6093,46.1660
-60.7306,43.6107
-56.8965,56.6670
-49.1936,60.0623
-46.7517,52.6227
-59.2083,48.2862
-55.4301,58.5036
-60.0320,55.1895
-60.0945,52.3426
-53.2486,52.3362
-53.6745,47.0965
-35.7506,55.0317
-50.1652,46.4653
-53.3524,56.8816
-57.2611,55.5525
-65.0759,48.7330
-51.2913,55.1626
-52.8463,58.1489
-49.2916,50.6357
-54.0810,53.7024
-64.5436,54.5848
-48.4488,61.4119
-48.1642,59.1831
-48.8365,54.4633
-51.7747,60.3842
-56.0764,47.8812
-51.4541,57.0304
-49.7697,53.9580
-54.2988,54.7037
-57.5540,48.2481
-62.5265,55.8963
-45.5458,57.0823
-52.0711,43.1947
-52.3102,60.2966
-52.8958,53.0318
-40.5418,64.8136
-39.4407,42.8585
-50.0557,43.7976
-45.6344,57.2605
-51.7128,58.5115
-57.8216,52.9481
-61.6571,55.4089
-56.1395,53.7934
-45.9290,53.4500
-57.1461,53.9352
-60.6624,53.8432
-58.8801,54.8220
-52.4812,48.7125
-54.5710,43.6307
-39.5545,53.1801
-50.6402,50.1721
-35.4672,65.2934
-57.9002,45.1308
-55.8903,51.5669
-57.4270,46.0228
-59.2685,43.4101
-39.9912,62.6427
-51.6893,59.6512
-53.2345,53.0135
-58.1418,48.1268
-64.3393,51.9076
-48.6276,54.8599
-53.8901,61.6218
-58.5367,50.1033
-47.7885,55.2481
-52.0202,46.9885
-47.6721,59.0309
-55.1354,53.5412
-52.1411,61.8897
-51.8321,45.2475
-59.0863,42.4837
-54.8851,55.2165
-54.9805,43.7478
-55.1755,59.2197
-54.2040,55.3891
-35.0286,57.2559
-43.8543,54.6278
-45.9712,55.7000
-38.4148,62.6515
-46.0027,63.7097
-60.5397,47.3144
-51.4999,48.6576
-56.3797,57.8504
-59.6384,38.8410
-47.8091,59.5416
-53.3595,54.5504
-64.1031,43.8586
-47.4715,53.0060
-54.6907,48.2787
-51.4731,47.1028
-46.2172,52.3055
-45.4058,61.2994
-60.2488,49.0286
-48.8845,58.9930
-62.2759,44.2135
-62.2759,57.0073
-49.9849,56.3844
-46.2203,58.7549
-57.9187,49.6242
-61.4399,49.3009
-56.9149,50.8409
-51.1079,48.2838
-40.7632,48.0207
-57.5526,44.5582
-48.2238,59.4061
-44.8814,46.1569
-51.9046,58.5535
-51.0907,52.7401
-48.5406,55.2840
-41.7355,54.0537
-60.0777,44.3644
-32.2007,55.4950
-54.5786,46.4630
-55.9069,45.8541
-66.8667,53.5695
-59.5159,47.0222
-44.1874,61.2891
-35.2104,59.7102
-50.7964,59.1237
-31.9496,59.4215
-45.5840,51.9835
-51.5378,44.8043
-52.2217,51.8178
-58.0756,43.2115
-55.0788,53.6091
-56.4311,53.9675
-47.4668,54.3717
-52.2378,54.2581
-55.5447,51.1155
-55.3990,55.9988
-60.5665,47.2282
-44.7109,61.4176
-51.6170,49.7653
-47.4635,61.1747
-48.9676,58.9224
-52.8013,58.7903
-54.2436,58.5848
-50.3083,59.0952
-62.8033,54.0315
-60.1896,53.5779
-43.0749,57.5126
-51.7824,49.2797
-47.6582,35.6173
-52.9277,55.1830
-51.1007,53.8038
-44.1769,50.9586
-51.9377,59.2989
-55.2045,51.2451
-58.4248,50.7085
-52.7535,44.7552
-44.2186,54.7811
-33.5171,56.1564
-50.3095,52.9562
-39.8056,50.1233
-62.6337,50.8605
-63.7070,43.3415
-49.9055,62.2100
-54.8422,50.0860
-55.2818,61.1593
-41.8384,54.0162
-44.6044,50.9837
-46.4281,65.7533
-54.6031,46.2090
-62.2816,48.0375
-54.4275,52.0854
-61.0023,40.6657
-46.9238,59.2195
-49.3790,58.3904
-60.2830,48.9672
-54.3690,56.0095
-44.0134,62.0889
-52.7946,47.8118
-50.6904,50.4262
-54.1262,57.0315
-54.0184,57.7053
-53.0067,53.8801
-50.8279,61.4957
-60.8193,49.7872
-49.2859,59.0206
-56.1721,56.0750
-47.9113,60.3889
-44.0447,54.0497
-45.6800,40.3532
-53.2350,51.2251
-48.4162,55.7687
-39.7251,62.7800
-61.5613,53.1960
-56.2352,50.9220
-54.2395,49.1365
-50.5852,53.8815
-55.1471,48.0071
-31.2113,57.7998
-54.4116,43.2251
-53.6173,59.4006
-60.5257,44.9734
-54.0482,50.9611
-30.1143,64.1135
-51.5249,52.8958
-45.0095,60.2893
-41.9683,61.9739
-52.5374,47.5332
-58.1190,47.7992
-55.8639,53.4787
-55.5213,55.2025
-53.8958,56.8040
-57.1126,51.6833
-55.4114,48.4744
-50.7808,54.4588
-55.4299,44.9247
-60.1725,40.0499
-51.0280,56.8359
-43.5647,57.8466
-63.1392,46.8306
-51.1886,60.9613
-60.8663,50.0566
-53.1570,66.7033
-54.9011,55.6504
-57.9650,50.7273
-57.6143,51.2732
-58.0348,49.2961
-49.6271,52.9561
-56.6927,51.6774
-44.8170,38.3344
-51.3256,56.1760
-41.2844,59.2968
-49.6183,55.4959
-51.6001,57.9963
-50.1161,56.3363
-60.1331,50.1479
-48.0450,55.9074
-56.7402,52.5447
-45.3246,51.6957
-59.3345,54.4366
-43.8595,59.1094
-54.3808,54.9942
-60.8522,38.2435
-55.4655,56.8872
-58.7505,48.1652
-62.9062,54.8729
-46.6723,53.2427
-34.7876,54.9838
-57.5610,64.4206
-49.7761,50.4676
-50.3693,53.9831
-51.2225,55.4511
-46.9079,55.3930
-47.3387,58.0366
-48.7526,60.7409
-57.5444,54.5110
-54.0950,54.0898
-52.6905,54.6463
-46.9264,52.0791
-51.3240,55.9698
-53.3660,60.6692
-48.6737,61.5071
-57.3539,51.4904
-53.1191,52.2477
-60.5652,51.6246
-52.3075,55.2197
-50.8464,50.6948
-38.0105,60.9310
-56.4194,47.2694
-50.6688,39.5634
-51.1577,47.9870
-57.5782,54.1951
-47.5485,59.4771
-56.0167,45.0750
-47.6720,57.3272
-64.4726,49.6560
-50.3607,52.7552
-51.4680,57.2233
-41.0707,54.2191
-61.5797,50.8800
-40.6887,53.7703
-62.2319,54.9943
-59.4048,46.0942
-43.3260,56.7596
-51.3175,57.1467
-51.5090,61.8164
-44.4725,54.6599
-44.5846,48.5851
-46.6000,41.0360
-48.7413,54.8824
-60.6150,57.7589
-56.6232,57.5545
-60.1938,43.9393
-49.3092,62.6012
-50.1310,55.8643
-55.4375,55.2446
-54.3502,52.1059
-39.7312,63.8966
-64.3037,45.4196
-52.6655,46.8159
-45.0572,57.0210
-51.7096,63.0822
-56.2796,54.4773
-54.9123,52.5072
-52.1314,52.5411
-42.3472,57.8123
-53.6841,56.7882
-37.8677,65.2257
-52.1925,51.3546
-54.1622,44.5032
-53.3127,46.5042
-44.7586,56.1787
-55.7259,55.0124
-50.3635,55.6688
-38.6276,60.8259
-60.7636,50.1865
-60.3535,51.4025
-61.8677,50.7757
-37.0415,62.9232
-55.0367,43.9830
-49.1154,56.0894
-59.1725,47.3757
-55.8462,56.2837
-37.7170,58.6884
-54.7691,58.5763
-42.5711,72.8325
-46.9800,50.1266
-59.6466,47.4412
-51.9032,46.9553
-54.6069,50.3480
-50.2653,49.2704
-55.3612,51.3033
-56.8501,51.0387
-55.8568,55.2549
-60.2642,55.7279
-61.3082,56.4204
-53.5745,54.3053
-45.0758,61.7576
-33.7091,59.6673
-49.0207,52.5178
-54.7070,60.9506
-51.0966,58.4012
-57.5309,42.2716
-53.9186,52.7253
-55.6547,56.5710
-55.8500,45.2751
-56.2745,53.5142
-50.7820,68.5827
-58.7147,51.0228
-54.9271,45.8905
-51.7228,48.1543
-53.1734,54.9946
-48.8175,59.3768
-58.7838,55.9042
-48.0789,54.1868
-58.8975,54.1258
-61.5918,52.9245
-59.8039,52.7496
-48.3171,57.8980
-51.4438,49.5729
-59.4689,54.3078
-58.1051,50.2104
-53.3954,46.9448
-60.6004,51.4449
-54.3652,45.9244
-53.6675,57.5933
-53.1993,46.1033
-47.3293,51.2075
-54.7819,50.0833
-56.0779,50.7354
-44.5397,58.6543
-49.4647,45.2024
-56.6414,39.6793
-59.6159,50.4950
-52.9497,63.1100
-57.9682,59.7442
-52.1229,52.7270
-54.3694,53.0132
-58.6589,45.0578
-45.1831,56.2292
-54.7391,54.2070
-47.1352,62.5088
-47.3922,43.8542
-57.7782,50.2723
-60.6660,51.2587
-56.4262,47.5883
-55.1071,57.0191
-41.4602,59.4037
-56.9926,48.9944
-56.8559,50.0233
-50.6072,58.3792
-50.4351,56.2617
-54.5001,53.7827
-53.7005,55.8324
-46.1922,56.1563
-54.6009,57.4107
-49.5087,45.8646
-58.4579,51.3250
-46.7386,55.3145
-62.2307,53.1558
-50.8459,44.9995
-59.0255,57.8708
-57.4625,38.3160
-57.8124,52.6703
-57.3083,51.3873
-61.6605,55.5738
-55.6328,47.5002
-52.8320,42.9567
-39.7718,63.6183
-49.9970,54.6173
-54.2483,49.0657
-56.7880,42.5255
-53.2958,49.6992
-52.1291,53.1272
-52.8858,57.7547
-60.2166,54.5953
-48.1226,60.8834
-56.9353,52.3742
-59.4038,47.2909
-53.3708,48.2009
-51.6164,56.6429
-43.6406,62.7914
-47.2919,47.9565
-58.2724,51.2819
-57.7154,55.0695
-47.2180,59.1505
-54.7878,53.7759
-39.9279,65.2456
-52.8867,50.9860
-59.9507,37.1282
-49.1610,56.5349
-50.9801,55.0116
-50.7955,56.3492
-44.4676,53.5103
-51.6812,55.3858
-58.9031,52.7908
-59.9944,48.5844
-49.9192,57.4363
-51.4863,53.9402
-61.8485,58.9414
-41.8572,47.2263
-55.1999,56.0792
-55.6356,36.5561
-56.4307,47.5959
-45.8492,56.9982
-58.9938,45.8321
-60.7380,47.5712
-43.0959,56.8089
-47.3562,49.8002
-51.2111,57.2110
-48.5602,46.9742
-44.7462,56.9785
-50.0004,55.3815
-55.8918,46.0071
-53.1853,61.7138
-55.4899,64.4061
-49.4468,54.7096
-58.4364,52.3876
-57.1376,44.9727
-56.1022,54.3155
-61.1673,46.4742
-41.6623,64.7350
-46.7318,41.2150
-57.6409,48.6776
-52.0544,52.1612
-56.6837,48.5393
-54.4309,55.8323
-43.3220,57.2770
-57.0987,50.7850
-60.8405,53.8795
-52.3368,61.2707
-53.1122,49.9712
-53.8308,47.9989
-52.1706,61.7808
-57.2678,49.7331
-52.4322,62.2743
-42.1382,52.8036
-40.3120,66.7421
-59.3119,50.7119
-53.3846,55.2274
-49.0372,46.2608
-56.1494,58.1823
-56.8739,45.2764
-57.1386,51.8244
-57.8921,55.2610
-62.6216,40.7773
-60.5762,48.8106
-40.3353,56.6750
-56.5776,59.3938
-55.4753,58.4953
-40.9123,60.4222
-47.5966,59.7737
-49.1065,54.0499
-62.0027,44.7705
-49.6271,60.9831
-54.5286,65.7365
-46.8652,61.7991
-58.8616,49.5402
-65.8342,48.5796
-47.9965,59.4893
-57.3628,54.3333
-42.3243,61.5894
-37.5958,49.2120
-56.7170,50.8979
-53.1981,59.4118
-50.0365,58.1235
-52.1291,61.9225
-38.9207,59.2436
-65.4942,45.0871
-57.6217,43.2500
-49.4667,55.9539
-50.2106,56.2952
-56.7474,53.4227
-54.0239,54.2299
-50.7257,58.5790
-59.0784,53.1739
-43.4240,45.9495
-46.9272,58.6936
-54.6595,53.8993
-55.0795,61.4401
-48.7707,45.4683
-42.0729,55.7451
-64.2943,39.1620
-65.0961,40.3053
-57.2691,53.9523
-57.5471,46.6906
-62.4328,48.7168
-55.1033,58.6513
-59.5729,39.2246
-47.5081,60.9695
-50.2232,52.3257
-50.6788,55.4124
-51.5659,59.0045
-53.5388,55.8571
-49.5971,59.2046
-53.6950,53.4211
-50.5416,52.1220
-53.8774,51.7991
-52.2394,42.5364
-56.1784,56.4205
-62.5456,46.3494
-48.1966,53.6318
-40.0394,48.6481
-50.0985,50.5986
-49.7701,56.0933
-59.0476,55.9520
-55.5876,58.3981
-45.8600,53.8119
-58.6771,46.7972
-57.3192,56.5734
-58.4542,46.5592
-60.7997,45.6463
-47.7873,59.5411
-55.8720,59.9144
-50.7761,54.6418
-57.9282,56.1975
-58.3770,42.8075
-46.2744,61.5108
-57.8720,49.9040
-58.0887,47.5112
-57.4200,51.8404
-50.6045,58.8169
