30.5764,42.3233
32.5162,23.7696
24.8619,23.4553
40.2216,41.8606
28.8805,40.1239
11.9177,34.0013
-35.3132,-33.7672
-19.4411,-31.1429
-52.6801,-60.1246
-9.6244,-17.5311
30.6337,27.2703
21.4478,28.8993
16.5500,16.0457
-33.4166,-46.3146
-58.4620,-54.9672
-57.3651,-50.7221
-37.9133,-56.7126
-52.8614,-54.1595
-47.4195,-62.1859
-41.1290,-25.5506
-22.8935,-37.9829
-51.2275,-68.9084
-46.5476,-52.1411
-27.7501,-25.1552
31.1241,38.1656
1.8680,19.7079
-42.4781,-35.9118
-12.4284,-24.1672
-28.5131,-37.9681
10.1432,23.3712
26.7011,16.8633
28.4354,26.8114
15.7120,22.8909
6.8123,28.6578
29.5885,28.4032
28.2856,21.2578
32.3117,22.4669
-12.8514,-15.5051
-15.8687,-21.5698
37.4605,34.1374
25.9030,17.6326
44.7921,29.8650
49.2185,55.5180
69.0130,56.7407
41.3311,38.4760
56.5183,62.0567
52.6551,60.7362
56.5587,43.6322
46.7201,48.5470
52.6172,56.0503
32.4905,4.5277
42.5793,39.8567
28.9564,24.5786
38.9628,41.7042
57.8974,43.7411
58.3930,53.8534
-2.2475,-4.3405
-61.0676,-53.9669
-68.8753,-45.9267
-49.6017,-49.9344
-58.5240,-56.9402
-50.8501,-68.1138
15.5591,-2.3074
25.3248,35.7475
-37.0190,-48.6133
-63.8744,-47.6737
-0.1247,16.0527
30.2620,33.4773
-42.6899,-43.5978
-44.4750,-28.2507
-62.4556,-55.7264
-48.0371,-39.6103
-55.2896,-64.8339
-41.1428,-47.2847
-56.4123,-58.2318
-63.1688,-59.6581
-52.1601,-42.8393
-55.5862,-67.3927
-41.4334,-54.6075
-48.0457,-47.0463
31.0199,46.4019
32.1894,9.8281
34.6164,45.8942
30.2830,39.9173
13.0070,33.1486
13.0400,6.3041
-20.2558,-28.2002
-4.5847,0.7942
32.6505,32.5790
36.5615,38.4210
38.8207,43.7782
31.8114,26.6776
18.8330,21.5181
21.6681,15.0187
-31.2443,-24.8129
17.5720,25.9386
35.8157,43.9530
44.1398,21.2300
62.0980,49.1182
42.9667,50.7873
48.1463,46.0701
64.0356,62.1479
61.2290,62.1582
31.8627,36.1621
-15.0568,-23.9291
-40.4795,-5.9094
-48.8498,-46.3088
32.8776,31.1461
3.0044,0.5592
-37.8635,-48.2617
-40.9060,-38.4714
1.1034,13.6902
-8.1183,-6.3295
35.1062,42.9274
-18.6054,-29.8799
18.3001,12.0010
23.2838,27.8931
38.6206,36.1816
-15.1265,-22.0839
-34.3968,-20.4542
-47.5449,-61.3494
24.7108,31.4087
42.3040,33.5675
18.1971,18.6586
-20.8767,-4.9002
-27.9756,-7.2127
-9.7807,-24.1077
-34.1058,-51.8559
-30.4291,-33.4884
-10.3737,-9.5094
30.6879,26.1477
-38.5968,-11.4297
18.7409,-1.4600
37.5533,39.6400
52.8380,50.4699
36.3343,33.7529
39.5724,50.2647
-2.3817,-17.4314
-13.0390,-9.1295
36.7211,32.3361
37.5256,40.7723
50.7523,44.3926
-56.0522,-51.7801
22.0202,3.0430
-48.6736,-60.8019
-58.2691,-56.9660
-35.7803,-64.7808
-59.2664,-73.0034
-63.2611,-50.6850
-59.7821,-56.5688
-51.6022,-49.2862
-51.5142,-63.7548
-43.9570,-61.0226
1.5443,-19.4191
-25.6788,4.9906
29.6677,17.9132
66.4006,51.5373
56.2335,57.8009
55.7637,66.5887
59.4997,50.3597
47.6712,50.3330
58.3895,64.4393
29.0447,33.7626
46.3684,42.1823
23.3397,21.2766
28.1977,28.3422
41.5540,32.0899
5.4931,2.7103
25.6356,44.6961
21.0991,19.3158
29.1895,28.8226
27.8312,39.2774
-13.9124,-32.3901
7.5809,10.3758
37.1389,17.8737
27.2671,23.8110
-35.6351,-32.4588
-42.0103,-45.1190
51.3169,29.7553
55.7166,39.6219
35.0667,22.8768
24.3217,29.0009
39.6233,36.4143
60.7131,41.6975
56.4227,49.3849
69.9089,53.2657
5.0878,27.3000
22.5483,15.7732
40.1619,26.8664
-2.9329,-23.2894
-2.8731,-14.5487
33.3708,36.0719
48.1498,65.5922
68.7559,50.4659
61.9922,56.0551
74.8159,47.4836
41.1834,37.7095
41.4356,43.5579
47.9853,41.0450
21.6707,15.1805
39.1122,42.3651
52.2185,48.1734
55.9887,60.4144
60.5502,45.4933
-28.7051,-19.9468
5.3581,-6.1750
8.8173,-7.3584
-11.7214,-17.6108
-29.7597,-9.5262
-7.7560,-13.9404
-36.3172,-41.3782
14.8614,27.5202
27.2586,24.8319
-31.2059,-35.4342
-23.8748,-44.7148
-10.6482,-28.7990
-29.5935,-33.0432
-27.3811,-19.2115
-32.9343,-42.4146
33.5204,16.2517
40.7919,40.8478
62.2537,58.9876
46.1044,25.7922
64.2971,49.0047
45.2422,36.0152
56.8316,54.7051
0.7252,38.8980
59.7282,53.3526
36.3917,21.9547
29.0459,19.9799
30.7851,33.2686
33.4530,38.4046
33.8395,38.4904
-5.8012,0.3431
-13.6505,-14.5866
-14.9291,-42.2899
35.6242,22.8339
31.5707,24.1563
63.6991,46.7137
5.8366,-7.4252
43.0485,37.3170
53.0369,45.8663
40.9127,33.1356
-20.8017,-26.0539
-46.4662,-25.4150
-15.9185,-38.6181
-13.7665,-35.6042
30.7951,16.5158
-52.3351,-56.3477
-54.8021,-54.0399
-60.3406,-62.9866
-54.6918,-60.4359
-29.8457,-33.1632
-44.0017,-31.5449
-32.1318,-39.6382
-55.1406,-60.1987
-59.9023,-49.9871
-51.6144,-48.5870
-52.0645,-44.6294
3.9390,5.1091
15.1560,25.7324
21.0019,27.5012
-64.9463,-64.1404
-25.8051,-22.5998
-24.9310,-30.4292
15.4066,-11.3526
29.7093,4.9741
42.2748,45.8884
28.8089,48.0541
-11.6567,11.5254
55.7076,49.2912
-25.7766,-20.2404
-9.8398,-18.5069
-60.3721,-56.5392
-42.8713,-46.3553
-64.6024,-58.2662
-49.2918,-47.5784
-7.7089,-15.5977
34.0627,29.1168
-18.9069,-34.1787
-40.9043,-43.8077
19.4939,16.1559
27.8534,22.3399
61.4651,48.0196
30.4657,39.9382
35.2826,8.8111
-33.3132,-35.2551
-30.2063,-37.8628
-35.3361,-36.0970
43.1107,18.0366
11.3812,15.7596
27.1817,19.7365
29.8133,50.8436
25.4071,11.6597
68.2857,49.0401
51.9719,63.1635
47.1746,44.1688
48.4539,28.2079
65.1423,46.2661
57.9738,58.9766
63.2885,50.2402
58.7165,56.7599
42.3818,31.9923
-20.3738,-43.8783
8.5241,23.8642
26.9994,11.7846
-23.1703,-46.2217
-25.5598,-32.7726
10.0902,6.0433
-29.9942,-35.1732
-20.3439,-33.1348
26.1972,25.0596
-55.3267,-54.6857
-48.7844,-45.8183
42.9352,16.7761
-9.2084,-28.0132
-22.0225,-22.4917
-7.0093,-13.8619
-44.1713,-46.2725
-40.8130,-44.5563
-29.3500,-28.7732
1.6034,-9.9216
-25.8113,-33.9459
20.1444,13.9888
18.1646,13.2471
-29.1427,-28.7795
3.2654,-1.6142
38.1738,28.5234
23.1944,33.5490
28.2591,30.3614
17.7287,26.5445
38.8933,35.2893
-28.9348,-23.3055
-19.2419,-28.3004
-53.7749,-67.8732
-20.6430,-42.0181
37.1719,36.9968
37.0310,49.2860
-9.2444,-5.3335
23.5091,32.3431
34.4800,18.5421
-1.7815,-14.5258
-21.2228,-17.1423
-54.9166,-52.5055
-58.7612,-37.5197
-44.2319,-61.6332
-32.6880,-53.2906
-61.1610,-54.5588
-54.3590,-58.3270
-46.0839,-25.9520
-34.2749,-40.4405
-18.4820,-29.2120
-13.0011,-38.4702
-55.1306,-61.6091
-49.5486,-38.7882
-37.3440,-43.9011
-61.6927,-53.6724
-33.0592,-66.2498
-56.0700,-58.0270
-42.8039,-41.1703
-46.4880,-37.6529
-35.7668,-15.6384
65.9619,53.2263
45.4548,36.5971
26.9531,27.0274
-15.6202,-13.2654
-18.9160,-40.3299
13.7003,23.6949
41.4862,57.7523
54.8507,53.0512
52.4278,52.9871
52.6992,52.9645
30.4509,44.7344
49.6685,38.8356
26.8518,47.7857
-7.0082,-5.6561
-21.8957,-26.1828
-2.4072,-4.7657
43.3438,26.5078
15.3600,18.1737
-0.9897,-10.4353
26.6290,31.6738
35.4538,30.4304
-22.9647,-26.9950
-40.2387,-40.3652
-29.6107,-42.2670
-47.8551,-20.6988
-31.7295,-26.6509
-33.6267,-38.5370
-59.8942,-61.8860
-41.2602,-62.7322
-51.3054,-64.8253
-55.8449,-54.3964
-71.4891,-61.5460
-58.5713,-43.3179
-59.2401,-50.9722
-57.1706,-59.0973
-46.1862,-35.3065
-43.7890,-36.7648
-34.7909,-32.5109
-33.2487,-24.8275
-31.7612,-37.1479
-26.5306,-32.9681
27.2511,27.7378
54.4034,35.4172
11.0189,5.1881
48.1004,45.6704
11.5371,26.3102
45.5559,38.7926
46.7332,29.8061
-42.0108,-49.9008
-34.1734,-12.2357
35.8404,45.7988
8.9871,21.6053
3.4546,11.2886
-13.5727,-5.3476
-11.3429,-22.1958
-20.9227,-35.8226
-9.9665,-5.1187
-41.3573,-38.4623
-57.8538,-55.9710
-47.6140,-45.1633
-65.2151,-55.1055
-52.3132,-60.3957
20.4298,27.7462
44.9121,47.9280
57.9977,33.2748
47.1817,49.1386
29.9183,50.5659
44.5622,42.7032
60.1496,52.1088
54.4017,63.5226
-38.0147,-38.1313
-46.8257,-53.9897
-29.0646,-26.6180
-32.2422,-36.6435
-57.6952,-67.5444
-65.8427,-51.1265
-58.5486,-62.0595
-57.9717,-55.9985
-58.5578,-55.7592
-66.1967,-57.2166
-70.7527,-52.3659
-59.9386,-64.7512
-22.4933,-20.7126
-25.9754,-30.3124
3.3433,0.4337
-41.8312,-36.4081
-9.9179,-7.8375
-35.2536,-19.2891
-7.3366,-8.2425
14.7790,39.2915
10.7920,1.6088
-21.6728,-23.9987
54.8479,39.7511
11.6567,22.1417
25.9872,30.0004
65.2783,59.4508
59.5479,47.7099
3.2072,21.6928
29.9555,29.5728
10.5948,-7.0307
30.1642,25.8628
9.2562,24.5234
-43.0824,-27.4202
-31.9437,-29.7746
-18.9009,-3.2488
-30.9780,-29.8386
-14.5954,-12.6501
33.1625,30.7437
31.2098,23.6958
-11.9524,-5.4816
31.6962,13.4143
30.3393,13.8829
33.0848,4.6714
27.8377,30.7607
25.2752,15.7743
-33.1856,-22.6425
-59.2063,-51.4767
-17.7549,-35.1235
3.5906,4.0870
-20.4544,-36.8579
-9.2705,-11.9342
-8.1480,15.3828
-36.7405,-45.6060
28.0722,24.8489
31.2066,39.2909
16.4945,18.3040
31.0141,34.2011
27.3305,30.5461
51.5498,-49.8033
54.2644,-46.4429
54.0884,-51.3182
60.2795,-48.8330
50.6782,-58.7504
52.8388,-57.3438
49.5921,-52.7480
54.2021,-53.3287
40.8906,-53.3045
55.8805,-57.1391
62.4446,-58.6666
61.4441,-51.8458
52.9884,-63.3773
53.2476,-44.6532
57.2557,-46.9360
44.9987,-61.6693
59.0535,-64.9407
58.0800,-54.9549
51.1802,-55.3438
49.7568,-61.7460
60.1663,-47.7545
54.2950,-46.4727
54.2226,-52.9015
46.1765,-64.6716
70.1390,-49.6689
47.5268,-51.9464
57.4843,-48.9548
45.6635,-43.8862
46.1340,-45.8458
51.3999,-62.1306
57.1287,-38.7057
65.7768,-56.2374
55.1223,-49.1598
52.9135,-54.3456
54.1508,-51.3072
58.8098,-51.3396
52.3885,-48.4820
61.9616,-36.7811
62.7039,-48.8786
61.7687,-48.5231
51.1572,-55.6176
50.7323,-56.5008
49.0729,-61.6750
42.8749,-54.8668
47.7325,-57.9891
52.1090,-45.5735
50.8424,-48.5886
50.6275,-60.9206
52.5129,-53.6139
54.2668,-53.0716
61.9323,-59.5536
59.0685,-51.9173
56.2236,-58.0336
55.3478,-39.4920
55.5213,-51.0478
37.7798,-63.9026
54.3134,-65.6209
61.8828,-52.4037
54.6517,-49.2277
57.0743,-50.6986
47.0572,-52.7182
48.5007,-50.8428
50.1568,-57.1108
52.8542,-61.9935
55.8130,-46.7372
52.4912,-46.8896
61.0802,-46.7707
49.1710,-46.7134
53.9826,-62.9657
44.3671,-61.4882
62.2459,-43.6946
52.6692,-60.7536
54.1366,-46.7049
58.5051,-57.4660
50.9517,-50.1583
57.0972,-57.9310
49.6766,-61.3838
56.7934,-49.5570
64.3698,-43.0565
57.6350,-51.1138
50.8701,-56.8698
45.8729,-63.4304
50.0549,-61.4361
44.7896,-52.2219
50.8873,-57.9314
55.9221,-50.4859
51.0784,-56.2741
56.6843,-61.5195
44.9815,-53.6958
45.8413,-53.8827
64.6808,-52.3247
57.3402,-57.6412
55.5032,-53.8946
57.0359,-50.6990
57.3451,-47.4286
47.2333,-51.9025
54.0086,-56.8109
54.0262,-53.2803
45.9621,-51.4870
42.4502,-60.9007
44.8615,-51.8068
55.0565,-45.3759
38.1880,-60.9217
55.3456,-45.5798
58.0754,-54.8950
52.3366,-50.5422
56.0043,-48.6851
46.3854,-43.6724
44.1362,-47.4758
50.3772,-62.2622
56.3124,-42.6979
67.1301,-49.7885
50.3820,-42.8590
57.0164,-54.0081
53.3414,-48.2561
47.8584,-52.8990
59.5310,-54.9212
59.5876,-44.2806
49.2417,-52.4647
58.1318,-51.2513
60.4058,-45.7835
53.4081,-57.0705
55.5231,-52.5167
52.0360,-52.6577
49.2560,-60.1423
45.9224,-57.8150
43.5064,-56.5176
52.8038,-50.7727
55.1912,-51.0960
57.6846,-51.5689
52.1880,-59.0614
61.0067,-49.8918
51.8484,-59.6622
51.7982,-41.1356
56.8517,-54.7377
46.4923,-56.9082
58.3109,-70.6056
61.5019,-55.3923
56.5033,-50.0700
55.1739,-46.9689
59.3070,-51.0553
54.8886,-56.1946
42.5513,-55.2648
48.3256,-61.7396
65.4435,-51.5662
54.7923,-59.7237
53.7356,-44.7320
42.8483,-50.8394
51.6716,-47.1174
60.9313,-49.2773
63.9590,-48.3669
52.7620,-61.8275
42.0494,-50.9011
62.1382,-49.9952
50.4805,-57.7470
49.5775,-64.4140
52.7502,-65.1894
53.1625,-45.3654
51.5876,-57.0905
47.4398,-56.4082
54.0993,-58.3748
48.3633,-54.1637
51.4567,-47.2692
47.1378,-51.8385
52.2013,-56.7481
55.1917,-57.6198
49.7969,-54.5994
53.3760,-50.8271
51.6452,-45.4660
62.8716,-50.4978
46.7751,-58.9072
59.2077,-50.1330
53.8832,-53.5900
52.3446,-39.5307
60.1818,-48.5333
49.6712,-60.3564
60.3735,-69.0787
52.8697,-63.6341
56.8568,-51.5488
57.1630,-50.4053
51.0041,-49.9466
49.5818,-53.5908
51.3797,-57.0730
52.8107,-65.5242
53.0494,-64.3408
56.1136,-59.5792
51.7857,-52.3030
41.1148,-49.8866
55.8434,-50.0878
60.2042,-48.8334
60.6017,-42.6552
58.3524,-53.3954
51.3099,-53.7145
62.1940,-58.9827
57.6343,-54.3521
54.8852,-64.3344
55.1035,-62.1201
60.7708,-47.4361
40.9784,-54.6282
63.0726,-47.5381
41.8360,-61.5361
52.0033,-55.1903
48.1920,-59.0430
41.1074,-58.2014
53.4396,-54.0556
55.8069,-51.9366
49.5077,-54.0095
57.5925,-58.4398
41.8821,-53.8324
58.8077,-47.8158
55.1464,-57.6352
58.3058,-52.6825
44.1158,-61.2468
58.8455,-43.5646
54.8672,-50.2966
35.5108,-51.6353
51.2459,-65.3820
51.4057,-60.1521
52.1238,-47.9195
54.0915,-60.9779
47.3612,-50.1958
48.2544,-50.5118
57.3346,-62.0843
53.7151,-57.3748
51.2951,-53.0188
52.6838,-48.6922
55.9111,-57.2228
49.9010,-49.5906
49.5299,-58.3538
48.1602,-66.0483
61.9095,-46.1496
57.9021,-57.4585
49.6425,-47.0205
45.8685,-56.1153
55.7196,-48.5348
54.0328,-47.0407
51.4650,-52.8187
53.5370,-44.4842
54.2954,-53.9665
54.4550,-55.2392
53.0308,-65.6919
52.4072,-59.5393
48.3022,-65.2489
52.7064,-53.9007
53.5994,-52.3532
52.3224,-48.6631
53.5745,-49.6843
59.6427,-62.5904
64.4953,-48.7613
47.1862,-54.5676
55.8246,-54.5531
56.6885,-63.1638
51.5194,-51.3974
54.1282,-56.2885
46.7575,-56.1647
33.0287,-54.7464
50.4750,-57.9104
57.8156,-52.5157
33.8165,-59.0095
53.5826,-56.7673
46.2277,-51.1437
55.1299,-51.7366
56.4650,-62.5648
41.8658,-71.0810
53.7409,-53.0458
56.7228,-53.3290
56.8619,-50.6129
48.8887,-54.1820
50.8223,-58.0168
54.3779,-58.9001
61.8685,-49.7264
50.7924,-65.5766
48.1972,-56.9491
59.4932,-48.8950
57.4722,-48.7967
46.6274,-60.1878
51.7655,-57.3052
64.5375,-44.9528
45.7640,-54.4185
65.4804,-48.2658
51.6727,-50.8702
52.5761,-56.1262
45.1348,-63.2650
43.0403,-55.0205
47.9368,-57.9781
54.0943,-48.6004
47.7619,-52.2418
54.3185,-58.4127
44.9054,-52.2292
58.5465,-53.9573
53.4813,-62.9458
52.2664,-47.6705
49.3426,-54.9168
52.0083,-55.7958
54.5509,-53.0799
55.9302,-60.4444
59.3561,-57.8431
58.9422,-56.2035
57.1661,-54.5007
53.1179,-57.8809
58.3854,-52.3903
53.5283,-58.3093
53.0744,-58.8621
58.5567,-45.0005
53.7315,-61.3921
55.8389,-58.5310
56.7824,-53.0661
57.5752,-47.9968
50.1151,-50.7556
54.1005,-49.7254
54.8515,-53.1500
59.1649,-49.6892
47.1205,-45.7731
51.8936,-63.0254
46.6928,-63.8832
47.3934,-57.3394
56.3823,-60.3162
56.7000,-55.1188
46.3667,-51.1870
54.8791,-54.8597
58.3673,-47.3989
57.4091,-50.8363
52.2025,-56.2203
62.3699,-48.7032
49.8958,-55.0019
45.4975,-58.7312
59.2334,-45.4289
55.9964,-59.8192
51.1959,-59.4205
56.4733,-54.4582
53.3170,-59.2120
46.8523,-54.1529
59.8816,-48.3110
44.8187,-62.3489
48.1136,-60.5370
50.6688,-62.5566
50.7895,-55.8559
60.1120,-50.6352
58.6860,-44.9496
53.8347,-57.9877
55.8967,-54.1314
57.3739,-60.7749
36.6941,-65.8900
65.0635,-40.1106
57.0174,-54.9079
50.2394,-52.0146
55.0906,-54.3533
61.8613,-56.4609
62.1579,-49.3687
47.1454,-53.7429
52.7867,-60.0976
58.9915,-42.7039
47.5058,-61.8708
48.7106,-61.0635
60.7658,-58.1806
61.1494,-56.8834
49.8980,-58.6118
57.6491,-60.2956
56.3933,-48.9494
37.6935,-50.1981
56.6062,-50.2862
59.8677,-47.2486
55.1684,-51.5125
60.5517,-44.7103
56.1536,-42.9898
49.2886,-61.1305
47.0363,-51.1408
45.9080,-60.9297
53.1525,-54.7925
56.4859,-44.0435
44.8560,-48.5440
44.4051,-50.4025
58.0076,-48.6378
52.2236,-60.3288
43.9776,-50.3486
50.0506,-57.0961
51.7497,-61.2326
53.4080,-58.2590
55.4388,-46.6744
63.1598,-47.8386
55.4518,-49.1547
56.0778,-61.5203
57.7308,-50.2107
66.0010,-50.5346
51.5282,-57.8132
51.9535,-49.4590
54.5061,-50.2902
64.4734,-55.3722
53.9382,-57.3509
51.7134,-38.8273
51.8741,-52.0553
50.6141,-55.7216
53.9871,-54.8836
47.7642,-60.0943
52.6582,-68.3698
61.8492,-51.8038
53.7582,-51.8235
52.7423,-55.3994
60.2803,-55.6056
44.8292,-51.4459
52.1868,-48.6572
50.7812,-50.4432
53.2881,-51.4591
61.0247,-51.4291
53.3604,-46.1282
49.7501,-60.8972
51.7776,-55.2664
62.1714,-53.3600
52.9531,-59.4600
51.4415,-48.8414
45.9350,-50.9563
45.9433,-51.0272
57.4881,-55.0426
52.3083,-60.4489
54.2726,-44.7701
50.5537,-57.0242
50.8576,-57.5357
52.1630,-60.1372
60.9601,-48.4404
47.7194,-57.1641
61.4799,-46.4756
57.5388,-62.1793
51.6818,-52.6901
64.9850,-52.0715
51.8934,-60.2304
61.6611,-47.5966
58.9433,-52.2487
69.1806,-60.5636
58.1948,-55.1178
45.6832,-56.2298
45.8457,-67.1241
53.4763,-47.1096
50.2431,-59.8769
43.7168,-63.3607
49.2248,-65.0087
55.3723,-51.8436
51.4815,-50.7183
48.8903,-60.2377
57.3139,-48.6774
41.3404,-53.7015
45.9502,-54.6523
53.5343,-52.9833
48.7698,-56.1567
54.0799,-58.6388
59.2839,-41.2273
47.5720,-61.1024
46.5727,-59.6711
49.4727,-56.9428
61.6561,-51.1779
41.3991,-52.9950
47.5744,-47.8097
54.7419,-49.4723
56.9542,-63.6379
56.9555,-52.1131
39.6740,-56.0387
48.5977,-47.3501
62.2301,-57.6046
52.5113,-54.7907
57.7005,-50.0117
63.0522,-45.4264
57.2670,-45.0577
48.1850,-58.2669
60.7512,-58.6084
60.5101,-59.2142
42.3532,-59.1666
62.3414,-54.1105
50.8995,-48.7049
54.9229,-64.3716
59.5719,-57.4742
62.5453,-60.1227
63.6232,-52.6235
38.2563,-65.0919
49.2046,-57.1432
68.1353,-52.3119
51.1745,-56.6342
49.4111,-66.3191
55.1998,-59.8724
54.0416,-51.4781
58.7534,-44.7084
62.4174,-50.1563
46.7591,-53.3033
54.7755,-50.6173
52.7053,-43.1963
50.2562,-50.0138
51.4585,-57.8816
58.3692,-55.1412
43.0753,-58.2161
51.9210,-41.2119
44.4334,-51.9742
63.0570,-53.9771
49.7465,-58.4091
53.9516,-49.6059
56.3299,-54.4993
52.1949,-41.6375
47.9658,-65.9181
55.8044,-58.7204
60.9902,-63.5000
56.9159,-59.2159
57.4401,-48.0550
46.6220,-48.9552
52.2954,-56.8601
57.5505,-43.7923
26.4107,-60.2392
52.4099,-55.6486
56.0763,-58.8897
55.0313,-60.7681
54.4653,-45.9347
39.5637,-54.3304
58.0692,-51.2290
59.4599,-51.6727
62.6561,-48.0716
44.2940,-69.7150
53.3359,-52.0060
55.2374,-62.3091
59.7410,-51.4686
47.2962,-63.9671
53.4659,-55.2321
57.4031,-54.6250
50.0064,-39.5680
48.8538,-55.1696
46.5002,-53.0658
58.1301,-43.2813
51.3216,-50.1019
58.0346,-41.6885
42.5089,-62.0199
48.1196,-57.0731
54.3442,-56.4273
57.2626,-45.2072
48.3948,-53.7911
51.2979,-49.9266
42.9247,-46.4831
46.0434,-54.9319
62.0292,-46.4993
48.9736,-66.9587
57.1050,-53.2487
56.1211,-56.4247
52.2529,-51.3197
53.5015,-56.1428
64.7111,-47.1535
55.7004,-38.8146
56.8652,-53.0867
60.6324,-57.0645
49.8679,-62.5486
61.7368,-41.6055
53.6864,-42.4847
41.8319,-63.3750
49.4383,-64.1252
57.1333,-51.5879
58.4801,-56.5299
49.9672,-48.2397
52.7628,-54.4996
58.2631,-56.2664
50.4041,-55.0280
51.0689,-47.7764
59.2204,-62.8883
56.8853,-62.0071
48.0382,-47.5012
48.8817,-55.8709
50.3802,-56.5456
51.3837,-58.6683
56.0421,-50.5400
60.9600,-46.8283
52.6545,-55.3506
51.6994,-46.8633
53.4821,-52.7566
45.9953,-53.2390
62.2920,-51.8208
48.4430,-60.0879
54.8993,-45.2627
39.8028,-56.9849
54.8441,-52.6913
51.8759,-58.0598
55.6860,-55.7403
60.3909,-53.5170
58.4367,-45.9312
51.9743,-50.1165
56.9540,-48.3576
51.5859,-54.2729
40.3279,-59.5456
48.7664,-57.6656
48.8408,-46.6590
58.7958,-53.5197
52.4540,-52.8269
65.5324,-42.5479
49.2650,-53.7787
52.6775,-54.1125
60.4953,-53.6533
59.8323,-51.5825
53.2463,-60.4979
45.4017,-52.4423
47.4921,-55.7834
55.9180,-40.7831
52.2676,-63.2242
40.5568,-61.8375
51.3786,-61.2149
49.5625,-50.9811
58.1015,-36.9087
55.5217,-54.9321
55.4817,-53.8557
48.2842,-59.8804
54.4572,-50.3736
64.5187,-42.1348
55.2398,-55.6203
55.5365,-55.8998
61.0515,-43.7947
51.3279,-57.3450
58.3185,-49.2366
48.2824,-60.5893
56.9809,-51.3689
48.0600,-53.7624
49.7760,-43.6311
43.6036,-58.5868
56.0251,-50.2144
57.7422,-63.3190
49.7491,-56.4805
55.2248,-54.2895
52.5782,-52.1358
52.2123,-51.8017
56.0945,-50.9678
55.2955,-55.1496
56.5167,-44.9716
48.4003,-59.9493
47.0573,-55.3123
53.3890,-50.6274
50.5482,-55.9850
55.5530,-51.1209
48.7915,-56.6788
67.0498,-53.3229
64.0776,-59.6785
38.0649,-61.2651
48.8762,-55.8565
55.6624,-42.0650
53.9124,-61.5498
50.5004,-53.5737
51.0816,-55.0920
50.9775,-61.3451
53.5486,-52.2708
58.4005,-51.9591
62.9868,-53.3962
54.4087,-54.1612
53.1078,-51.4422
59.4291,-50.9147
51.6572,-60.1952
56.1293,-53.8869
62.0042,-41.9391
54.2416,-49.6182
46.3787,-57.8352
53.2659,-52.7219
50.0150,-56.6247
51.2743,-55.8119
50.0436,-40.4653
52.7895,-48.6933
53.5321,-49.0211
58.5340,-63.6264
55.3508,-60.0359
56.2800,-51.6779
50.8290,-51.3377
55.3330,-44.2386
51.6355,-60.6254
50.4832,-52.1328
52.5739,-51.3523
52.4702,-56.5215
48.9174,-51.6305
56.5703,-51.9698
56.3094,-52.9760
54.4461,-49.7700
53.3077,-58.4746
65.9732,-55.2425
63.9748,-53.5398
39.0653,-61.0041
47.0774,-55.0364
59.3903,-46.4232
50.1513,-61.7371
47.8314,-48.9352
53.9501,-60.4310
56.2031,-54.0835
56.1527,-50.4109
56.7018,-59.4845
58.2601,-42.3758
49.8884,-56.4116
53.1974,-51.7879
60.8795,-44.1512
46.2052,-56.7568
54.3421,-55.8962
59.9244,-38.7633
53.3149,-55.3670
56.9036,-58.2177
53.7982,-49.6918
48.0163,-59.4097
52.2563,-57.1145
51.1239,-49.6793
49.7240,-49.3580
54.2751,-56.2310
48.9714,-55.9889
54.4390,-65.1617
55.1207,-57.1005
54.5530,-48.2217
60.4015,-42.6243
46.9404,-59.2660
48.5239,-53.6649
50.1807,-59.9846
51.9607,-53.7671
45.1068,-49.9916
46.8240,-50.0105
57.0274,-57.4619
55.1765,-50.0685
52.5103,-55.2567
57.1771,-46.5974
63.7242,-49.0555
51.4438,-52.4008
62.6418,-49.5948
55.3348,-44.6921
53.4345,-61.8686
31.9988,-64.9660
55.8936,-48.0178
53.2248,-49.1964
41.6528,-58.4142
52.8147,-53.1568
49.7840,-59.7968
57.9348,-44.3070
55.3522,-54.0823
55.4027,-53.2615
52.2831,-58.7640
55.1985,-60.7091
59.8282,-54.7385
48.6354,-55.1121
48.5079,-60.6821
41.8775,-53.9594
50.9497,-49.3758
49.2440,-54.6147
53.8540,-54.2721
49.4519,-62.4842
44.5064,-57.7022
54.6575,-61.7956
58.2364,-48.1574
61.6264,-43.8441
49.6594,-49.7183
56.3473,-45.5034
50.7819,-58.7080
45.6323,-54.5721
50.1513,-56.5607
57.1945,-48.9223
44.7972,-51.8358
51.5472,-51.5286
51.1025,-51.5725
54.6765,-53.2125
49.7722,-52.2483
64.2544,-53.0731
63.2858,-53.1210
37.3241,-63.3437
55.7188,-53.6958
54.7052,-54.4927
52.8545,-56.2923
49.8158,-51.0065
47.3560,-58.8124
48.1676,-49.9540
53.8608,-53.8421
55.0297,-57.0307
59.3227,-45.0372
55.4644,-51.1644
51.7243,-52.7637
57.2569,-47.6558
52.5590,-57.1503
50.1340,-50.0414
63.1325,-41.4014
46.6293,-59.1828
59.6441,-49.6048
53.1202,-60.0639
61.2105,-41.3072
49.9990,-45.9187
60.2549,-48.8943
48.6352,-62.3730
52.2239,-63.6687
58.7486,-53.9258
49.7199,-50.2836
41.7019,-49.6850
54.8193,-55.3331
58.0118,-47.9767
47.0468,-58.1302
42.4223,-65.5150
50.3771,-50.3210
57.4036,-45.6439
56.0423,-53.7479
52.2977,-64.9948
53.2293,-47.3947
50.2246,-49.5757
62.2368,-47.6064
61.6348,-51.9868
59.5832,-58.8617
36.2874,-62.5920
51.1042,-53.4197
54.7547,-47.8201
51.4152,-55.6221
47.4286,-52.2700
49.8192,-54.8247
53.2408,-62.3179
52.1928,-45.0074
56.4827,-54.2812
64.1918,-47.0674
52.1584,-52.5637
47.8591,-49.0920
55.8440,-50.0191
53.4318,-60.5312
50.4214,-59.3098
64.5893,-35.8132
46.3074,-55.1491
51.9094,-50.0779
54.7621,-54.5525
57.4447,-53.4175
46.4148,-51.9976
48.2963,-47.2999
55.5494,-61.6150
48.1689,-56.3668
63.3727,-51.1332
48.1443,-54.0452
36.1778,-53.0671
57.9447,-52.0582
57.2923,-52.4557
40.1503,-60.1305
50.9821,-56.3861
52.2092,-45.0008
58.8722,-56.0840
59.6504,-54.1636
55.5798,-64.5081
56.6822,-52.3048
61.8192,-47.8099
52.0977,-60.6412
53.4614,-56.9226
56.1454,-64.9800
51.9380,-57.5479
59.5516,-48.5753
55.8449,-57.9438
49.6001,-52.5453
55.3598,-45.1098
57.5036,-49.2296
49.8905,-55.9596
55.8591,-53.2360
61.1180,-45.0288
50.7379,-58.8166
65.5962,-50.5112
48.8453,-61.3109
57.3006,-57.0011
48.4642,-60.2706
42.3994,-58.9718
51.7929,-56.2655
51.9427,-44.8718
49.8683,-59.8633
53.7564,-62.7321
47.3957,-54.4383
55.2832,-53.3607
61.4190,-46.4721
59.9933,-50.4802
46.1000,-61.3279
56.9506,-54.8362
45.0207,-53.4580
53.0998,-47.1559
60.9607,-50.4214
53.7914,-55.9446
49.7609,-50.4110
53.3973,-57.2920
54.5150,-49.2802
59.0454,-52.4576
60.6572,-55.5482
55.1869,-58.6045
49.4525,-53.2278
53.8960,-57.7245
54.5843,-62.5376
56.4896,-56.4457
62.1277,-62.5091
36.9897,-65.0891
46.2593,-57.7477
51.7806,-49.4416
56.3638,-62.7384
42.8783,-56.2050
55.7372,-55.1262
57.2362,-53.6744
57.5910,-49.9028
52.9287,-52.5971
51.2775,-59.1869
58.7062,-52.8541
59.3789,-58.4191
54.3814,-61.6512
56.3840,-60.7391
47.7627,-56.7745
55.7472,-47.9879
54.1612,-49.5904
49.3525,-59.1943
52.4869,-57.1339
54.9791,-52.4421
49.8250,-53.4494
51.6932,-40.5248
47.6809,-51.7660
48.3444,-57.4178
55.4975,-61.7476
61.2757,-56.6106
49.6645,-54.7050
52.3839,-47.2385
47.6641,-54.8903
47.5754,-47.4061
48.1100,-59.6444
49.2613,-46.2122
49.8094,-54.2176
46.2971,-53.4433
48.6130,-64.1795
49.3478,-49.8993
52.3165,-54.7172
52.5646,-57.6234
53.8733,-50.8702
55.9546,-53.7599
39.8335,-59.4300
45.5149,-52.9130
62.9774,-52.9029
48.3451,-57.1894
50.4967,-52.2658
54.9224,-54.9627
49.2821,-59.8912
47.1485,-59.4628
57.3757,-53.3925
52.4921,-58.5354
50.8589,-58.9965
45.2098,-57.3998
55.5292,-52.0378
43.6219,-53.2694
57.1824,-51.3405
63.0291,-41.4347
52.5180,-48.9203
61.3510,-41.6267
60.1442,-51.2239
59.4896,-56.1012
43.4247,-54.3443
57.2864,-46.5499
51.4324,-54.7869
53.9148,-53.3253
51.3049,-61.3379
63.1857,-52.2327
57.1528,-49.1337
49.7163,-49.1866
51.6807,-41.7512
51.9461,-54.4794
51.5924,-50.9031
52.5529,-51.8310
55.5155,-52.0364
49.9145,-54.1035
47.4291,-64.8660
56.4141,-47.2079
58.0888,-50.4499
58.4586,-49.0829
55.1475,-54.1292
66.1760,-46.9343
44.7098,-64.9378
60.3488,-45.3233
52.0108,-60.5808
47.8270,-51.6037
61.8538,-52.9955
61.0643,-48.8189
62.5762,-56.8015
54.9743,-61.9278
58.8749,-43.2149
55.2129,-54.2342
62.5869,-51.8868
51.3897,-57.7759
54.5689,-54.4871
51.8505,-50.9545
50.0538,-54.9620
56.9923,-50.7613
52.2002,-56.5473
58.5006,-48.5449
51.0460,-57.9795
52.7577,-48.4218
53.2676,-49.2200
60.7328,-56.0995
60.5281,-58.2047
46.4147,-61.9990
57.0287,-47.9306
46.5925,-57.9311
34.9065,-55.7612
55.2340,-53.3244
51.9482,-58.8118
53.1343,-50.1839
55.7453,-52.9694
46.7329,-43.8792
49.2555,-49.4046
48.7142,-63.7926
54.2699,-65.1427
55.5647,-58.0785
61.5048,-52.5519
59.5402,-43.5525
43.2822,-50.3456
37.7854,-50.7310
51.2092,-60.2901
52.6222,-58.4215
54.0712,-66.5995
49.2010,-38.8730
64.1330,-48.3521
49.3885,-51.1054
60.0754,-54.7238
54.2820,-62.0858
61.5441,-46.9435
50.3124,-54.9555
59.8987,-59.0261
52.6747,-61.5009
45.1040,-60.9056
52.5225,-64.0900
41.4914,-57.4571
50.8020,-55.4971
59.3772,-44.3054
49.6416,-52.6004
54.7140,-68.3052
46.2649,-55.7035
48.3424,-55.8848
62.1814,-57.2801
54.2165,-60.8050
48.0841,-61.2009
56.2525,-48.4557
58.7247,-54.1244
42.5880,-52.5408
53.7657,-58.5692
55.1596,-56.5588
46.0052,-53.2672
53.6623,-63.7270
53.0482,-49.0481
59.1351,-44.3747
53.8823,-48.6658
51.3326,-52.6195
63.2489,-52.7001
52.4479,-50.5501
59.8818,-45.4845
50.2555,-46.3936
41.8610,-49.0544
50.5820,-49.3262
65.0041,-49.6909
59.2124,-62.1933
54.1951,-43.5920
52.2124,-55.8427
62.6401,-46.3098
56.6363,-56.1882
48.7797,-46.1486
60.4467,-47.6942
52.9885,-60.0109
53.4580,-50.1972
51.0552,-55.9930
49.0632,-56.9510
47.8159,-65.8417
47.2063,-59.8767
51.4940,-57.3470
53.5344,-52.8728
58.1089,-52.0675
61.7432,-59.7466
64.5271,-53.2196
45.6882,-54.8766
67.4733,-48.2120
56.9888,-57.2740
43.6500,-60.6130
56.3175,-45.4459
62.1750,-44.0711
43.3765,-60.6190
46.9835,-60.7125
57.4998,-53.6252
39.5324,-63.9279
36.8821,-58.9691
49.9012,-52.9435
53.4261,-41.9690
44.4069,-57.8971
44.5573,-64.8772
51.4698,-57.9088
58.9090,-46.0261
60.2258,-49.4010
49.2376,-44.9448
45.6098,-46.6947
54.5896,-53.9066
62.4281,-46.5218
52.4653,-61.9333
50.5641,-42.1883
66.0538,-53.8419
60.3317,-51.2154
54.3104,-44.3443
48.6779,-66.7808
60.7776,-55.0294
52.2709,-64.8545
53.7217,-53.0676
45.8639,-53.0217
48.1417,-52.3002
52.3955,-47.2344
45.4965,-60.1438
54.5091,-54.8547
53.0895,-56.0030
49.4320,-64.8175
59.4148,-58.9120
61.5173,-45.4799
59.0989,-49.5735
68.1736,-53.2583
59.9011,-58.8848
50.0588,-60.9788
57.6172,-40.9539
60.5343,-42.8419
35.6574,-57.6658
55.5337,-62.6799
67.4084,-53.7719
52.5640,-54.8420
51.2297,-51.7946
52.8453,-51.0360
50.8942,-50.5270
50.5780,-57.2098
54.6268,-58.6447
55.5824,-62.7324
59.0446,-54.8965
58.8799,-40.2085
43.3820,-48.1710
49.3702,-45.4845
50.4857,-57.9744
64.4824,-51.7307
53.3519,-62.5593
49.7111,-52.7482
57.2700,-48.1416
47.4899,-55.1308
44.3642,-55.6093
42.2776,-70.7177
58.8461,-52.4965
48.1727,-57.2109
60.2041,-43.0471
45.5176,-61.7447
42.4447,-56.2174
48.9678,-63.4082
48.7609,-55.7653
51.7128,-56.1968
55.8775,-52.3467
55.4341,-50.4434
55.9233,-62.5555
49.6636,-52.6663
55.9330,-47.3714
62.2792,-55.7755
61.6299,-54.8470
47.9574,-62.1299
59.6721,-43.9361
52.9316,-54.0348
35.6200,-56.3171
64.2192,-51.5486
58.0893,-49.8278
39.0722,-53.4504
38.5748,-58.0501
46.3692,-50.3357
50.4079,-57.3741
51.2725,-49.5763
53.4563,-54.0319
48.2327,-65.2993
49.2995,-49.9485
53.3278,-48.6360
45.0306,-46.5690
45.3642,-53.8805
53.5374,-56.5807
59.3090,-45.3414
55.9454,-63.5994
53.2928,-42.2066
56.4518,-51.1085
53.3688,-59.7623
51.7456,-56.2584
58.2587,-54.1269
54.4376,-53.1611
58.1823,-59.7474
60.5686,-39.0802
53.5805,-47.6655
52.5908,-44.1336
55.2096,-49.0835
49.6710,-49.6846
49.2299,-59.3970
52.0097,-57.1258
50.3769,-50.4968
51.3259,-49.2112
51.1857,-44.6670
51.6018,-58.7571
49.9335,-65.3289
57.3018,-49.7841
52.0134,-57.4754
54.5627,-34.5495
62.1182,-46.4559
51.6465,-61.1255
57.9130,-60.9402
66.2436,-47.3605
50.6460,-53.4350
56.1278,-49.2889
52.0152,-51.7344
53.3999,-42.6912
50.3917,-59.7033
54.0901,-68.7827
55.0628,-60.7264
59.3769,-59.3669
56.5365,-53.2980
41.1154,-54.7178
43.3966,-52.7707
53.9911,-64.1042
71.6107,-51.6645
60.2862,-62.6993
49.2762,-44.4028
64.2371,-46.4041
53.0651,-50.8663
56.9937,-56.7843
50.5500,-55.4561
61.6800,-42.7571
55.3992,-54.2213
61.0213,-54.8532
51.1613,-48.1604
39.3530,-59.3017
48.9948,-46.1174
54.4727,-48.3805
57.1924,-49.4784
56.5748,-55.4959
44.2500,-53.8194
51.1011,-51.2096
53.0055,-56.3313
48.9911,-53.3792
54.9467,-60.5970
61.9945,-59.2978
49.3722,-65.1507
60.8389,-45.5611
45.5050,-55.1072
36.3537,-56.4082
64.2943,-57.5310
53.2482,-59.5824
52.2810,-54.1851
50.4001,-56.3425
49.1051,-42.0688
47.5713,-47.4712
53.1966,-54.6185
51.1989,-66.9396
52.1930,-59.8018
55.2407,-53.1148
51.5552,-49.2099
45.0256,-46.7166
49.0938,-44.5857
53.0835,-59.8209
58.7325,-51.0105
52.5461,-64.9397
40.9014,-49.0764
63.4111,-51.7826
52.1130,-58.6484
50.6342,-65.7094
55.2953,-57.9085
57.7663,-52.4755
47.9549,-43.2304
49.5649,-56.0405
50.5270,-48.9799
56.5477,-50.4097
54.4244,-49.6618
56.5146,-47.3150
58.4462,-47.6343
53.6132,-52.0513
58.8870,-55.4630
46.1966,-47.5971
55.4519,-55.3056
49.5085,-58.4296
48.4990,-39.6089
52.2768,-49.0686
63.0882,-41.0230
42.9393,-66.8312
59.2554,-58.6012
58.6850,-54.7815
53.9857,-51.3043
53.9502,-55.2135
67.7620,-44.7528
57.5055,-43.4366
59.5164,-52.1021
58.1657,-59.9826
60.8468,-46.9262
56.6398,-51.6258
55.3821,-52.8883
50.6210,-60.5777
63.1162,-57.3027
56.2925,-49.0363
58.3322,-58.0886
49.4072,-51.3676
46.3807,-57.6304
59.0524,-47.8172
52.3801,-61.4953
54.2478,-55.8777
46.5471,-65.2239
55.1973,-53.1247
60.6938,-49.8285
57.5990,-51.1987
40.6087,-50.9743
51.5856,-50.1676
60.8326,-56.8343
55.0390,-56.2678
55.5926,-58.3889
45.5278,-57.8727
54.6764,-50.1706
53.8017,-48.7671
57.7147,-52.4416
53.7071,-60.9171
54.0880,-52.2843
47.1730,-56.3790
50.8569,-51.4892
54.3963,-52.3856
56.3364,-49.3398
50.0569,-61.9199
61.3312,-55.6564
57.2799,-50.1145
48.3376,-48.6136
55.0432,-39.7202
50.2020,-52.5980
47.5784,-52.0057
46.7107,-48.5146
52.2276,-52.4337
52.2884,-47.8448
50.5142,-57.0881
54.8615,-45.4648
57.0738,-49.4427
53.4660,-49.1660
50.8549,-51.2094
48.8305,-53.3634
45.4569,-61.9500
62.6209,-48.8507
58.4322,-56.4659
54.1162,-31.5552
56.8931,-44.8590
60.6395,-44.4245
49.7304,-61.9524
57.3003,-51.4281
58.4790,-43.9312
49.1002,-65.6468
61.7412,-49.3135
56.8983,-59.2981
57.0132,-55.7949
46.9861,-68.4432
44.4168,-50.1040
54.8183,-53.3746
54.4304,-44.7715
46.8380,-56.7086
58.6159,-64.9020
51.5737,-48.4884
43.3617,-58.5829
62.6867,-46.9729
55.8959,-62.2659
54.0040,-60.9639
57.7186,-53.3242
57.5671,-53.4341
48.8748,-54.0629
59.5141,-50.3873
55.4331,-50.2229
45.5506,-51.9485
50.1654,-55.0561
50.6912,-53.1823
51.6013,-58.3379
46.1009,-50.9563
49.8959,-58.5435
56.7335,-46.6806
45.8235,-54.7477
56.3486,-57.6385
60.3723,-52.2731
54.1683,-59.9661
40.9351,-56.6699
45.4332,-54.1439
48.6578,-61.7599
54.2271,-57.0336
50.5056,-43.9650
58.3633,-48.8522
49.0066,-53.8681
50.7609,-47.2962
61.0875,-46.7522
53.7566,-55.9571
54.8856,-45.3241
52.7511,-64.3967
53.1780,-58.1812
49.2056,-65.6541
44.5470,-58.9932
53.0850,-52.8295
51.1322,-52.7304
53.3463,-50.2703
58.3747,-59.9844
52.5302,-53.9611
39.9147,-53.6015
58.3687,-50.6684
58.4274,-60.5225
49.7316,-62.8182
57.2526,-48.9446
49.2345,-52.3847
44.4047,-53.1230
54.1374,-50.9023
59.1614,-49.6230
42.6751,-57.4093
45.4236,-56.4000
49.9823,-53.4386
59.9462,-50.6945
53.3159,-50.8904
54.5661,-58.8591
49.8008,-55.9621
51.5295,-55.9791
50.4789,-60.7301
56.0089,-52.1767
54.3954,-59.7723
45.0742,-57.1018
49.8480,-55.2190
47.4181,-51.2682
50.3220,-60.6581
51.6705,-51.2522
56.0719,-45.6926
45.0504,-52.2425
50.9025,-51.8901
56.8243,-50.6156
51.7752,-50.7522
62.3311,-56.1905
51.7844,-51.6669
53.2191,-58.5862
49.6059,-67.4285
44.5930,-50.9602
46.8298,-56.3591
48.0430,-49.2454
54.6600,-58.3842
59.1743,-66.1981
45.8688,-55.2310
52.6200,-47.6725
57.8421,-62.0546
57.7106,-57.3612
44.2595,-56.3515
53.2760,-43.4969
45.3167,-54.4973
38.9681,-47.9068
60.4073,-55.4624
62.7529,-46.3932
30.3924,-58.3761
40.1769,-62.8009
49.6282,-43.9716
44.0972,-52.8035
64.7322,-47.8322
51.7933,-69.6118
58.1263,-50.0985
56.7017,-52.0564
55.2437,-50.5510
51.1254,-54.4456
55.8091,-54.3236
43.1753,-66.5699
58.4458,-41.3928
57.3104,-61.7714
46.7745,-50.7783
53.5251,-56.1063
57.9592,-41.2836
53.4524,-47.8845
52.5534,-58.5176
59.8984,-44.0993
60.0241,-45.6023
59.7536,-49.9669
58.2282,-62.1105
55.1877,-54.9988
45.6286,-63.1475
46.7812,-58.8962
53.4992,-54.7999
55.0788,-49.1969
43.5862,-59.4506
59.4674,-58.2776
49.4423,-50.8104
51.2134,-48.7839
63.1587,-49.2162
55.1363,-56.4102
47.9469,-62.7581
58.6211,-49.7670
56.8746,-50.7749
44.8693,-50.4583
60.5782,-56.0493
63.1570,-52.8152
33.5659,-60.7194
60.4405,-55.1716
46.9891,-46.3188
51.4854,-50.5719
64.7072,-50.8253
43.5994,-64.4072
60.6677,-46.4491
58.7219,-42.6161
55.8177,-55.4173
55.4302,-51.2225
52.9206,-64.7939
42.8917,-67.1599
62.2526,-36.6684
55.6324,-59.9323
52.7567,-48.9185
58.2009,-40.6895
52.7935,-50.9748
44.6651,-61.8986
53.1373,-65.9888
56.7773,-52.0952
55.1505,-56.3374
61.8380,-50.4383
42.7965,-57.6969
42.3697,-54.8127
47.3425,-53.7977
42.0375,-50.3296
57.3552,-50.4046
54.8486,-50.4375
54.8181,-44.8120
51.0180,-51.0695
51.1062,-50.0351
56.4939,-55.4615
49.1913,-60.3763
62.3659,-44.1520
51.4228,-48.0684
53.5522,-42.5270
54.4430,-53.7888
57.8772,-46.2444
59.0896,-61.5491
58.1559,-51.5022
51.4143,-54.1912
61.4858,-48.6506
52.4938,-49.3408
53.6246,-44.4424
62.2920,-55.1863
50.2593,-62.1261
42.9140,-63.1644
64.7445,-56.6144
53.5234,-58.7225
37.1281,-62.3460
53.4366,-53.2323
67.0768,-54.0147
60.6922,-43.0730
48.1208,-66.6092
48.8692,-54.2163
67.1691,-43.7344
58.1584,-43.9287
50.1371,-63.9072
52.7196,-50.1061
57.4134,-49.8256
45.6548,-63.3029
66.2983,-49.9313
56.5104,-56.7545
54.0200,-54.0537
50.6151,-53.6914
57.7039,-52.4570
47.0160,-61.3356
55.3105,-51.8609
48.9024,-53.9992
55.6946,-50.9200
58.8084,-48.2556
47.5326,-53.7016
55.2689,-53.0588
56.0377,-52.4223
49.4337,-58.9820
60.0750,-48.7680
46.6538,-54.0798
54.5812,-37.2878
62.1172,-61.3807
47.3018,-56.2657
63.3085,-54.9655
61.2164,-51.8421
55.3154,-51.3520
53.4950,-55.0998
67.1681,-58.2642
56.4275,-58.9715
45.3269,-53.0496
55.6021,-60.2178
52.5922,-49.5331
47.0289,-63.9949
51.8794,-42.6390
59.2638,-59.6624
56.6059,-40.2433
51.6059,-63.8798
59.2337,-52.3372
66.2926,-53.3624
48.1980,-54.7794
47.6737,-57.8044
55.6880,-46.1904
56.8469,-48.1492
42.0406,-59.6116
56.1499,-52.4960
57.3024,-54.0048
53.2095,-63.4723
53.6717,-51.0899
51.7884,-57.8432
47.2050,-61.9086
45.6700,-56.4834
39.7764,-59.6588
56.4874,-54.4856
55.7704,-59.7392
66.8283,-52.0502
55.1870,-56.4792
56.3155,-48.2748
45.3446,-61.4303
54.0713,-43.5434
44.8429,-57.8758
57.5878,-38.3567
65.3586,-57.7518
59.2831,-49.5119
52.6622,-51.5970
58.8196,-56.9395
61.6937,-45.4587
53.9491,-52.8816
67.3555,-44.4931
54.1209,-60.0873
35.8261,-63.2939
63.6788,-59.7667
39.4035,-58.4863
44.7465,-63.9834
59.0560,-51.4172
54.0278,-57.2813
64.5407,-41.2039
58.6478,-48.8514
57.5701,-52.3860
55.7140,-58.0448
54.4248,-53.2049
52.6955,-62.2036
55.3314,-41.1241
55.4014,-52.5035
55.9803,-57.5476
56.6249,-61.2541
58.5097,-50.0330
59.2389,-49.2557
53.6928,-54.8563
56.4878,-52.2414
56.2236,-55.6431
51.0423,-50.6911
57.5585,-57.6401
56.5983,-54.4124
50.5591,-61.0746
54.1271,-58.5542
52.4164,-44.4084
56.7594,-44.0554
48.3440,-45.0539
47.9412,-65.3997
62.3917,-55.6062
61.1524,-57.5503
53.6991,-51.2327
53.4379,-49.7835
63.9779,-41.0065
46.8227,-49.1303
59.3143,-57.1875
54.0202,-57.0171
53.4452,-55.9345
62.1401,-46.1458
52.7013,-54.7750
49.8931,-64.4768
54.2389,-57.2398
44.3244,-49.2926
61.5956,-49.9646
56.5080,-46.0520
50.5397,-49.6568
59.9075,-54.7800
46.8518,-60.2207
51.6941,-60.2014
56.2960,-58.7745
65.5286,-40.6714
57.4492,-52.7412
53.5807,-53.9229
52.4834,-45.8561
45.2953,-57.6232
53.3148,-52.8133
53.6001,-49.5713
54.0365,-50.3697
62.7173,-40.6094
50.3642,-55.7623
47.9293,-54.3002
51.9614,-54.5654
47.2605,-55.8121
41.9675,-58.7167
62.2857,-55.2659
59.3638,-56.1642
62.0389,-49.7436
53.0537,-53.2425
48.4665,-51.9147
60.3819,-55.8641
54.9564,-52.8804
61.6038,-52.0364
55.3376,-48.9020
47.4919,-57.2993
55.2452,-60.8102
50.9713,-63.0370
51.8018,-52.4237
32.5165,-54.5181
49.2133,-55.9912
59.1764,-53.8534
44.9644,-57.3603
54.9693,-52.6685
61.9682,-48.1181
60.8567,-47.2761
47.6141,-57.6599
59.1036,-41.1131
60.4487,-46.5536
55.9083,-58.0105
41.3732,-52.0599
47.4356,-59.3872
56.5281,-52.8446
53.0705,-46.2265
48.2400,-59.6069
54.7801,-46.3843
53.4710,-50.4936
52.9143,-48.2624
58.1786,-54.5818
57.9736,-51.5595
55.1820,-63.7187
67.9627,-45.8435
47.1239,-60.0135
58.2639,-53.7428
54.5860,-54.1055
57.9427,-51.0162
53.2647,-57.5489
58.0675,-52.1832
58.0540,-51.9985
44.1922,-56.1974
44.3113,-56.7837
50.1876,-61.7899
56.0791,-52.4184
58.5743,-48.6040
49.1050,-51.5890
36.6933,-61.7790
40.2915,-61.8307
48.0892,-64.3849
60.3126,-42.5236
49.8976,-47.0480
49.1762,-54.8405
59.4645,-51.4237
46.0045,-60.5708
48.7860,-54.3728
56.5285,-44.4125
58.7266,-47.2100
52.7550,-50.5768
58.1994,-33.3041
57.5036,-44.8081
57.8056,-50.8216
34.3732,-61.8666
58.6702,-43.6865
57.8688,-57.9465
52.9269,-50.0423
58.3521,-59.8186
60.2831,-46.7190
50.8318,-58.2068
51.1016,-54.4212
53.1763,-53.6150
56.6433,-47.9552
48.9514,-59.4416
54.9332,-51.7115
52.8980,-51.3367
43.3290,-64.5913
55.2137,-50.9734
53.3842,-54.2768
56.8498,-60.2406
50.5150,-56.6395
50.5497,-47.2524
50.4605,-49.0656
48.1011,-60.1512
44.5164,-70.9709
58.2735,-58.6862
56.6145,-60.7014
54.4551,-56.7834
61.0883,-50.3569
50.1979,-57.6753
55.9762,-57.7261
50.6997,-56.2329
46.8316,-67.5787
57.4257,-52.7772
59.5991,-52.2951
52.7445,-56.4354
53.4553,-51.0424
46.3505,-47.2202
61.0616,-48.5270
65.3200,-57.0289
60.3422,-44.6345
54.8223,-55.0504
54.0667,-54.2225
67.2220,-53.9625
58.0959,-58.6963
53.2732,-58.8250
52.9893,-45.3076
54.2129,-57.2464
49.3880,-65.7855
50.7382,-56.5751
62.0502,-42.1250
42.2485,-53.1889
52.5084,-52.1702
53.6601,-54.3250
43.1904,-63.4275
50.0529,-53.6060
44.8632,-63.7256
56.2330,-54.4444
56.8385,-47.5028
58.0185,-59.9831
55.1176,-52.1442
60.6939,-43.2076
55.8466,-53.2802
46.4324,-52.6127
55.8508,-59.0305
63.0839,-59.0811
58.6623,-58.9825
59.1245,-47.4409
61.8459,-52.7984
48.6968,-50.0207
55.8966,-57.8985
49.9242,-51.3087
53.5196,-64.5803
52.5717,-51.7774
53.2037,-56.9506
46.9752,-65.1093
43.5706,-52.6971
43.3480,-45.6378
60.5136,-42.5865
58.6722,-56.0427
62.9362,-41.3677
61.4496,-45.6521
57.1622,-51.3844
69.7919,-48.8772
52.8157,-48.6237
40.9020,-66.3263
50.5220,-64.9257
61.9523,-40.3876
60.0089,-45.8728
57.5627,-53.3797
46.0590,-54.5709
51.5678,-41.3489
47.7229,-44.1102
59.2712,-49.0691
55.8287,-51.3421
55.4293,-55.8332
52.8170,-47.8589
48.4886,-44.4080
41.3477,-63.9074
56.3715,-44.8267
51.2996,-56.4590
57.1785,-53.0160
50.0217,-60.3587
55.2426,-39.5086
49.4605,-58.9754
55.3444,-50.1843
59.2473,-63.1336
53.9074,-63.3270
61.6303,-51.5898
67.1119,-34.6860
53.2940,-47.7949
54.8800,-47.5351
56.8804,-49.2524
60.1767,-52.1877
53.4989,-61.6875
61.1052,-59.3789
58.9554,-54.0001
34.6545,-56.6729
54.2197,-51.8681
66.2809,-44.5774
58.0368,-41.5308
54.6066,-60.4177
49.3677,-47.6153
62.9832,-49.3886
46.9170,-53.6235
56.4713,-54.2061
56.4490,-58.7125
53.5504,-49.3834
54.1619,-57.9125
59.5741,-42.2438
48.6756,-56.5708
51.4540,-53.9419
52.2481,-62.2275
48.3722,-62.6137
57.1825,-52.0698
55.3805,-52.1222
65.2032,-42.5960
45.9838,-61.6229
53.0140,-54.0216
46.6540,-52.7684
52.8782,-52.1001
60.5801,-57.5372
44.9358,-62.7931
60.5527,-57.5731
51.8661,-54.2734
49.6232,-51.3927
68.6801,-50.6332
56.6409,-53.4094
50.0592,-57.8760
41.7154,-56.9553
46.8881,-50.9196
46.7423,-53.4883
56.2916,-53.3544
55.1903,-64.9924
49.9662,-55.3698
63.4313,-53.3074
54.3493,-54.6163
46.1985,-53.3243
48.2461,-49.0631
53.1324,-60.0131
64.6073,-49.9414
60.6171,-62.4590
56.0627,-46.3556
65.8625,-43.9157
49.9755,-53.5476
61.4763,-55.2399
51.9396,-62.4729
57.5767,-48.7789
50.0285,-55.7031
65.6359,-48.1246
52.8574,-55.3773
49.2387,-60.7675
50.0668,-55.7202
51.9074,-52.7980
56.3091,-53.0364
56.2753,-46.8087
54.7245,-48.0167
53.5734,-59.8947
50.6312,-51.4923
61.2351,-47.8909
60.0941,-55.6476
61.4850,-56.7443
52.9085,-55.0526
55.1735,-37.6428
59.1506,-49.0488
50.9912,-50.5299
62.0970,-61.9513
57.1209,-59.7397
57.8868,-52.0480
53.7019,-46.0122
50.8063,-45.0284
42.3536,-52.3554
47.2041,-56.3192
52.7141,-62.8373
50.3432,-62.7419
58.1504,-57.2777
57.6322,-46.2406
45.7865,-49.4876
46.9571,-46.1433
49.0227,-61.2969
59.2773,-50.0896
56.8497,-60.6806
53.0603,-38.4840
62.2392,-51.7587
57.3527,-52.3590
45.8392,-55.2165
50.0287,-68.7213
50.9350,-57.0660
56.3572,-65.0871
61.2299,-48.9838
43.0719,-58.8693
49.4239,-48.7281
53.9929,-47.4536
60.7171,-52.8326
57.9801,-50.0131
50.5728,-56.2835
56.8360,-43.3327
54.7372,-51.7757
52.6551,-43.8698
54.1049,-48.6556
60.6905,-52.6383
59.1470,-56.2182
50.1493,-60.3189
56.5982,-46.6977
52.7941,-46.7263
45.9772,-53.3331
51.0380,-53.2192
46.5053,-56.5847
54.6202,-55.6269
56.2021,-54.8549
48.5413,-42.3777
45.3773,-50.3522
59.2968,-44.6279
52.0000,-66.6727
53.5704,-50.8307
63.1661,-51.4764
57.0029,-49.7525
51.4552,-53.5272
50.2744,-57.3712
47.5183,-61.4768
62.6652,-48.9601
54.7235,-56.8253
52.6349,-50.9909
57.2024,-41.1720
53.8949,-48.6115
53.9533,-59.4296
53.1229,-59.5560
61.0347,-46.0108
57.9305,-51.3901
58.8193,-39.9838
41.8431,-60.9831
52.0808,-56.0024
49.2832,-64.2081
43.5095,-60.5682
54.9574,-53.2155
44.9086,-53.5620
59.9096,-54.2341
52.9224,-58.8128
46.8829,-51.9984
46.4101,-48.7321
58.7178,-47.6177
52.9417,-59.8568
56.7586,-52.8973
52.3805,-62.1737
55.3608,-59.5676
57.6207,-54.6097
52.5209,-50.0331
51.4568,-48.9699
52.9111,-51.5825
47.9696,-51.5289
51.9510,-48.2045
53.7761,-57.9353
48.5882,-43.2109
43.1862,-61.9474
56.3115,-45.6501
56.5469,-53.8057
58.4194,-49.2279
57.4981,-54.6360
51.9243,-61.8897
42.5864,-58.0556
60.7630,-45.2948
50.9244,-56.3329
47.9443,-55.8804
43.5275,-54.8156
56.5902,-49.1342
47.9966,-60.3688
57.2438,-47.1107
60.0212,-52.6771
52.8628,-49.8610
51.0623,-43.8146
46.5826,-55.7797
52.6595,-53.7036
51.3683,-63.2166
45.9982,-62.5324
58.5115,-46.0880
50.2496,-53.6906
61.1195,-49.6106
52.5872,-59.9854
58.0614,-50.5399
39.5419,-54.0508
55.9593,-40.9299
60.3949,-53.4341
57.1579,-50.8971
53.5691,-62.2972
50.0304,-59.7440
54.8930,-49.3222
51.3788,-49.6753
57.0366,-40.3953
56.1196,-54.3477
50.8446,-51.8323
54.3946,-52.8575
60.1407,-50.5393
46.1939,-58.0230
53.3150,-49.9528
52.9220,-49.3609
57.7558,-44.7697
55.9606,-51.6609
61.0955,-55.0756
59.1204,-57.7996
40.8308,-61.5221
57.8470,-51.5019
51.4333,-47.0065
55.4956,-60.1446
36.3071,-62.4109
57.2264,-55.8179
52.0766,-51.4122
51.9701,-45.7983
54.4126,-46.1355
60.1570,-46.7091
46.5069,-59.8433
55.3792,-49.8304
59.7848,-48.7682
56.9456,-55.0675
53.9304,-50.1452
57.8242,-51.4272
54.8622,-49.3219
57.4306,-57.3955
50.7600,-59.4515
56.9053,-61.0621
53.0181,-54.2894
47.0615,-39.9240
46.8297,-53.6972
54.6610,-54.9704
52.8106,-65.2965
59.5993,-49.3826
51.1867,-52.7774
52.8574,-48.0408
55.9801,-51.6558
59.0227,-47.4925
41.2998,-55.8574
53.0798,-53.2344
62.3347,-53.2013
48.6684,-47.1264
49.1305,-51.3884
56.4249,-47.4995
48.2484,-57.3966
47.3362,-54.4049
59.7188,-49.1292
56.8397,-55.5767
41.6561,-61.1379
51.2741,-49.6422
56.8766,-48.0858
48.0940,-62.8616
40.3653,-56.5125
54.4554,-60.7787
59.8983,-51.9556
51.6050,-47.7163
52.3206,-60.3918
56.4905,-49.6953
53.4518,-54.5795
49.7592,-58.1809
55.1175,-56.2460
46.0453,-60.0515
51.9456,-64.0944
59.3044,-44.5591
53.7320,-54.0605
45.2592,-57.2011
55.0605,-60.2167
61.1216,-52.1612
39.0865,-53.4151
56.5698,-50.0023
51.9761,-54.6182
57.0323,-56.3367
58.5947,-55.7807
48.0169,-53.0159
40.6572,-56.2948
58.3254,-54.4192
52.0829,-50.8353
49.6663,-56.7980
50.1776,-52.2928
51.0409,-48.1996
55.9300,-49.8537
50.3883,-53.1035
44.3030,-72.2369
47.7398,-52.2357
54.9399,-54.9609
54.3044,-51.8779
60.7697,-56.6634
63.6942,-54.9822
44.9021,-63.7074
45.6636,-57.6151
56.4667,-52.8172
51.4971,-61.7179
54.8049,-48.5760
47.4605,-50.8482
50.4858,-55.5483
48.6165,-54.6605
53.5262,-50.6288
47.0341,-50.6422
58.4390,-50.2957
50.1578,-56.9388
53.0200,-59.1098
51.0515,-61.6934
50.9202,-62.7658
61.9944,-38.4659
51.8961,-48.6275
58.9958,-46.7398
53.0224,-58.9561
51.7152,-50.0356
46.2782,-51.8002
44.7551,-43.2364
56.3827,-53.8130
59.2961,-53.6810
58.0845,-60.3699
55.1140,-47.9853
44.5500,-53.9685
62.4354,-52.6336
59.7332,-54.6265
42.9645,-55.2394
53.8467,-58.2991
46.8229,-49.3244
49.8449,-53.5167
46.3292,-66.6244
53.1705,-54.9401
56.1677,-46.4773
53.7955,-48.3135
52.9148,-55.3353
52.4790,-50.9420
50.6920,-59.4480
42.5375,-62.9723
62.1632,-51.8912
62.9155,-51.8986
45.9712,-52.2205
54.9181,-55.1058
54.9051,-50.4958
44.8955,-46.9210
51.7314,-48.7150
56.2725,-38.5353
44.3409,-53.6244
63.9746,-47.5332
44.1363,-57.0697
53.8176,-55.6513
38.0635,-67.6333
44.5039,-56.6198
52.9790,-52.9303
53.1056,-52.2881
56.3531,-52.5364
61.6357,-61.1454
50.2352,-51.0710
44.6365,-54.3420
51.3068,-55.1810
54.8188,-52.6730
55.0482,-63.8163
57.9091,-53.8930
51.0081,-50.1811
38.6964,-52.8195
53.6914,-59.1056
56.9086,-52.6769
38.3490,-55.6970
56.9102,-60.5741
43.8796,-49.3463
56.1631,-44.5186
44.6243,-57.1633
55.2035,-63.2483
58.2778,-48.5375
58.3119,-47.7060
57.6709,-50.4831
46.3971,-53.9352
44.8590,-55.6328
52.2553,-63.2527
63.8102,-45.4965
59.2111,-59.1973
50.2899,-48.4942
54.6826,-47.7939
61.6111,-47.7952
49.6557,-57.6889
49.7195,-57.2581
64.5589,-48.6917
43.9044,-61.5903
61.2381,-50.9487
50.1988,-57.8496
49.2984,-53.4485
48.8168,-62.4797
44.4840,-46.7669
53.4368,-53.6907
58.3800,-42.3792
51.2165,-54.8493
51.5309,-63.9129
53.6375,-48.4078
48.9426,-50.9061
53.7134,-51.1814
52.5983,-52.2444
52.8064,-60.0382
57.8517,-55.0919
51.7059,-49.8749
50.6243,-52.3639
61.4361,-48.0217
55.3790,-51.6975
42.4199,-49.9449
54.2983,-42.4686
62.7138,-46.2384
53.6715,-57.1273
51.6157,-44.2579
55.8112,-56.3917
52.3366,-55.0841
50.0748,-59.3400
54.9468,-55.5142
62.5346,-53.0403
63.4730,-58.0736
43.2511,-53.5769
52.9706,-50.8204
57.4326,-40.7847
47.5072,-62.4613
44.5062,-55.6625
50.1252,-59.9662
62.9070,-46.0765
49.5698,-46.6986
46.8675,-54.1848
45.9102,-51.5861
46.0463,-55.0282
56.4111,-49.2926
60.5226,-46.6217
54.9127,-55.9109
51.8020,-53.2233
57.6950,-50.9071
45.8981,-46.0027
51.7715,-57.6509
54.9922,-53.9978
51.5274,-61.0522
49.0085,-58.5862
51.9533,-42.2609
48.0303,-60.8152
43.4470,-49.1388
48.3240,-64.5570
61.1752,-57.7018
62.7415,-51.4433
54.2921,-56.2952
59.4806,-53.8093
60.1700,-49.4042
56.2419,-51.9396
57.5977,-57.1525
52.1634,-55.6538
41.9269,-57.8686
58.8923,-48.0092
48.5905,-56.7810
49.8263,-64.1721
55.4096,-53.1610
45.8155,-45.5162
58.6151,-43.8098
57.7225,-57.2239
60.3369,-49.8622
48.3777,-69.7990
50.6208,-49.4331
66.0618,-56.7453
58.6831,-46.6201
45.9401,-56.6018
45.7636,-63.0325
58.4592,-45.8109
49.6705,-54.9065
61.6769,-57.1183
54.6385,-61.2984
46.7250,-55.6925
47.9400,-63.2822
43.1065,-51.6054
53.0070,-54.9955
53.9184,-47.4356
53.8609,-47.7276
51.6294,-64.8046
50.4350,-55.5043
50.7024,-48.1650
56.2562,-54.0795
61.2132,-59.6651
41.6259,-61.6991
57.1892,-51.9461
52.5805,-51.0142
35.9255,-53.0483
59.1165,-58.0137
58.8246,-54.9209
47.1607,-55.3747
62.3541,-58.4216
53.4135,-48.5708
46.7225,-51.6308
58.3227,-49.2069
40.9645,-56.5785
51.4283,-63.2549
60.9035,-60.9598
52.1583,-53.3680
36.9581,-53.4702
55.5885,-51.6019
56.9136,-55.3910
63.0883,-52.4980
54.0170,-61.0711
50.3893,-51.1116
69.2462,-37.4983
52.3141,-49.5768
58.5714,-57.6184
53.4886,-62.9882
55.0726,-46.3489
43.6875,-60.4516
61.7153,-47.5148
48.4731,-54.6104
46.1284,-57.1595
52.3218,-53.2620
40.8436,-58.6791
57.9305,-45.1689
58.1840,-50.3317
55.5183,-49.5292
56.8533,-56.3515
48.6336,-50.6185
42.7981,-53.9033
56.3576,-54.8906
55.2896,-56.4284
50.1275,-64.8707
59.3853,-52.0666
52.6288,-51.5714
30.5474,-55.1168
58.6757,-59.4403
53.3449,-59.9590
45.7687,-58.7526
53.6924,-52.3359
53.8585,-44.9182
49.0931,-54.7225
60.1893,-54.6196
46.8482,-71.3792
55.3496,-55.3090
59.0989,-48.7584
54.6012,-51.1617
49.0154,-52.8694
51.2741,-51.3859
61.9742,-55.2088
61.5663,-52.7254
53.6600,-62.5851
53.6862,-49.0104
63.1821,-41.3490
52.4342,-50.3006
59.1661,-53.6017
49.1059,-70.1268
58.7345,-56.2754
52.5751,-53.0018
57.8081,-40.1151
46.9005,-58.2371
52.0981,-60.6759
50.0898,-66.9092
44.4992,-61.8964
57.0220,-51.1241
47.5289,-53.8308
54.0530,-50.8432
55.0327,-58.6029
55.5046,-53.4166
51.1190,-54.8833
59.2328,-49.9376
61.9672,-50.7298
53.6808,-45.2080
51.3475,-61.3424
65.9825,-48.8885
62.3874,-51.3593
42.8999,-46.6056
54.6870,-43.5594
53.0696,-51.5037
42.5052,-54.4397
53.8241,-56.4854
53.0019,-56.9059
54.9377,-57.9837
50.9368,-59.5213
52.9388,-44.8530
44.7666,-58.1441
51.0082,-62.1425
56.7495,-44.2645
54.8243,-56.0882
42.8293,-56.3021
44.6704,-57.6291
61.4680,-37.2215
55.9959,-57.8073
41.9101,-60.5225
51.2953,-64.9147
52.5552,-55.3950
54.3749,-38.0840
56.5130,-53.9290
49.1081,-56.3663
49.4460,-58.7667
57.6371,-57.5308
54.0229,-52.7992
54.5627,-62.6012
52.2882,-56.2790
56.1826,-57.1697
48.8505,-52.6202
52.6190,-55.4683
55.0215,-55.9536
62.4429,-47.4248
54.3777,-61.0761
54.1891,-49.9220
54.4259,-51.5275
54.4938,-48.5097
47.3519,-59.3961
55.5165,-60.3902
61.0427,-53.4093
55.5613,-45.6873
63.2624,-39.8635
58.9194,-44.4458
39.9104,-57.2991
52.1701,-62.5788
51.1544,-52.6572
49.1495,-55.5017
51.1586,-50.4183
52.6282,-50.3812
49.9362,-47.9206
52.2747,-52.3374
55.4520,-47.5622
61.5667,-49.0093
42.1532,-58.4465
56.4756,-45.2914
52.1375,-50.4959
54.1975,-52.0009
40.2586,-62.2501
48.4449,-51.9800
45.8323,-53.9076
50.3592,-46.4246
51.8850,-52.2867
62.6037,-61.5911
60.9198,-44.6564
46.5617,-56.7635
57.4271,-47.8343
59.6720,-49.4627
56.1149,-58.0446
56.0792,-56.8914
45.7689,-58.0507
56.3673,-59.6175
50.2159,-51.4296
59.2955,-54.1953
52.4999,-56.9491
54.3122,-53.2812
49.7607,-59.0698
49.6322,-55.3647
47.9659,-63.4741
50.1338,-55.8855
53.4823,-54.8418
47.5708,-50.8138
59.4002,-43.7282
50.4960,-55.1527
50.1905,-52.7677
49.2482,-55.0407
59.3209,-44.6667
43.6974,-49.1115
52.5527,-54.9066
56.7480,-50.0253
53.2451,-47.8123
56.0975,-56.2412
65.8154,-48.4576
57.6201,-54.6224
46.3427,-62.6314
59.3579,-50.7797
55.4813,-40.5416
51.3315,-61.2727
49.2448,-50.7568
55.6042,-51.7244
59.6015,-51.8039
45.3264,-50.4308
52.8435,-56.1083
60.6949,-41.4979
61.1313,-53.2725
56.1130,-46.9060
50.8339,-54.0369
54.1530,-56.8031
50.5172,-62.3604
62.4944,-48.0434
47.2575,-50.1978
56.6788,-57.1665
56.1614,-56.8233
50.1649,-51.9573
51.6848,-51.6398
63.7056,-32.3202
54.6797,-52.6002
53.4250,-48.2237
46.9969,-66.1570
57.2688,-57.7399
58.1011,-52.6231
55.2624,-49.0698
60.1347,-46.1654
51.2352,-52.8151
52.4782,-59.6186
56.8161,-53.2263
58.7226,-55.3818
48.6343,-52.8788
57.6320,-49.1046
58.8488,-50.5027
57.6289,-50.4054
57.4919,-59.6681
59.1363,-55.0614
58.5047,-62.3598
41.9945,-62.3585
61.6717,-50.5520
58.7017,-48.7023
52.0368,-56.0205
41.7342,-50.5785
54.6644,-56.4096
47.5548,-55.4264
56.6172,-46.6953
53.2530,-53.6670
59.6002,-45.1301
42.7087,-50.0701
56.3889,-51.1114
59.3720,-53.0605
54.3663,-60.5165
51.1646,-57.7925
58.8907,-43.5765
46.1995,-51.8910
55.8538,-49.8365
50.5501,-57.2191
48.2554,-51.3711
46.3839,-53.2391
49.4465,-40.5518
49.5687,-51.4404
50.8085,-51.5680
53.4080,-66.0009
65.5807,-52.8296
58.1585,-53.5219
51.7103,-40.9951
57.3371,-43.9700
58.0838,-37.1172
33.9060,-58.3916
54.7805,-55.4196
63.5400,-51.6534
59.5257,-55.7873
63.2766,-45.6193
62.5169,-57.1268
49.3131,-64.8986
53.9576,-53.7251
52.1986,-45.4866
62.7612,-52.3591
55.3371,-48.7944
52.5650,-47.2858
55.5036,-53.8267
47.1737,-48.5478
63.6433,-48.3128
55.1603,-47.1057
51.2120,-58.2253
59.9330,-58.9719
55.6025,-50.4820
59.3373,-55.1534
45.5788,-53.8666
53.5961,-55.0593
55.9364,-47.3925
57.3862,-50.3520
52.6470,-51.1079
51.8469,-52.1508
46.7965,-60.5043
45.7738,-58.7878
54.6965,-43.8091
44.5884,-47.0764
51.7021,-56.3972
46.0409,-41.8500
51.1812,-45.3308
58.9632,-47.8090
48.6629,-66.3793
58.1743,-49.7937
58.4738,-55.6620
55.3965,-54.5025
53.7396,-56.7280
58.9339,-39.8133
43.0157,-54.2934
59.7265,-50.5864
57.8520,-57.8315
54.9906,-49.9134
59.4754,-51.4715
53.6090,-58.7328
54.6156,-54.9274
60.2561,-57.0300
59.6433,-54.1900
57.1243,-58.6146
51.6935,-49.0866
35.5789,-58.3093
52.6579,-48.0248
56.3156,-57.4301
56.1004,-59.3575
46.9376,-60.6501
59.1387,-40.8524
59.7572,-51.4615
46.0887,-58.9642
52.4607,-48.8171
29.6926,-55.4407
55.2892,-47.6824
55.7139,-54.7852
51.9646,-49.6955
52.5052,-48.8506
48.9123,-53.1428
49.6408,-50.1396
39.4705,-62.1869
46.4954,-53.1436
37.7837,-53.6132
56.3055,-52.5795
42.4781,-56.8163
52.0593,-46.4586
55.3169,-45.2171
45.2203,-55.4539
62.6678,-51.6727
51.2873,-63.4196
53.9561,-65.1741
58.5911,-52.3239
54.5766,-52.3396
49.9703,-54.1990
59.3783,-51.4392
56.8546,-54.2225
54.8530,-55.9704
60.3310,-49.0917
62.6000,-60.2066
49.8881,-49.8563
44.9541,-55.0755
54.4024,-45.9603
62.4023,-47.9457
52.9299,-43.8189
53.1779,-45.5008
58.5630,-56.9350
50.5514,-47.0945
59.0762,-53.4654
49.2657,-61.1791
58.9766,-49.4737
55.7437,-55.3827
56.6392,-49.5573
57.2291,-47.2310
48.5895,-52.1987
52.8687,-58.3964
61.7770,-41.2111
54.2536,-49.0985
54.0622,-50.9119
51.8742,-55.4421
42.7930,-55.8995
50.6338,-54.6003
53.9135,-47.3980
44.9377,-57.2298
56.0906,-54.3149
46.5495,-44.4799
49.6390,-47.1445
60.9685,-54.7239
55.2214,-62.4709
56.4440,-47.1763
54.8996,-48.0058
58.0395,-53.0618
56.4890,-49.8922
59.9759,-56.2028
45.1286,-56.4773
57.8764,-45.2608
49.9727,-62.5840
64.4179,-48.2357
60.8472,-59.6454
44.8943,-57.7381
58.9353,-56.6338
56.7242,-50.3622
66.3315,-56.8852
58.3576,-61.0291
40.2768,-57.4467
43.9367,-57.4275
61.0839,-51.3902
53.0929,-62.3408
53.7644,-56.1770
47.2209,-64.1282
61.3479,-38.5640
60.2984,-50.8816
55.5864,-53.1170
52.6952,-53.3325
37.6978,-55.0317
55.3672,-48.8394
57.3418,-49.6206
50.2166,-54.5665
58.8246,-50.5852
60.4614,-37.6772
48.3101,-58.4459
54.8257,-50.6261
49.8042,-50.0513
55.6542,-53.9353
46.0959,-52.9979
47.6491,-48.3506
51.1547,-51.0866
53.0317,-50.4750
53.5687,-54.6260
39.9443,-52.1904
45.6967,-51.5299
62.0241,-57.3422
54.1421,-56.6161
44.0458,-55.0589
55.8277,-59.4896
51.1227,-53.6849
51.1684,-60.0956
60.8567,-55.7930
57.9922,-59.0938
39.8118,-51.0031
60.1233,-55.0278
53.6970,-45.1604
56.6901,-63.7893
56.8737,-60.1558
56.5713,-52.1839
55.7383,-49.6729
45.7947,-60.5550
51.3164,-55.4775
66.3013,-56.6455
48.1704,-58.1485
51.5390,-53.5229
57.4214,-42.4772
48.6246,-50.3958
49.6962,-57.9043
55.3564,-52.6418
55.6534,-59.0988
46.3797,-57.3176
52.6912,-49.7027
59.2125,-51.1300
35.9314,-62.7600
57.7387,-49.5088
46.6574,-56.0240
52.9822,-47.6389
68.5044,-51.3013
57.0439,-50.6315
56.9559,-56.4731
49.4676,-56.2326
57.2063,-60.8523
59.2984,-57.7004
47.4935,-57.7359
49.3653,-51.8038
62.3161,-47.9830
39.4555,-62.7503
49.4449,-59.2795
47.5775,-56.9178
50.9324,-56.8415
64.8930,-28.6436
57.4344,-43.1829
49.1271,-52.3139
56.7538,-52.1236
54.4275,-55.5218
53.5336,-55.6699
56.5892,-51.6861
47.3111,-56.7577
50.1146,-62.8064
43.2085,-56.3103
51.9901,-63.3823
55.8541,-58.6937
58.0620,-51.4824
60.6312,-44.7362
50.8123,-42.1168
61.0463,-55.8263
45.4406,-55.1935
56.3445,-55.4721
56.3306,-50.3242
54.3534,-61.3758
57.5159,-60.9592
57.1352,-47.4712
52.8072,-62.8196
62.3082,-55.2040
57.1719,-54.4830
47.0101,-56.2366
52.3432,-42.2633
56.9334,-50.7139
41.0969,-57.3453
55.5724,-52.6071
43.7588,-57.4437
47.7355,-54.4633
52.1783,-58.0799
52.5976,-57.1156
53.8183,-45.6928
55.0157,-46.3762
50.5762,-51.1448
58.6133,-44.5470
48.8934,-62.4030
54.4008,-54.5492
53.4126,-51.5477
43.3614,-61.6595
55.2300,-48.7074
63.1146,-53.6046
46.5045,-50.2565
51.9389,-56.0529
51.8690,-47.2670
49.4140,-50.1013
43.7046,-63.0860
65.3150,-46.7818
65.3615,-46.9587
56.1656,-47.7666
46.4350,-60.5851
48.6020,-52.2536
52.2648,-51.8794
53.0557,-56.3921
52.6684,-58.7916
60.7459,-47.5608
42.0986,-55.7145
56.7293,-50.6224
59.0035,-43.8866
51.6622,-60.2650
54.1948,-48.4791
46.7017,-59.6637
51.7438,-46.7233
49.4048,-54.2660
50.2227,-64.7112
40.3291,-60.2291
62.6335,-55.4360
59.8163,-58.6693
53.7695,-51.2614
50.7703,-49.1921
51.8041,-41.0540
63.3001,-36.6757
48.9724,-58.2517
54.9185,-61.2868
61.1111,-53.6171
42.1051,-60.0773
52.0261,-63.3530
51.4478,-53.3403
51.1392,-51.4499
44.9238,-58.0231
52.0380,-58.8325
57.6057,-56.9895
50.7502,-54.7473
54.6511,-49.2466
46.8939,-50.4209
45.4980,-48.4899
50.3968,-60.5518
60.0048,-56.9945
61.8145,-53.0917
50.3882,-57.8148
46.2594,-56.2302
57.0751,-51.9731
47.1786,-58.4656
54.7110,-54.5219
60.1521,-47.5417
55.1051,-55.5160
48.4156,-56.0521
51.5400,-52.2275
53.3594,-49.2790
52.1095,-52.8133
45.9322,-60.4678
48.8598,-60.2183
52.7578,-48.3285
50.3222,-53.3391
54.7137,-57.2739
46.6467,-56.6755
54.6036,-55.9786
57.3131,-58.4326
57.3123,-49.4732
47.8814,-53.7669
40.0054,-39.7435
53.5489,-54.2491
51.3266,-55.1983
56.7779,-60.6652
61.8064,-59.1602
58.5564,-52.6603
58.1027,-52.9193
53.1797,-53.8824
43.0211,-62.3913
57.4132,-45.3593
53.1153,-49.1146
62.7346,-55.8225
51.4064,-54.0334
51.8139,-51.6656
50.0750,-45.5256
47.1518,-44.0891
53.6850,-56.7734
58.5000,-48.9379
57.6007,-46.6275
47.9758,-46.5355
60.3989,-59.5889
51.8627,-57.7528
56.9085,-58.2841
52.8308,-64.5398
58.5021,-55.5775
52.7541,-55.1994
41.3399,-50.8346
54.0213,-41.2565
56.6104,-36.1587
55.0550,-47.4268
58.9579,-46.7143
52.5507,-59.7708
40.5830,-59.5443
61.2726,-52.3616
47.3111,-56.6790
47.7188,-46.0375
63.3483,-52.5811
48.6184,-58.7331
56.0209,-42.8377
58.8591,-47.3858
44.1976,-55.1678
56.7863,-48.4442
57.3165,-60.5441
55.6879,-55.0397
61.3674,-62.7602
53.5796,-58.4376
50.0036,-50.4644
54.1858,-53.2883
57.6711,-50.9896
57.6856,-56.4971
58.7472,-47.7737
50.7771,-56.3177
52.0301,-64.3636
58.2827,-48.7683
57.7828,-55.1685
51.9527,-48.2403
52.7785,-46.2749
46.1125,-60.9249
48.3604,-51.8585
49.3903,-52.3655
56.5127,-60.5460
47.2193,-61.6278
63.4898,-49.3059
58.1585,-51.1986
50.1389,-63.8019
53.8532,-56.3871
42.0808,-49.9770
55.6489,-47.3765
48.7551,-44.7907
49.4893,-54.4613
54.9094,-42.3141
54.4764,-41.2576
49.6120,-57.9377
48.7428,-57.2761
57.6227,-54.4229
49.1998,-52.8630
56.7095,-46.6785
42.9643,-45.2726
40.0578,-52.3729
58.9378,-50.1322
49.2739,-64.2552
61.0676,-51.8240
50.5131,-65.6499
48.5580,-60.4239
54.1612,-54.0564
58.8211,-54.8436
61.1190,-43.0005
58.7056,-51.7116
59.4419,-63.1361
52.4778,-48.4975
61.3923,-40.7944
49.2821,-58.6996
47.7966,-61.5246
59.0450,-48.8760
60.3812,-48.0659
55.4955,-41.2560
51.8668,-47.2247
54.0116,-59.3905
58.2584,-48.1539
52.0256,-54.4364
61.0287,-60.3666
51.7713,-61.9459
52.4682,-60.3662
52.3394,-57.1614
51.6393,-62.3777
47.7160,-58.3026
38.5444,-59.1373
50.3501,-50.4841
41.2438,-53.3526
50.2363,-52.0342
56.5145,-48.8116
53.7352,-56.3694
55.0035,-58.4130
47.5607,-52.9273
42.1362,-62.6176
53.6417,-53.6022
61.9632,-46.5937
49.0664,-58.8901
54.5927,-56.2762
58.3238,-47.0609
53.8515,-51.9289
55.2013,-48.6196
46.8699,-58.5474
55.7630,-61.3511
56.3695,-60.3852
60.9093,-58.9769
53.1483,-49.8843
55.1964,-45.8700
49.6892,-55.8167
59.0495,-50.6279
56.4907,-55.0029
48.8958,-57.0195
54.3048,-62.4272
56.3407,-52.0840
47.5556,-47.1463
48.8912,-48.0310
49.2073,-57.0888
49.0050,-66.0033
47.0222,-64.0236
53.6371,-45.7308
65.1362,-58.2309
54.1950,-55.7914
56.2999,-46.1656
58.6975,-61.1195
51.2800,-59.1503
56.4112,-57.2128
50.5438,-55.6782
47.4915,-53.5894
45.7265,-51.5730
56.7700,-48.0824
57.4988,-46.2271
51.7974,-58.5925
50.5880,-60.1712
42.4001,-58.6293
49.0697,-54.7276
42.1794,-48.0636
59.4475,-56.2302
42.9944,-59.2829
56.2954,-49.0082
68.5503,-50.0750
47.3447,-61.4240
54.8557,-54.2038
61.6469,-57.0050
55.3348,-59.3178
52.7023,-63.4058
63.3300,-49.9267
51.5251,-47.2252
63.2359,-49.3358
51.6564,-60.4896
60.3147,-46.9724
57.4415,-36.8953
56.0429,-59.8898
55.2765,-58.2541
59.3922,-51.8233
39.4625,-53.2649
53.6250,-51.2239
57.6605,-54.7891
52.4496,-52.7752
43.0308,-61.7655
55.8456,-47.5454
69.4684,-50.6491
50.9776,-50.3019
57.9943,-45.5571
46.9202,-68.5714
58.1337,-52.8694
44.0272,-61.4227
54.6093,-48.6633
40.9257,-49.7398
59.0297,-48.7860
51.5143,-50.0213
59.3447,-54.9093
63.9018,-48.3360
49.1669,-56.1331
53.3928,-52.8926
48.0653,-50.1548
49.9020,-41.2552
59.6812,-50.7955
56.7043,-56.8229
54.8095,-57.5675
44.9437,-60.4059
57.6186,-47.8940
45.9482,-51.4035
38.4618,-52.6362
61.3497,-55.0835
59.9656,-51.4787
48.9279,-60.1325
46.8525,-60.9772
46.1293,-45.5301
46.5810,-43.3393
59.4374,-60.5892
47.8683,-61.8789
53.5141,-47.4209
57.0869,-51.5067
59.2527,-42.3141
57.1474,-44.2868
50.1021,-51.9761
48.2936,-56.7447
69.4074,-46.6291
50.0568,-57.8554
48.8136,-53.5464
70.2751,-51.6698
53.2666,-55.1558
57.1402,-47.5474
53.5397,-49.5834
59.4704,-50.7936
56.7435,-47.0640
61.0863,-46.2131
51.4608,-42.4690
49.2167,-58.0479
53.1750,-46.2913
61.1227,-50.1840
47.2201,-60.7930
56.6139,-48.3273
54.1343,-52.3334
44.8575,-58.4540
53.6880,-50.0560
57.4638,-55.6623
50.0350,-57.2336
50.8361,-54.7201
55.8648,-60.7116
51.4118,-55.7173
40.4515,-55.6070
54.0354,-52.7703
54.7978,-59.2159
52.1143,-67.4625
60.2899,-55.7713
49.3856,-50.7368
56.1614,-49.2203
55.7549,-52.2920
65.0489,-47.4712
58.8153,-46.5957
38.6649,-57.1402
55.7794,-58.7164
62.9595,-36.3729
54.4997,-48.2675
51.2291,-53.1991
51.5897,-47.9515
58.5482,-59.3708
50.3684,-60.7640
55.3205,-48.5034
66.0599,-63.4776
50.5568,-54.9657
50.0457,-51.9072
63.3924,-60.1276
50.8619,-57.2458
46.8335,-56.2235
44.1848,-58.2246
53.5151,-51.1467
52.8484,-49.9026
53.1487,-46.8645
62.6241,-37.1886
55.4877,-59.0665
52.2389,-59.7828
47.0041,-58.3661
48.6865,-48.5985
58.4746,-45.7786
61.8000,-48.7193
47.8322,-58.4302
40.0395,-63.1203
61.7989,-52.4813
53.1764,-59.8588
50.8363,-48.7626
52.4042,-61.2374
52.2846,-56.3801
57.1997,-59.5148
57.1025,-59.7673
59.0728,-40.2941
57.6779,-48.2739
51.3405,-62.3304
64.3180,-41.2752
56.6802,-48.0362
49.2591,-58.0863
49.1407,-64.1227
54.8729,-60.3230
58.8110,-50.4900
59.1386,-51.8513
53.5014,-46.1843
50.2161,-65.0948
51.4243,-55.1863
54.7488,-43.2224
60.7401,-61.9599
54.8229,-58.3480
48.4845,-61.3995
56.6014,-60.7817
53.9744,-57.4025
54.7860,-57.9035
45.9638,-67.8848
50.7106,-45.6763
54.6361,-54.1746
51.4174,-57.3421
56.7777,-46.8328
50.7282,-60.8591
51.5910,-56.7241
48.4662,-58.3924
50.3789,-61.8615
45.1615,-54.4407
65.4057,-51.5894
57.5445,-60.7962
56.4155,-52.5443
47.6510,-58.4561
56.0730,-34.3132
53.3790,-51.4943
49.0761,-54.0361
54.5532,-55.4591
64.8308,-49.4905
53.2265,-58.3375
60.9071,-59.8379
46.7097,-42.7599
50.0356,-50.1063
59.9637,-44.9934
39.0298,-72.8393
56.0165,-51.0444
55.3323,-53.4412
59.2380,-53.6180
50.5591,-51.7815
44.5402,-54.0200
55.4327,-59.0419
62.1366,-51.5607
50.6818,-57.0641
52.2475,-51.6498
63.2652,-53.1089
52.8739,-52.1444
64.2041,-45.6024
46.9482,-67.9190
66.7654,-45.4752
58.0212,-42.4145
55.9847,-57.4381
44.9872,-62.3545
48.0634,-61.6392
43.0996,-60.9793
54.7599,-57.3918
56.9526,-51.0327
50.2173,-57.8673
60.4589,-47.9137
50.1320,-56.9397
44.3870,-55.7545
44.7905,-51.7529
58.0877,-56.2192
61.3105,-50.3094
38.2253,-59.7684
58.8620,-39.7993
42.6634,-54.6380
51.7238,-40.8129
64.0710,-53.3743
62.0203,-57.1778
50.1863,-55.3765
62.4568,-51.5523
44.4535,-57.3699
48.2928,-49.5755
58.9066,-60.4236
47.2617,-64.9596
46.1972,-51.9236
55.2604,-54.4432
63.4923,-46.6537
47.4541,-57.6416
47.8801,-55.7297
58.9315,-61.3959
67.4719,-50.2691
51.5624,-57.0829
48.1154,-54.9788
58.7554,-46.1868
45.9268,-48.3925
56.6278,-55.9776
49.9986,-52.6085
58.8719,-51.3894
49.1857,-57.1717
63.6213,-49.8730
48.9810,-56.9429
49.9521,-52.5385
52.4163,-51.0252
57.6985,-61.5940
44.6996,-56.8971
47.0208,-53.5535
52.5257,-51.3662
51.6624,-51.0738
54.0371,-45.3866
63.7005,-54.0159
57.8901,-55.0977
58.1842,-44.3853
44.8916,-56.1710
45.5696,-46.0188
64.8302,-51.7871
57.4215,-59.7320
57.5372,-59.4684
47.3797,-53.6854
56.4070,-53.6955
50.0447,-62.5893
56.9879,-60.4114
52.2523,-55.8172
55.6925,-40.1766
56.0618,-48.5544
58.1340,-56.4625
48.7866,-68.6511
49.5763,-61.2245
51.6792,-45.4667
57.8594,-52.5721
54.0775,-54.3733
55.9191,-52.1173
45.6007,-66.1718
48.8009,-53.9706
68.5968,-45.8858
54.8569,-53.6763
59.9881,-53.3486
49.3458,-63.6798
55.3799,-56.9958
61.9749,-59.4311
50.4996,-57.5325
57.0535,-45.0112
48.1025,-50.4206
54.1747,-44.2694
50.8431,-51.1467
54.8773,-56.7005
55.8843,-56.9707
45.8830,-49.3867
53.7056,-47.2475
51.7365,-50.2831
60.7467,-54.4808
51.2777,-57.3534
59.4967,-46.6800
52.3368,-57.0512
44.1980,-52.4390
55.6517,-49.7572
58.1810,-61.6710
53.8753,-60.9947
60.8039,-49.6067
64.2314,-40.4527
60.1041,-47.2894
58.5276,-57.2242
56.4177,-60.3886
51.3975,-55.6771
59.9410,-41.3547
55.4399,-59.6149
45.7655,-58.9235
55.9737,-56.1806
51.2516,-46.9862
58.5067,-49.2456
58.9696,-44.9054
45.3568,-55.4850
63.0254,-41.8300
49.6445,-54.7170
63.1330,-48.0801
51.2383,-58.7039
60.3192,-54.3395
63.7638,-49.3367
41.7859,-58.0318
44.6926,-52.5385
37.3447,-57.4961
53.5704,-50.3480
53.3121,-47.3293
53.2537,-50.8564
53.3124,-49.5925
57.9198,-48.4963
56.6455,-54.4344
55.5984,-52.9644
53.7016,-50.7142
46.0358,-54.4416
56.9879,-51.5739
42.8983,-49.0103
47.7440,-49.6303
56.9463,-48.7353
46.8013,-62.5303
56.1485,-55.3737
60.5580,-55.2286
53.6440,-57.2478
53.3486,-54.1671
58.2710,-55.3605
54.7880,-57.1003
57.5154,-54.8768
49.1659,-65.4597
55.9558,-55.7508
50.2381,-48.9051
64.9757,-58.5814
48.9988,-64.1469
54.6439,-61.3064
58.6365,-46.1693
61.1762,-50.3090
51.3712,-44.5271
52.5740,-56.4304
53.8084,-51.6721
51.0616,-50.9568
46.0985,-58.1666
57.2553,-54.7486
63.3293,-53.0518
62.0939,-46.5102
53.7006,-54.3025
52.7832,-57.9660
39.3992,-59.9831
53.6514,-46.3414
62.7905,-44.7682
58.0963,-50.4680
51.3981,-49.7437
52.0424,-49.7382
48.3923,-49.8074
55.7039,-48.8692
53.2528,-48.7468
52.8347,-50.4155
58.3052,-46.1925
39.9360,-51.8958
39.3719,-55.8580
57.4485,-47.3071
51.9007,-63.1890
45.2111,-55.4736
57.4405,-55.1474
56.5989,-50.9056
51.0023,-54.2093
54.3948,-45.4793
50.2664,-58.9433
62.0350,-46.0376
56.2976,-57.1722
60.2655,-56.3415
53.5438,-50.1015
50.8608,-60.5063
48.0019,-66.3957
60.5075,-53.0652
54.0552,-50.5433
54.5346,-52.8630
48.8318,-56.4596
49.2712,-43.5390
60.9170,-52.5677
56.3845,-47.5792
55.0057,-59.3556
57.7991,-60.9988
65.6674,-51.7432
57.2964,-56.1043
55.3308,-55.5686
56.9940,-62.7487
49.5901,-63.2363
56.8330,-46.5401
54.1422,-50.4553
52.2397,-55.2557
47.7250,-49.7105
49.7989,-60.1572
55.1092,-53.0882
38.9241,-57.7512
61.3173,-48.2370
52.5284,-53.2779
61.0615,-52.2644
56.9276,-60.3237
59.1338,-53.1405
58.8929,-42.6054
49.7357,-51.6686
57.4080,-58.8113
57.4683,-57.3384
53.7190,-56.0508
57.0432,-54.0708
47.0014,-57.3261
53.1244,-54.4250
52.4014,-56.3209
60.2499,-54.3385
48.2403,-53.4705
48.8465,-51.4816
62.4259,-56.6352
48.1393,-55.6249
47.0974,-55.7315
59.6965,-46.3211
60.8389,-46.7163
53.2168,-57.2728
58.9304,-36.0039
65.3723,-47.1056
53.5573,-55.2952
44.8036,-63.6329
55.4457,-50.7635
58.7564,-49.7494
52.8654,-53.3960
53.5742,-50.0705
48.5807,-59.6004
50.8525,-46.7318
58.8804,-49.9608
59.4198,-60.4800
53.5219,-55.9689
44.3661,-59.7253
58.9618,-46.4405
52.3828,-52.9796
57.1144,-44.9563
60.5362,-52.0321
46.5929,-61.6755
54.1950,-56.4456
51.8305,-54.5417
43.5251,-52.8057
59.2159,-43.8870
44.4841,-59.6026
62.1156,-54.6014
52.8832,-61.4469
49.6977,-56.2113
51.1035,-51.3699
62.7284,-47.5460
52.3436,-54.3796
56.1517,-56.9430
50.1011,-61.8798
43.8656,-54.0429
56.2844,-43.9813
60.6937,-58.8185
46.1890,-60.2462
50.5951,-54.0599
59.6152,-46.4317
58.5088,-49.1552
54.5818,-54.1964
52.0397,-33.8345
65.7706,-41.7455
49.5983,-56.0733
40.7151,-63.2011
54.3914,-53.9058
62.2277,-51.9847
49.6390,-50.5460
54.8456,-58.9701
53.1411,-58.4574
51.0340,-43.1016
56.0299,-45.0220
58.5609,-51.3787
58.0499,-51.0885
51.7520,-59.1382
61.0418,-49.1206
51.8613,-58.3391
51.7480,-58.5919
50.6755,-55.0026
64.2428,-45.5813
53.1853,-58.2415
60.2834,-55.7830
47.2116,-54.2690
49.4391,-55.8059
48.9953,-52.2564
59.4016,-58.2475
55.9774,-54.9736
55.6700,-54.1488
59.4217,-39.8381
51.6125,-51.1405
53.8185,-55.5059
48.6144,-61.6260
43.8071,-53.1527
42.6044,-60.5678
46.3907,-49.9537
58.2243,-51.9558
48.9290,-54.3863
43.4040,-58.5037
56.4713,-48.6337
57.6804,-43.0909
57.2825,-52.9722
