42.6428,40.7247
59.7307,61.6161
66.2324,50.4389
3.5610,-6.7564
22.2818,14.5561
-22.6586,-16.8385
-19.2652,-28.0453
-54.5556,-43.6388
-32.3050,-49.8317
-40.7625,-59.2333
-56.9959,-49.7167
-13.6724,-25.7489
-23.2541,-29.6431
-20.7506,-28.0356
-28.4532,-33.4040
-49.5289,-54.9867
-56.1186,-50.5147
-21.7465,-20.7321
-33.1954,-35.2735
15.7892,32.5993
0.8193,-4.1689
-0.5401,6.0999
22.9396,28.0788
47.9406,43.7137
39.5824,65.4584
51.4424,45.8545
-12.2593,-6.5108
-26.4474,-23.2605
-29.0063,-37.1357
-15.0955,-29.0748
-41.3670,-36.4104
-48.2521,-51.7328
-35.5144,-30.5790
-59.3847,-52.3289
-62.1727,-41.7661
-30.1843,-50.4488
41.9653,28.4812
48.4391,52.8063
26.2213,20.8737
55.6945,55.3779
34.1958,28.6095
68.8331,45.3768
33.8610,33.9412
23.4219,20.6551
68.1800,54.7235
60.3528,36.2542
67.6763,52.5481
70.7962,42.2175
36.6316,32.0125
39.9714,27.2122
54.3243,60.7171
67.8551,38.9365
47.8438,61.1738
53.4843,48.9594
63.7193,64.7340
60.7315,71.1938
66.9481,39.8919
42.5073,59.2425
56.9742,57.7894
63.3365,49.4841
65.6089,50.5754
67.8508,59.1424
52.2490,61.6256
40.4487,49.2985
57.7120,59.0273
68.4754,43.2951
23.6550,36.8136
27.0192,41.7742
20.9796,28.5149
18.6391,16.1698
27.5649,19.0543
-10.7461,3.9934
-32.5636,-18.9684
-56.7298,-49.8417
-46.4097,-53.1510
-35.8404,-40.9971
-43.6443,-43.9720
-46.4099,-39.2674
-29.3857,-21.5466
-64.0402,-47.7191
-64.2667,-62.7426
-57.6453,-54.6235
-43.7108,-63.0501
-46.8473,-43.9819
13.8464,14.7425
-32.8959,-39.9741
35.1138,21.0379
11.7569,30.7191
6.9758,-1.7193
73.0277,46.1942
61.7735,61.8629
58.7726,62.2531
49.1484,43.1908
66.1480,55.6904
2.9496,29.0158
-17.4200,-7.7331
-50.0644,-57.3511
-35.5636,-43.3887
-44.2900,-52.7866
-25.0425,-31.6218
-28.5127,-31.5725
1.6360,13.2728
24.9338,19.3177
-9.0100,-0.8749
0.5606,-5.2030
39.3436,37.0662
20.6699,27.2571
33.5736,35.9633
35.5476,45.3997
65.3420,59.7096
46.2793,48.6939
48.2139,46.1416
55.4122,57.8526
50.5590,52.4412
65.5523,47.4202
58.7688,48.7869
38.9073,41.1275
18.6780,25.3109
-8.2949,-1.3524
-53.4928,-43.0093
-51.8743,-65.3888
-47.7135,-65.6316
-50.9373,-56.8987
-48.4984,-66.4072
-54.8690,-56.3021
-43.5134,-40.2707
-47.5329,-62.8209
-31.6261,-25.3289
-54.6346,-39.1948
-41.6729,-21.2514
5.1254,17.6409
39.3290,42.2490
57.7895,49.9340
38.6689,46.3508
23.9371,58.3892
49.0706,35.1438
31.6252,42.2621
53.6683,53.7651
51.0054,46.5501
56.3560,53.3329
53.1175,48.0974
26.4292,43.6619
55.4494,31.0689
28.3407,61.9528
39.3239,33.3448
39.8297,29.8105
39.8120,40.0997
28.2151,4.7725
45.5317,45.5247
30.2092,27.8343
24.5935,31.6287
16.8778,20.0537
-39.1996,-25.8732
-63.1413,-50.2373
-58.1381,-63.0672
-65.3988,-51.9455
-41.3794,-45.6666
37.3917,37.9632
58.9645,47.9030
64.8931,54.5353
36.2747,42.4271
39.6043,20.9617
21.7372,22.5627
-31.5567,-44.8239
-13.5634,-22.3063
-57.1940,-64.0336
-52.0185,-62.3373
-48.6610,-34.8567
-0.9128,-14.3345
-30.8020,-36.0070
-55.1534,-52.3090
-21.1409,-44.9678
-27.3299,-20.5570
44.3378,52.8111
41.6867,55.1953
49.8674,50.7277
54.4778,53.1502
39.4575,41.0690
58.4269,43.2170
51.2761,52.0867
57.9150,46.8485
50.0573,55.3220
51.5860,54.5509
62.5502,51.8252
31.8765,11.8428
29.3535,34.3258
41.4537,39.6767
5.5732,1.5571
-11.2892,-21.3790
-29.9676,-32.6421
16.3929,26.8678
-13.4285,-30.8786
-23.0054,-19.6005
26.8734,17.4850
3.4292,-5.1108
-1.9166,3.5199
14.5054,12.8232
18.8458,9.4099
32.6385,10.4081
20.9378,17.3933
36.2314,42.4580
-48.4143,-47.1263
-58.5942,-58.0573
-46.9379,-69.2253
-60.2370,-58.0497
-42.2562,-51.8030
-3.3267,-4.8510
-47.4653,-57.8946
-59.7007,-73.6960
-60.2264,-62.5133
-51.2300,-57.1807
51.8547,-62.5098
56.5972,-62.3092
60.3217,-51.3897
59.9474,-47.1941
60.9826,-50.3144
54.8541,-57.2355
50.6516,-57.5119
54.8497,-43.1456
51.8095,-60.0313
40.0078,-65.1459
52.2208,-60.6300
52.4420,-52.7419
57.6452,-58.0253
56.7254,-54.4368
42.1833,-55.3873
54.1469,-50.4322
45.7898,-52.2503
54.7057,-56.6994
48.8542,-53.7419
51.3680,-54.8958
51.6257,-47.5858
53.1709,-54.2090
46.7032,-70.6448
49.4169,-59.4632
53.1288,-52.0560
53.3354,-62.1307
54.2286,-62.2006
62.8257,-46.6875
51.0751,-54.0116
59.0977,-44.5909
50.7813,-46.0634
49.0868,-53.6964
53.2281,-57.1736
49.6848,-49.6421
38.8163,-48.3806
53.8853,-49.4724
64.2556,-49.5123
55.6113,-61.4413
55.1089,-45.5282
64.0260,-49.3559
54.6387,-50.7334
55.6624,-61.7752
50.7541,-61.0654
53.4466,-55.7391
58.8144,-59.8593
56.4975,-50.7148
50.4881,-59.7407
54.8411,-48.7581
46.4350,-63.9387
40.1761,-63.4614
34.6172,-64.9990
50.1979,-47.3292
56.1101,-63.7109
65.0196,-55.1425
62.5296,-50.5424
54.1299,-56.3621
41.2246,-51.6119
51.7544,-52.4240
50.1396,-49.8023
50.8490,-51.6315
48.6824,-55.9733
49.2106,-61.1791
47.0846,-63.8846
55.9726,-54.2802
47.7971,-56.4907
61.8345,-47.5882
53.1642,-53.4077
56.6601,-51.5732
51.1338,-51.8212
59.1682,-42.7324
51.8733,-51.4512
61.1252,-43.3907
58.7878,-55.1303
41.9595,-50.6430
41.1999,-50.3189
49.0018,-46.0368
56.7061,-51.0332
60.2182,-52.0590
51.1979,-63.7797
56.4100,-50.3272
59.0941,-52.8374
53.3582,-61.8450
59.6101,-44.6220
52.5207,-51.5984
52.0314,-53.7680
48.7628,-55.2503
40.6442,-61.9344
56.9481,-58.8179
46.9277,-52.0065
54.3732,-47.5329
56.8562,-56.7236
54.3656,-45.9782
57.8749,-60.5209
62.2826,-51.2543
66.6904,-40.9915
54.7688,-53.2232
54.1073,-59.5027
51.1252,-49.4350
55.8978,-41.3101
51.7568,-53.5597
47.0499,-57.9678
45.7440,-56.2605
50.0789,-56.6378
57.3150,-53.0267
52.6457,-52.1061
55.0869,-54.6045
58.5076,-38.4737
55.5312,-52.7989
49.3620,-52.6426
50.8600,-57.4055
55.2788,-57.0029
46.8271,-50.2330
57.8774,-49.8118
48.1663,-49.4764
54.6996,-48.1933
48.9133,-57.1000
55.5759,-49.3364
58.0123,-65.4801
51.0730,-63.1343
53.6943,-52.9951
54.1555,-59.3635
54.4344,-57.3650
54.9136,-48.1575
45.0254,-62.7731
52.3377,-59.8813
55.3115,-54.9797
46.6588,-60.7988
48.3014,-60.7194
54.2926,-52.7101
49.4572,-56.0155
46.1502,-46.6829
58.4080,-49.4125
50.7248,-56.8995
48.0881,-45.0882
57.9737,-58.6785
47.5672,-58.1252
55.0133,-48.7859
57.6647,-48.7488
58.7443,-49.8704
52.4597,-59.4570
52.0988,-60.5969
51.7629,-52.0533
48.4855,-56.2416
58.0338,-61.2547
51.7357,-44.5355
54.8390,-56.4641
52.1003,-51.3938
43.8742,-49.7665
45.5679,-53.8307
53.5096,-54.9626
51.8080,-55.9722
46.6574,-44.0242
51.1651,-51.5108
54.0348,-53.0259
61.2297,-47.2490
47.9793,-51.5974
51.4055,-58.2336
59.3977,-61.4077
45.7136,-50.0851
61.1632,-57.3021
52.7525,-45.0036
57.7020,-56.5587
52.0010,-54.6411
47.0019,-57.9764
53.8876,-54.5262
45.2535,-63.1879
47.9454,-60.5346
49.5683,-56.9579
56.7401,-49.1558
52.9102,-54.5658
48.2472,-49.2566
57.1307,-55.3273
53.4802,-57.5036
46.2220,-56.0673
52.3085,-54.8631
53.2244,-63.2200
49.4568,-50.9770
53.8912,-51.0895
51.8109,-44.6159
55.0107,-60.0403
49.3390,-60.4357
51.3476,-52.2132
63.5104,-45.6559
57.9889,-53.9934
50.5517,-50.2210
58.3213,-45.6200
50.2696,-51.5430
56.6061,-57.7338
47.4025,-54.7196
62.0918,-45.3148
49.3058,-58.9621
53.3983,-45.8922
58.5429,-48.1872
46.5176,-54.8975
60.3858,-49.0003
57.9525,-52.0294
54.9248,-56.7799
60.8749,-57.3431
55.9724,-62.7502
57.7149,-56.9477
55.0526,-47.9839
54.4023,-54.5123
55.7532,-51.8099
53.0363,-54.7664
53.1105,-50.1725
49.5579,-50.1556
49.0763,-61.3880
54.3768,-55.4084
52.0289,-59.6696
59.6280,-56.9688
60.0271,-50.6854
59.5829,-52.8016
60.4505,-51.1469
57.4986,-46.9053
51.8345,-55.7831
52.3336,-52.6143
46.1402,-45.4653
50.6684,-53.5884
47.4639,-46.6264
57.4661,-54.2736
48.1059,-54.8817
56.6359,-50.4335
50.3576,-58.2239
51.5720,-61.7672
50.8553,-46.4631
49.3158,-56.8603
64.2593,-45.5360
58.0226,-55.3401
47.7933,-54.2874
52.5215,-53.2186
59.4853,-56.9691
40.7032,-57.3896
53.8808,-47.7127
49.2904,-53.7299
58.0119,-50.3903
53.9628,-47.2360
50.3378,-56.1803
51.7783,-62.7043
54.8806,-58.9002
59.2336,-53.5160
52.9631,-48.3064
62.4393,-47.8884
60.9718,-42.9731
47.1767,-52.0766
50.9561,-59.1481
40.6731,-53.0330
47.3606,-54.5542
55.0481,-63.5082
58.3050,-47.4547
57.9550,-57.8236
50.6833,-51.7363
56.1188,-49.3235
43.4001,-59.2893
41.5386,-50.7119
52.2564,-64.0835
51.1936,-67.5740
49.4263,-56.1198
55.7442,-52.2373
56.7464,-39.2942
56.5218,-61.3439
49.6445,-61.4762
49.0678,-55.2938
56.6949,-53.4729
57.9709,-55.6168
50.6817,-47.0201
56.1194,-52.1137
51.9239,-52.8631
66.2147,-53.3849
52.2551,-50.7477
53.8151,-50.4486
63.7217,-57.1239
44.7139,-44.0785
47.3287,-46.1754
40.6588,-55.9926
64.7695,-45.9146
49.6978,-56.6185
49.8384,-47.9615
50.5058,-59.8325
60.3065,-61.5433
54.9856,-57.7969
51.5941,-52.3699
59.9493,-55.8348
60.1900,-48.0115
47.6197,-56.4620
47.0855,-61.4319
41.9863,-58.6185
50.9896,-49.5914
46.1004,-65.5176
52.4389,-45.4189
57.7174,-52.2296
55.0058,-45.5320
56.4286,-49.8907
61.1195,-50.5491
53.1166,-52.6898
61.8620,-42.1321
57.3818,-54.3808
54.5130,-53.1883
62.8877,-43.8380
51.1577,-49.1719
60.6447,-54.9473
53.7499,-54.5863
53.4226,-47.1478
40.1424,-63.0707
55.8287,-47.2149
42.3420,-54.9162
58.6112,-51.4554
51.6850,-56.8784
49.0188,-53.9139
54.6312,-52.4935
45.6221,-57.8821
58.8086,-57.9618
50.6947,-46.8939
48.9453,-55.8449
48.3609,-53.9472
65.8319,-50.4673
50.9358,-57.4776
49.1109,-39.9867
44.9117,-57.8697
54.7770,-62.5936
56.2200,-49.2801
55.1073,-46.7815
53.0216,-48.9972
52.6316,-42.4150
54.0829,-56.5080
47.0009,-59.8676
44.0204,-60.9960
48.7051,-55.0291
49.8891,-61.7704
58.1445,-49.9465
56.3745,-50.0904
52.2229,-52.1400
58.9869,-48.0764
58.2502,-60.8079
48.2289,-58.1829
59.9243,-45.1633
53.5203,-61.7983
59.6550,-53.0317
63.0392,-50.0911
59.9085,-39.1462
60.1931,-54.7548
57.3547,-57.6008
54.7420,-46.2631
50.2898,-30.2357
55.5450,-44.9969
48.4309,-47.1073
60.6970,-45.8202
47.5760,-55.1482
47.7006,-53.0583
56.9739,-51.5157
46.2365,-62.4256
65.3338,-51.5895
54.7828,-45.2826
44.8638,-55.8986
42.3263,-55.4687
54.5572,-65.9316
50.5382,-53.9763
56.4475,-53.8164
51.6668,-49.7989
64.9440,-57.7795
50.3907,-57.2462
38.9301,-53.8277
49.3056,-52.1555
53.7688,-62.4925
53.4468,-48.4847
50.3360,-42.8023
63.0675,-54.8208
53.1870,-55.8286
51.9909,-55.9345
46.2943,-54.3477
50.5366,-52.4134
63.7524,-47.5193
54.2074,-42.3305
54.5737,-49.2541
60.2908,-47.6092
50.6240,-61.1511
54.2916,-41.7207
59.2597,-57.3544
46.1529,-55.3950
45.7625,-55.1181
50.8078,-55.9418
61.9138,-57.4446
57.5548,-55.2076
55.1259,-44.4569
53.2497,-60.8557
50.0140,-57.0768
47.4699,-55.8485
54.2065,-57.5817
50.3622,-62.8228
53.0554,-51.3872
56.8808,-49.7445
52.2004,-44.8503
51.8554,-50.5479
53.7283,-51.6448
62.4682,-46.6994
45.2436,-50.5289
48.5650,-51.6873
54.8316,-46.5503
62.6996,-54.4050
44.4844,-51.0340
51.2767,-57.5850
57.5555,-58.8136
51.9933,-58.8567
56.2740,-56.2845
50.4036,-48.0984
52.8597,-37.9302
51.9145,-50.5990
58.1787,-54.6173
62.6763,-51.6255
50.3495,-60.5544
51.8402,-45.8512
47.1988,-60.2534
45.5477,-52.7913
43.7523,-56.4646
53.7998,-56.3757
59.4127,-55.8281
53.6385,-58.7681
46.6712,-57.0211
53.4850,-53.1236
50.3060,-54.2321
52.8650,-52.9989
58.1150,-55.3114
51.9897,-55.0200
54.4398,-48.4387
58.8597,-52.6909
48.1363,-64.9161
52.5808,-60.3019
62.8902,-47.1307
51.9039,-56.8959
48.6082,-55.2913
50.3960,-45.5759
44.8570,-48.5616
60.9336,-60.7096
59.5140,-54.7223
52.8061,-51.8883
40.4633,-55.5814
58.1387,-46.1888
53.3144,-48.7199
64.5844,-44.9928
48.5763,-47.7871
40.7756,-61.8477
39.0772,-63.4637
61.8783,-52.5650
54.9633,-53.8689
55.9281,-47.9908
58.3182,-40.9453
50.7391,-56.7314
64.1016,-54.1860
52.5667,-58.1786
44.5271,-50.5472
43.7241,-50.0630
52.0041,-57.9182
58.8868,-47.3239
55.1975,-44.0756
53.0943,-48.7962
59.8108,-44.7156
47.6088,-52.2363
56.9753,-56.3882
44.6368,-53.4664
50.6651,-60.8317
50.0851,-46.4682
56.9980,-59.9152
46.5441,-62.8853
50.1325,-40.3529
63.0495,-49.6754
42.8703,-61.5147
52.0922,-52.3910
62.2971,-45.1339
69.3673,-47.3436
55.7136,-54.7229
50.9945,-54.8215
54.1119,-38.4980
46.9550,-56.8641
55.1746,-58.5567
59.5763,-50.2642
53.2275,-53.4448
52.0457,-51.1902
39.1069,-60.1995
61.9878,-39.9702
50.0825,-45.0483
39.7788,-59.2652
53.7804,-55.9538
57.4482,-50.7869
60.9570,-52.0488
55.8615,-51.3991
49.9239,-40.7942
49.4250,-48.9271
59.6010,-58.6984
63.9307,-50.6782
47.3382,-51.3784
52.6895,-43.3487
51.5111,-58.2430
59.9908,-47.9897
53.8480,-42.9184
55.9969,-50.0815
60.6296,-53.7403
54.3881,-55.2119
46.5144,-48.4185
39.6807,-56.7137
46.3300,-61.2156
54.7332,-46.4533
56.6991,-58.9566
44.8317,-62.2640
55.9098,-43.9620
58.1555,-51.7249
48.2356,-53.7831
51.2959,-55.7020
60.7042,-45.6052
54.1761,-53.5709
52.6508,-52.5344
60.5440,-34.7525
50.9973,-41.5888
47.8984,-59.9619
58.9020,-51.5465
57.2241,-50.1951
53.2597,-54.3440
59.2624,-44.3424
53.4876,-56.1616
62.8350,-44.5879
43.5759,-47.9719
35.5945,-55.5470
50.2800,-60.3866
58.9195,-55.3306
56.6448,-52.4432
48.6536,-54.9181
51.2168,-48.2728
56.1005,-52.4942
51.1164,-58.4485
56.4366,-57.3548
50.5158,-55.6711
43.8839,-54.8841
44.8047,-61.1360
55.5075,-51.5973
54.5676,-47.6712
56.8238,-51.6457
51.7996,-60.5988
50.9952,-57.6478
51.3641,-57.7085
56.4005,-44.6605
51.7411,-60.0405
51.7760,-56.0975
62.4751,-55.5166
48.5263,-57.3409
58.5977,-36.6313
59.0252,-60.8082
60.5736,-54.9910
63.2277,-54.4259
53.4854,-52.4789
47.9698,-56.7993
52.3272,-53.9764
45.5813,-53.1147
48.7818,-44.8590
54.1634,-61.1598
62.2410,-47.1693
62.6116,-51.0437
60.7944,-42.9807
65.3860,-43.4377
59.4006,-46.7447
58.4883,-45.0619
53.9568,-47.1292
43.4784,-60.7914
60.6418,-56.7972
51.9341,-53.6972
50.4661,-61.7864
56.0380,-44.5863
55.5434,-37.8526
59.2103,-53.7253
58.9624,-55.1127
58.3924,-52.1166
46.9622,-41.4488
51.7417,-52.6738
48.1516,-50.5746
57.2940,-49.0096
52.4850,-50.7163
59.3765,-35.1903
52.1301,-55.7017
50.9611,-52.8504
56.2117,-52.2088
48.3253,-50.5771
54.4067,-55.7803
54.9677,-55.7837
51.2066,-57.0170
54.9577,-54.2676
55.0928,-51.1106
44.7839,-60.4741
56.1329,-53.6844
53.2622,-47.1431
47.9715,-54.2653
55.6871,-59.3945
49.8727,-56.3982
59.2176,-45.9905
60.0345,-47.9284
63.0594,-63.1962
59.5212,-50.0451
61.8077,-47.6832
54.0739,-52.0968
58.3347,-50.8877
53.5755,-43.9200
55.2761,-48.4734
36.9896,-49.1232
52.1985,-55.7633
61.7187,-41.4994
41.2094,-55.5118
51.6055,-60.7331
50.4264,-43.8125
56.0863,-45.0681
52.9342,-60.6738
46.5780,-67.8414
55.3994,-59.6700
54.1412,-53.5513
50.2501,-54.7658
50.9122,-52.8944
53.1487,-49.7318
55.4343,-53.2576
57.7884,-43.7308
58.3719,-60.4966
55.9677,-49.1138
55.1012,-55.9465
44.7483,-57.3608
48.7561,-51.6682
55.7593,-54.8975
50.6442,-60.1759
41.5383,-63.1677
53.7651,-41.5386
49.9773,-57.5583
50.5985,-54.5940
49.8020,-53.7744
59.4855,-55.1272
48.0502,-61.4735
53.2244,-55.3511
58.9443,-48.5164
45.6709,-54.5468
57.7638,-63.8880
67.0533,-41.9223
61.8753,-48.9287
59.9672,-46.1217
56.8867,-52.0220
61.8802,-52.0393
55.4742,-55.9419
49.3766,-63.0708
41.5920,-50.5938
57.2071,-60.0896
44.1431,-52.2888
45.1287,-63.5341
58.4623,-50.0946
50.3752,-55.7643
58.2099,-57.8596
55.0998,-60.9940
42.9871,-65.4618
59.4182,-46.0473
48.2872,-55.3591
49.2841,-44.2867
59.5669,-54.8842
48.3198,-45.9134
55.5623,-45.3112
51.0173,-63.3300
53.0723,-52.1028
60.2807,-54.8471
45.7081,-59.5166
48.1636,-59.5348
59.8937,-55.1531
59.9176,-59.2575
47.1015,-59.3126
57.6636,-43.6794
49.2039,-68.0748
60.2336,-44.6776
52.6184,-48.6164
62.2479,-50.4421
47.1887,-56.4364
52.4406,-48.2852
41.2468,-54.6848
53.1494,-50.8065
55.7284,-55.2738
58.3749,-50.4382
57.1897,-49.9009
50.5902,-48.3132
56.2593,-44.8530
47.8788,-55.4408
62.7822,-51.5427
46.3507,-48.2991
67.8808,-39.1838
60.8188,-53.5291
63.4641,-51.6527
51.9284,-57.7301
49.6694,-53.0320
62.4690,-29.7138
61.4713,-50.1094
59.4861,-55.2694
62.7587,-56.0793
45.6351,-55.8490
47.5214,-51.7784
48.6695,-53.1368
56.0516,-54.0271
59.7872,-45.2210
50.8540,-56.4636
52.7328,-54.8734
56.5531,-59.7060
53.6784,-54.3661
56.3729,-55.3070
50.8152,-45.2915
50.9165,-61.1375
68.7429,-54.2239
50.7885,-50.0859
54.2949,-42.7891
60.4530,-67.4647
56.6394,-46.5598
54.0377,-52.0681
51.4526,-57.5821
52.0013,-57.2259
52.7947,-52.9477
49.1749,-52.7337
60.4351,-44.9121
57.3164,-57.6436
59.6194,-51.0444
53.3603,-50.2891
44.9606,-50.2203
51.9731,-48.3247
53.5989,-54.8121
60.6115,-54.6252
41.7515,-52.2818
55.8424,-49.9842
45.0533,-56.9054
59.4308,-59.7124
53.7631,-56.2240
50.6239,-39.4509
51.4758,-45.1286
52.3293,-46.6541
57.9134,-57.9299
60.1297,-45.6531
56.7562,-49.6290
50.4112,-48.7311
50.5684,-61.1111
44.6003,-49.5056
52.7072,-55.4526
56.2515,-54.8312
51.4325,-59.6173
50.1286,-64.2962
50.7418,-51.5874
57.0283,-56.5143
46.5042,-45.4896
50.7356,-56.8556
61.1300,-55.1194
55.8539,-51.6757
51.5206,-54.5220
60.2116,-63.0045
68.5673,-42.8229
52.7148,-49.0089
53.6968,-53.1041
58.7318,-57.4630
54.0809,-52.7301
51.5452,-46.7127
52.2845,-45.3797
44.5244,-61.0168
58.6412,-46.7646
48.2113,-45.4907
45.7946,-48.0629
58.7373,-41.3640
56.4330,-57.7281
67.3053,-50.9763
46.5663,-48.8461
64.6810,-44.7165
59.2549,-46.5648
52.8448,-64.5024
56.8287,-53.7820
43.9536,-47.0011
57.4343,-45.6841
50.3250,-54.1012
59.9583,-48.4949
55.9383,-47.5956
50.4942,-61.3538
45.9136,-56.8865
42.7779,-64.4891
58.0885,-51.0999
49.9512,-53.6602
61.3152,-50.8844
57.0894,-56.8362
52.8519,-60.2262
52.4628,-50.7216
46.9913,-57.8071
59.7280,-51.3840
50.9757,-55.3897
62.2969,-54.3436
47.8868,-57.1297
54.8922,-42.1598
61.4285,-64.0736
58.1984,-48.5082
45.5161,-57.4614
50.8024,-61.3777
49.1000,-50.7119
55.5628,-51.3355
52.6376,-49.3533
45.4951,-52.4443
51.9209,-54.1488
57.0397,-52.3250
51.4521,-48.2341
44.8472,-49.8309
61.4812,-43.8020
52.1814,-48.6919
63.2694,-44.0426
45.8452,-52.3783
56.1654,-58.3999
53.8338,-44.3787
59.8248,-57.9155
56.2323,-53.3722
51.0028,-54.5995
55.1284,-46.4485
56.0792,-44.8169
60.9820,-51.1335
56.5409,-51.3683
51.6710,-56.1064
45.4825,-54.4326
42.2232,-65.8867
53.5258,-50.8513
53.4352,-54.4518
51.5049,-63.0292
45.4696,-66.9468
53.7026,-56.9024
50.9065,-52.8265
51.6421,-54.1627
47.5191,-52.1637
49.1974,-61.1838
63.3966,-51.3749
50.9041,-55.8848
56.8821,-45.5354
60.2737,-63.4703
59.2894,-52.1922
61.0342,-42.7059
47.9101,-60.5544
57.4518,-49.8774
55.8149,-48.2261
48.5683,-56.2353
47.1615,-53.6665
52.0038,-49.0774
60.8741,-50.4761
55.0428,-44.9571
46.6941,-53.0181
56.6022,-44.7984
57.7304,-51.4159
64.8328,-45.8169
44.7237,-57.9389
64.9129,-52.6782
55.0621,-52.3604
57.6531,-51.9904
58.8998,-51.0358
48.8003,-40.7863
46.7145,-49.8053
51.8426,-48.7465
56.6059,-51.4370
52.0174,-47.8846
47.3365,-57.0882
42.1908,-55.3788
59.3431,-60.0332
51.6133,-50.4473
54.4554,-51.6081
58.1111,-50.4169
55.1627,-52.8163
54.8260,-56.3488
50.0590,-48.2821
55.9119,-48.8526
57.9446,-46.1905
51.9676,-49.9147
55.5700,-58.4918
55.6164,-54.1696
53.0917,-48.6671
67.1512,-51.6923
62.6849,-61.7431
51.1339,-55.0794
57.9282,-48.0535
47.6750,-59.3936
53.9202,-58.2743
49.9604,-45.0102
45.6169,-40.8699
56.7225,-57.5138
60.1474,-51.9825
44.2684,-54.0521
46.6266,-56.9235
64.5983,-38.3787
47.9569,-51.3866
63.6448,-35.1577
55.8131,-49.8266
50.7731,-57.1592
55.2284,-52.9671
63.9930,-45.9039
65.0923,-38.4987
47.7483,-54.4364
61.3469,-44.2232
56.3289,-50.3733
60.1681,-54.0681
50.6985,-56.1865
52.3845,-53.2236
41.0162,-53.1751
58.2527,-61.3232
48.6041,-55.0039
56.4580,-56.9341
55.3935,-53.5319
60.7728,-51.0434
54.6566,-46.0258
51.7858,-50.9489
52.6670,-46.6586
52.6567,-53.2299
50.2745,-43.0401
53.1953,-54.5271
55.7148,-54.1069
44.3487,-59.2499
65.7795,-49.9654
66.5214,-52.2503
55.4802,-53.5030
66.5035,-41.9861
51.8309,-50.7816
56.2974,-47.5461
54.1745,-48.6614
41.2379,-55.9695
59.2146,-54.0504
63.6764,-47.6558
40.2241,-55.9380
47.8005,-51.9960
56.9383,-49.5730
49.5241,-50.7966
64.2716,-45.5941
52.9605,-58.6906
53.0033,-61.4269
52.6437,-60.5734
59.2436,-55.7543
56.8370,-48.8972
54.1270,-47.9675
55.1133,-45.6683
51.9461,-55.5464
54.0776,-60.4693
47.4725,-52.4245
49.4185,-59.1011
48.3258,-54.2184
53.3559,-59.9028
49.4071,-63.7133
52.3752,-60.2361
49.5318,-59.5720
50.8716,-63.8698
56.7428,-52.7009
51.6398,-53.6398
57.0885,-50.5149
57.8028,-52.2432
53.6941,-52.0297
53.7311,-44.1381
48.3294,-58.9782
49.1101,-66.8385
49.3142,-64.3407
54.2961,-56.0202
54.4384,-37.0351
51.6325,-60.8325
51.1295,-52.0717
57.6729,-54.1650
65.1169,-45.3403
52.0580,-54.9767
48.9605,-55.9276
60.0233,-53.1869
53.6344,-43.1336
42.1758,-58.4290
44.2257,-55.0616
53.7666,-54.1947
46.0377,-58.8986
54.5739,-58.6479
60.9109,-49.2826
45.4966,-55.8732
51.3658,-63.4071
45.1548,-58.9049
62.3475,-56.1576
55.5503,-53.5143
56.4829,-53.0722
56.7165,-57.1742
58.0960,-46.5966
48.5866,-50.8787
46.2240,-61.5622
55.4622,-55.0657
42.1505,-62.8562
53.1274,-59.9650
56.0953,-50.1779
46.2515,-57.2087
52.7389,-51.8209
56.4953,-59.4014
55.4759,-50.6313
51.2285,-53.4104
47.0970,-60.4492
50.6838,-48.9901
49.0852,-56.9558
63.6303,-58.3869
50.5255,-63.4476
55.4010,-52.7879
50.5120,-50.9689
59.4217,-59.2358
62.1272,-53.8304
53.1312,-53.0137
67.0901,-42.9591
42.0242,-61.8135
53.1710,-55.0346
60.1371,-52.5712
50.4959,-47.0805
44.3787,-52.5405
53.8647,-53.1824
59.4207,-53.4917
50.0338,-68.4423
59.1628,-53.6112
56.4586,-47.2693
45.5260,-55.8232
52.1732,-63.7941
42.8824,-58.9999
55.8266,-56.9530
57.2189,-56.4904
61.7492,-56.2163
57.9905,-56.7505
56.8093,-47.5749
57.2936,-53.3502
50.6218,-60.2104
50.7089,-40.1966
46.8430,-62.6875
43.8595,-60.8903
54.1090,-62.2259
51.8341,-59.0986
58.0745,-51.8681
51.5186,-53.1903
57.2505,-53.8702
59.4807,-53.8494
46.5209,-58.7458
53.9503,-49.3097
56.7618,-44.9623
59.1162,-51.5746
35.0207,-66.1620
62.3170,-47.3556
43.8390,-52.2044
53.5328,-61.8159
51.5980,-52.2511
56.8136,-55.8725
67.1123,-49.1179
48.7465,-62.5146
46.4337,-51.3062
61.0236,-49.0820
57.9406,-50.3347
55.3770,-49.3561
60.7263,-41.2381
46.9163,-55.4011
53.2704,-50.7015
57.2722,-49.1687
54.7557,-46.4260
47.2219,-63.3063
45.4997,-62.5530
45.6854,-55.0071
52.6090,-50.7814
56.2217,-52.1087
61.6177,-56.7775
44.1033,-61.8781
58.3835,-54.7658
55.8753,-57.1141
50.7789,-54.4313
56.1460,-44.5681
57.4179,-58.2141
59.0864,-62.6004
57.9103,-51.2560
50.8756,-58.8349
50.0107,-53.4989
54.1348,-58.1303
54.4474,-54.9845
46.7970,-52.4324
52.1662,-54.4810
43.2211,-55.3428
42.2432,-63.4615
51.3176,-59.3648
52.2073,-60.8778
47.8377,-55.2433
59.5570,-59.0205
59.3820,-44.9557
56.3774,-60.8245
46.3137,-57.0191
55.4881,-57.3926
50.3947,-60.2581
54.3921,-51.8612
56.9510,-52.8568
50.0418,-45.9391
54.8936,-49.9433
49.8490,-53.0081
57.4730,-39.4434
55.6439,-62.8987
57.2529,-66.4182
58.6864,-54.1972
51.4181,-55.5776
49.2839,-58.3898
48.5091,-46.2992
50.8072,-53.4792
51.6594,-57.7068
53.1528,-56.5993
47.9813,-62.8821
49.8546,-58.3498
52.1039,-57.4841
49.5548,-58.9965
51.7969,-60.6455
50.4107,-58.4618
57.2626,-59.8006
59.1114,-51.7088
48.4915,-58.0020
50.3954,-56.6254
52.5652,-57.0021
53.9777,-50.5643
55.7843,-52.7552
48.3323,-58.0386
49.2459,-57.1978
49.3437,-55.2302
56.9399,-47.2645
53.0638,-50.4704
66.0832,-51.8284
52.4555,-51.9464
40.9462,-57.6972
55.5900,-52.7105
50.9792,-53.2286
55.7989,-52.9071
42.9541,-59.0664
47.7882,-48.5390
48.6875,-51.9030
48.9140,-48.8587
45.7692,-50.1620
50.9564,-51.4025
64.1705,-53.0865
52.1120,-59.6746
39.9433,-62.4795
62.7134,-47.2605
55.6290,-52.7855
53.0073,-58.1016
49.7479,-52.6396
58.2466,-52.7281
47.2080,-55.2875
54.6611,-49.3050
52.3943,-54.7734
49.1657,-57.4494
53.9350,-49.3299
50.0089,-60.9899
49.9614,-56.7527
54.5647,-60.6557
61.3703,-58.9932
54.4150,-54.7318
57.6207,-53.3075
49.3799,-60.5430
43.9005,-54.3352
49.4400,-54.1234
55.7596,-48.5594
47.8344,-55.4879
43.9738,-59.2277
47.4176,-50.3347
53.9616,-63.5437
57.7384,-53.3905
45.2264,-62.6391
64.8095,-40.1132
65.8886,-51.9765
56.8169,-55.7566
44.1807,-58.8776
56.5755,-51.7309
55.0080,-54.8414
63.1624,-41.2683
67.1546,-44.5850
47.0368,-50.8555
48.9965,-46.0907
47.4445,-46.2834
57.8212,-55.3848
51.2833,-68.2692
51.7944,-49.6346
62.2804,-49.0633
50.2800,-59.1396
53.1128,-60.3950
45.6977,-59.7571
53.2548,-55.9731
53.8580,-57.7167
54.3722,-61.8725
52.7044,-54.8026
53.9844,-56.3298
53.6880,-54.7055
49.5974,-56.8419
47.0839,-47.7694
45.2785,-58.3611
47.2039,-62.3923
60.6958,-53.7382
50.4797,-54.5453
51.7576,-44.6128
54.8904,-53.3237
53.5734,-53.1055
56.9185,-48.3888
52.1273,-56.9153
43.2321,-47.2393
53.6406,-50.2909
60.2726,-58.7338
37.7010,-63.5664
56.4040,-52.6908
53.6995,-36.9932
54.0393,-63.9538
49.2650,-53.1685
54.4334,-58.3592
65.5076,-47.4992
49.5105,-60.3030
47.9834,-51.4413
60.8611,-44.8407
58.9878,-52.7966
48.9887,-41.0298
47.2775,-43.4327
56.2208,-52.4991
53.0321,-60.4865
60.7859,-50.2077
60.8385,-47.7141
42.6930,-52.9939
50.8108,-60.4882
45.1843,-59.9988
66.7699,-53.3917
60.9009,-52.9376
58.7176,-57.5494
51.7630,-60.2726
57.0786,-47.1725
52.5912,-53.5590
44.3636,-60.8777
58.6873,-41.0133
49.3428,-53.6149
52.0640,-53.2676
57.2465,-56.8267
51.1096,-61.9222
55.4741,-41.3942
54.1568,-48.2800
55.0088,-56.6895
52.4673,-52.5895
48.2129,-62.4402
48.1030,-49.8900
54.5619,-55.2178
63.6948,-58.3602
41.1679,-58.9826
49.1573,-48.8244
57.6148,-43.2069
49.4297,-63.4405
65.1299,-43.7407
60.1415,-56.7088
61.1158,-46.8497
50.5631,-58.5964
52.5086,-59.7460
59.3406,-52.9583
65.3262,-46.1632
52.9564,-54.5052
50.0789,-50.3656
42.4879,-50.9957
51.6766,-49.2656
58.9922,-53.1211
54.7251,-46.1527
47.4735,-54.0722
46.6322,-65.0561
42.5686,-58.6564
60.3938,-50.2563
54.9209,-53.4005
59.3753,-54.2205
58.7724,-55.4365
57.2837,-43.1734
59.6231,-46.4866
53.1380,-56.1547
61.4510,-39.9739
57.6802,-52.4677
42.2953,-62.7344
57.2825,-55.7590
38.9535,-52.5360
51.2503,-50.1088
54.8086,-58.6701
60.9534,-53.3568
56.0438,-54.5627
52.5155,-59.9709
50.8578,-43.1882
50.9187,-57.0519
58.1782,-57.1480
47.2293,-60.4929
53.5916,-49.5977
48.8840,-38.8034
41.4020,-55.6170
44.7612,-56.3930
53.6087,-58.1890
61.9709,-49.9967
50.5833,-57.4773
51.3417,-48.7742
58.8923,-49.9305
52.6979,-43.5700
42.3406,-54.6445
44.2283,-55.6262
57.0746,-55.0292
46.1330,-60.7774
50.8363,-53.1928
55.9809,-52.1353
57.0187,-45.7720
55.4261,-57.7754
45.0876,-59.8475
50.9817,-62.9744
55.8459,-45.8212
56.5081,-52.6518
54.5511,-63.2712
54.5312,-54.3938
52.5629,-59.0270
43.9042,-64.5474
50.8256,-52.6101
54.1209,-56.4699
50.5856,-62.2886
58.6659,-56.0143
51.6851,-58.4019
49.1482,-50.2209
52.7893,-56.3288
58.4277,-51.6566
52.9349,-58.5412
49.5758,-57.7704
51.1011,-54.1227
51.6580,-54.3223
66.9610,-45.5224
42.8349,-63.0523
57.5154,-49.6260
59.0383,-51.1379
57.6438,-55.6394
42.6410,-55.9136
52.1980,-53.9430
57.4614,-53.5111
47.5324,-47.6464
55.6929,-45.5817
52.6966,-54.1043
60.0271,-55.0428
46.4535,-51.1640
51.1482,-40.6411
55.3942,-54.6555
54.7674,-59.0954
58.5673,-54.7878
59.4180,-51.5928
58.6314,-39.7721
51.5187,-59.7370
51.5324,-52.0510
55.8253,-60.5635
56.1002,-53.4300
46.5520,-60.9499
50.4312,-56.7717
55.6366,-57.8571
51.5657,-58.3953
46.5856,-60.8545
52.7883,-52.4797
50.3036,-54.4202
57.5825,-59.8588
58.7257,-47.8826
54.7219,-50.5149
52.7630,-46.7237
51.6138,-55.1354
50.0452,-55.7092
51.7036,-46.3938
52.6944,-56.3114
44.6282,-55.6282
55.0414,-49.5816
53.5493,-61.2729
45.8931,-62.4094
52.7146,-48.2897
50.9748,-47.4879
57.8543,-63.1685
56.1197,-48.9780
48.4613,-57.6393
58.7993,-51.5319
45.1031,-58.3025
50.1007,-44.9321
56.4424,-50.5349
51.9205,-49.0304
39.6964,-47.2452
48.6379,-51.2205
52.1168,-53.3165
57.8977,-65.5986
31.7235,-54.5740
57.7824,-54.9916
65.6175,-45.9416
52.7841,-59.2295
51.2196,-56.0790
54.3013,-55.9847
49.0889,-48.6144
52.8847,-57.8096
51.1358,-61.0386
64.5519,-43.1812
52.6418,-56.0759
48.2367,-54.9163
46.7538,-59.2114
53.5691,-58.1210
52.5903,-61.5458
62.3566,-54.0153
43.3921,-56.5925
54.5875,-52.1531
52.8345,-52.3100
50.8813,-57.5077
52.3009,-46.9795
45.3022,-61.6303
51.2092,-51.5720
44.2239,-63.5127
56.9658,-46.6306
46.0853,-61.1911
62.9887,-44.5195
54.9295,-56.6467
42.0070,-61.9913
62.0538,-45.4737
54.1361,-51.6892
57.1584,-46.7703
46.1494,-56.4559
48.0636,-52.1477
61.2274,-48.2562
46.5189,-48.1538
49.5906,-48.2953
48.8686,-50.3560
59.5042,-56.1338
55.0368,-64.9894
50.6002,-63.0216
59.1711,-48.8538
40.9668,-50.5438
48.3123,-59.0192
54.8407,-51.6031
50.2330,-49.0523
52.4086,-51.0888
48.3522,-60.9187
52.7881,-58.3574
47.9498,-57.7905
48.1014,-59.6047
43.0220,-59.7657
61.0238,-47.2563
53.3564,-58.1025
53.1127,-57.0226
53.9680,-54.3137
59.7458,-56.5171
54.2039,-50.6776
50.2272,-50.2611
55.3089,-52.4710
51.4747,-48.9565
49.4948,-51.7714
52.6428,-51.9949
51.6352,-51.2053
55.5518,-55.3405
64.6721,-49.6016
54.3567,-65.1572
54.8758,-63.0668
56.7387,-44.0814
61.9268,-45.5107
54.1263,-54.1103
48.9677,-57.0634
52.4273,-39.3037
44.4171,-56.8599
63.8745,-44.1015
44.7353,-48.9872
52.1633,-44.6675
45.7982,-61.0945
58.1686,-49.0543
55.6932,-63.7818
49.6943,-59.5556
53.4491,-55.5915
45.8381,-46.6718
52.7004,-60.8140
45.8987,-50.6859
51.9039,-48.5024
51.5810,-50.8596
53.1935,-51.4901
51.5794,-58.3526
49.6076,-52.6724
57.5154,-60.0449
43.7180,-55.0908
53.8735,-53.4040
55.1584,-57.5901
45.6690,-60.0196
52.8561,-58.3856
57.9965,-61.7772
53.6450,-50.9428
53.4441,-56.6689
53.0253,-51.2019
54.6319,-46.7488
52.6845,-49.2833
53.6191,-54.6392
50.7344,-56.2746
53.9736,-71.0852
47.0012,-63.6182
59.0297,-47.3566
49.5048,-51.2952
48.2239,-58.4057
61.9284,-45.8790
49.0584,-57.8931
53.0370,-56.2474
47.2305,-54.5601
43.7703,-48.8813
56.7565,-56.0551
49.4186,-48.4110
46.0886,-51.3665
47.9465,-46.8970
61.6353,-46.6344
45.4646,-56.8600
60.7828,-45.3711
58.3633,-55.1272
48.9224,-56.4368
43.0530,-56.7330
54.8861,-47.7377
54.8174,-56.8397
51.4093,-60.6420
51.3822,-55.1057
56.1863,-58.7260
54.6189,-52.8723
47.1870,-60.6263
43.0174,-55.8261
48.1495,-52.3823
45.7034,-57.2844
53.2182,-60.3156
48.1851,-54.6560
55.7552,-46.9467
56.3583,-53.4133
50.0166,-49.6974
58.5289,-57.2790
57.5440,-49.5532
44.6449,-57.6542
55.4566,-41.9289
56.0582,-59.2901
54.7512,-65.2760
52.7749,-64.0814
61.9372,-55.0284
49.7657,-53.0331
59.1291,-54.0452
51.3809,-53.3689
51.9380,-53.4981
42.8648,-63.7371
42.9886,-57.4944
53.0898,-49.7785
64.9927,-48.0088
40.9677,-46.4620
41.3003,-48.5802
52.4971,-51.0299
56.8887,-51.2505
55.4628,-61.5985
48.5508,-53.1282
47.8618,-52.9614
52.3990,-50.0334
45.0967,-48.7644
52.5488,-47.9252
54.4963,-39.3620
49.5618,-59.0019
48.2356,-59.5255
53.9086,-58.0072
49.4116,-50.1192
62.6806,-52.2735
53.6785,-51.3445
47.8318,-48.3376
48.1359,-59.8844
49.8023,-60.0022
45.6019,-54.8997
51.1946,-55.0599
55.5072,-55.2197
59.9474,-56.0672
61.2289,-49.0745
62.3046,-58.0551
52.0200,-61.7957
54.8571,-44.5336
52.9232,-59.8359
53.2450,-67.2240
33.2920,-57.5628
64.0305,-47.7646
43.4894,-57.8105
46.0228,-66.2530
40.3643,-57.6320
61.9512,-53.8640
63.2739,-41.1655
58.6038,-59.4939
55.0747,-45.2202
62.6355,-48.9976
53.2325,-45.0848
43.2503,-49.8345
49.7888,-58.4147
54.8348,-44.0749
45.2299,-58.4183
48.3167,-57.1664
59.3997,-49.1021
50.0862,-47.1876
47.7502,-59.3117
47.0747,-53.3397
58.9898,-54.0518
58.8441,-58.5239
51.9860,-45.6196
55.7585,-55.8061
62.2692,-37.6024
50.6709,-55.1441
46.6530,-53.4577
43.7443,-52.3170
51.4911,-54.5988
47.6139,-65.3567
57.1599,-54.3141
55.4315,-53.1991
55.8376,-54.0906
49.0048,-54.3483
56.2724,-57.5509
56.8210,-50.1918
47.4476,-56.5462
56.7806,-47.9536
49.3868,-58.1877
54.0326,-59.1857
58.9625,-57.1444
51.1861,-62.7577
49.2386,-57.5646
55.7808,-52.7422
58.6996,-54.9590
53.8289,-52.5609
62.4932,-43.2063
50.8633,-56.0857
60.9892,-48.8054
62.3343,-51.6960
63.1486,-47.9039
42.2725,-48.5330
48.5466,-50.3164
45.9722,-57.1746
49.0285,-55.4756
57.0718,-47.3435
50.2333,-47.9823
56.8974,-42.6674
49.5602,-55.2992
47.4471,-62.3404
54.1468,-54.3062
51.9525,-47.3549
59.6793,-57.3061
57.9447,-58.4176
61.9755,-41.4428
45.6414,-61.2492
51.5339,-61.0261
57.7763,-45.1599
51.6348,-54.0812
43.3030,-62.6202
50.2430,-58.8874
45.0272,-52.2923
42.1365,-48.8847
53.2041,-54.0580
53.4930,-58.0301
54.4130,-54.4234
48.3919,-58.1287
51.9954,-44.6449
49.3398,-55.1031
56.1099,-66.7074
45.6082,-57.2313
53.9919,-48.1417
48.1637,-55.4259
44.0102,-60.0642
47.5884,-55.1082
51.9043,-56.5911
61.5551,-43.9948
50.4933,-55.7436
42.9036,-63.1923
50.3207,-60.0680
60.5389,-52.5453
49.5968,-54.7027
56.6969,-46.9051
34.7349,-60.6228
50.0421,-53.2456
48.6582,-40.3189
56.0506,-51.2284
43.0248,-62.5042
49.7220,-59.9194
47.5646,-62.8509
58.8597,-58.9416
47.0459,-44.6924
62.6901,-47.9690
57.8147,-58.9543
46.6664,-53.5906
49.0404,-57.8455
49.0984,-62.9641
52.5931,-51.4528
48.6894,-52.2179
55.7612,-59.7441
44.3224,-57.8307
38.3166,-60.1723
56.7394,-35.8541
54.6993,-52.2474
50.6528,-61.3886
49.2107,-55.1798
45.7748,-60.2884
59.6463,-47.9349
56.9424,-53.9372
56.4777,-61.9942
36.7682,-57.4885
52.5877,-54.1532
48.4293,-64.8947
53.5129,-56.4603
53.9582,-43.9794
55.9868,-54.4626
64.4117,-45.6348
44.4527,-57.3610
47.9918,-54.1855
50.2836,-56.6636
66.0781,-54.6890
54.6514,-55.0207
51.6296,-47.7982
48.2429,-61.7366
57.3072,-36.2614
56.9875,-42.9128
46.2256,-48.7981
56.7491,-56.1728
57.1945,-52.8453
47.8043,-56.7833
55.1534,-64.2254
54.3409,-51.3464
56.2515,-56.7132
60.8429,-59.3230
57.9462,-49.8130
49.0403,-56.4567
54.8484,-58.9438
56.8703,-51.8304
49.2404,-52.7036
54.8405,-53.4801
47.1993,-56.9123
41.6056,-47.8613
42.5214,-46.4974
53.4021,-53.1618
48.9341,-58.6767
47.4425,-56.3994
54.9547,-55.9377
56.2028,-52.9805
55.4473,-54.0570
53.2032,-59.5986
46.8100,-52.8650
51.1492,-48.7019
37.1225,-53.8072
52.4124,-60.3241
50.3803,-50.6427
47.8662,-53.0259
58.3104,-49.2381
52.4148,-49.1551
59.2278,-51.3600
50.6023,-55.9071
58.3425,-58.4907
59.6103,-40.6664
56.5155,-50.2870
54.3377,-54.8031
69.0394,-45.1808
57.8268,-46.9543
53.5574,-41.2177
63.0385,-57.4711
51.6724,-58.2492
47.7439,-57.6595
51.8738,-56.6033
58.9938,-53.6926
56.4791,-55.7346
56.6503,-60.1154
50.8332,-59.8963
55.5401,-49.1647
52.9900,-55.0109
46.5856,-56.7134
65.0898,-48.5542
59.4361,-47.4021
54.9513,-50.8528
46.1639,-50.6240
62.0389,-55.4397
50.4824,-55.2330
56.5113,-56.2578
65.4403,-47.0376
56.7478,-58.5374
49.5190,-56.0489
46.8596,-59.4327
50.6516,-64.1930
49.9410,-63.8316
62.7814,-27.0474
48.4877,-57.5648
63.4403,-59.0158
52.0773,-67.9568
45.6926,-52.3404
57.2314,-50.9332
51.8431,-60.4057
46.1179,-49.7430
60.6529,-42.5515
58.0740,-53.1169
64.3054,-39.0543
48.6944,-58.2306
60.7462,-53.1382
59.9574,-60.3733
40.6159,-57.0935
59.5785,-50.8101
52.7690,-53.9217
43.0090,-51.6694
46.1236,-53.2724
54.5510,-53.2568
58.5864,-55.9522
56.2444,-57.8649
49.4281,-53.8519
44.4552,-66.1416
50.9977,-49.2232
48.2630,-58.0917
51.2614,-54.7920
47.0297,-56.4044
48.8045,-54.6340
54.1423,-43.7994
61.3206,-54.7548
47.1284,-59.3264
57.3058,-53.7021
56.1343,-54.2130
49.3238,-52.2674
51.8183,-61.9235
55.0842,-58.3253
52.9951,-51.7792
49.7743,-68.9694
48.9989,-67.2263
49.9783,-44.0145
48.9979,-57.4812
52.4582,-59.2255
51.7950,-57.8011
48.2432,-48.3762
53.5938,-51.2186
51.3956,-62.7881
45.1224,-53.3110
57.5807,-43.1287
54.1408,-54.6120
58.9075,-43.8903
49.9359,-51.8183
47.8102,-62.8230
53.7225,-65.1811
55.0982,-60.9337
51.3007,-55.6823
58.5340,-49.4934
55.0202,-59.3042
44.0298,-58.8946
54.9908,-52.6395
53.5996,-53.6531
49.5975,-63.3047
52.5651,-57.1107
51.1408,-60.9953
50.2018,-50.1650
57.3238,-54.9347
48.8338,-45.8027
57.1252,-50.4885
48.4989,-62.0677
59.3501,-50.1597
44.3748,-61.7047
45.9483,-58.1899
56.4969,-56.0834
49.4281,-57.6766
56.0571,-45.6852
57.7299,-60.9018
52.6902,-56.9318
52.8975,-55.3559
50.1950,-58.4998
44.4937,-65.5373
59.7795,-45.0637
53.7329,-51.0474
53.1453,-54.6990
46.9499,-57.8353
48.2142,-50.4313
58.8304,-50.2876
38.5829,-60.9701
47.7219,-44.9865
58.2162,-42.1686
58.7263,-52.1669
64.6480,-38.8476
50.5053,-46.8505
62.8002,-49.0445
52.9590,-64.6156
41.8214,-65.5107
59.2412,-51.7098
56.4664,-47.2893
41.4184,-49.2408
38.5908,-57.4973
52.4928,-55.1584
58.1633,-54.9997
51.9996,-57.1204
55.6295,-59.3826
48.6061,-57.6459
50.1020,-52.4396
52.0997,-52.1680
53.0405,-41.3499
56.9627,-55.9327
49.0976,-56.1768
56.2067,-45.7655
46.8661,-62.4898
47.2040,-55.3784
57.7090,-57.8694
52.8846,-56.2424
56.0195,-49.1844
54.4440,-60.8759
53.7318,-56.8178
54.0190,-54.1884
68.1012,-49.9056
44.9575,-62.4172
49.2513,-49.6483
45.9641,-51.1514
56.5774,-57.5211
46.1729,-58.4201
49.2185,-49.2219
59.0811,-46.5561
51.7596,-43.7373
41.7317,-55.3221
55.3513,-50.7639
62.2227,-52.3070
60.7711,-39.9776
53.6127,-45.8911
52.0096,-51.0314
57.6831,-56.8104
47.9932,-58.7882
60.1658,-47.6583
51.8594,-44.5278
56.7262,-55.9121
59.8212,-50.1651
52.8627,-56.6080
63.8341,-56.7456
56.9452,-56.9039
46.9878,-62.6036
51.0050,-54.3190
58.8427,-49.5491
50.0884,-60.9277
52.8567,-47.0858
56.0007,-52.5510
59.5525,-52.9240
62.4523,-49.8460
50.3689,-55.5563
49.1435,-55.1589
53.9984,-57.4302
52.9920,-55.0886
57.6760,-46.2299
48.9567,-63.6574
47.4778,-57.9329
56.0467,-46.9206
49.5226,-66.2708
46.6567,-65.5042
61.8486,-48.0121
58.6009,-52.7737
49.0037,-50.5264
43.0186,-38.6372
50.0005,-56.8544
54.8838,-55.8177
39.7085,-63.7098
44.9007,-48.7398
58.2413,-49.5304
56.1819,-50.8798
54.7486,-30.4871
56.0638,-44.9723
54.4531,-63.3963
59.4389,-41.4844
53.9568,-48.8053
58.6308,-49.8594
47.5501,-55.6026
54.1673,-56.5898
64.0222,-52.3260
59.3322,-46.6323
56.3557,-53.9399
48.6513,-51.3589
48.1872,-61.0602
47.2783,-55.9375
48.5317,-55.8170
56.6724,-55.0394
54.2487,-57.9549
60.2079,-56.1852
52.3436,-50.7610
59.7220,-55.0220
49.2367,-41.8934
49.3566,-52.4824
60.3212,-51.8637
46.6286,-59.6667
41.7227,-59.4587
51.5803,-52.7733
55.7132,-50.8022
51.7030,-59.2296
54.3184,-66.5568
56.5903,-46.8693
49.7820,-55.1093
52.0980,-66.2494
44.7245,-51.9250
49.3763,-51.6553
51.5080,-53.7451
56.9441,-54.5387
63.2280,-43.6449
54.5300,-50.6321
52.8799,-56.8653
66.2653,-56.0770
56.6715,-55.7543
57.8538,-42.9218
50.7558,-69.4024
53.8521,-41.9325
56.7580,-42.1123
52.2824,-51.4725
54.8000,-52.6766
53.8634,-53.4526
49.3664,-55.5320
59.1844,-56.3443
56.1764,-51.4232
58.6796,-43.2906
54.4914,-59.6624
50.1368,-42.6115
54.5574,-58.0625
50.2984,-62.3913
53.5389,-51.5247
57.0442,-48.0712
49.3639,-61.7478
51.4694,-58.0782
43.3102,-56.6452
50.0779,-44.1944
53.8546,-55.3679
52.6977,-55.9971
51.8930,-57.6913
56.0259,-52.5367
55.0369,-51.7434
51.8212,-52.4432
49.5895,-56.8373
50.7605,-54.6327
48.5271,-57.8603
49.2016,-56.5923
46.9580,-60.6603
47.8004,-56.2068
57.7502,-56.6995
62.2528,-56.1036
52.9313,-50.3772
46.8011,-61.4848
50.9915,-58.2909
61.9835,-51.3590
43.0311,-55.9005
51.4810,-50.1722
51.0292,-59.8930
55.4362,-64.1038
48.2024,-52.9223
55.4509,-45.5616
55.5225,-39.0048
49.9934,-58.7826
47.3460,-49.7106
55.0531,-61.2169
52.8030,-57.6000
54.4602,-56.3898
52.7753,-59.6181
60.9400,-45.0674
52.4167,-60.2479
46.2195,-61.6084
47.7859,-51.5231
49.6611,-57.9818
50.5090,-64.1893
54.4813,-59.1139
54.1127,-66.1231
57.4696,-41.8468
55.9495,-54.0887
50.4551,-58.2266
51.9871,-50.4383
40.8017,-57.7333
51.0332,-45.5710
52.2347,-55.0492
64.2811,-56.5056
41.8766,-57.0267
55.7598,-50.7565
40.5574,-64.7599
50.4884,-62.1455
51.5746,-50.3857
56.8884,-56.8685
62.3495,-51.2514
57.5366,-54.1191
44.9193,-53.1728
55.5397,-55.8101
55.4749,-49.4559
53.4583,-50.6064
50.9311,-53.3194
51.1833,-48.1292
47.8536,-56.0463
55.0360,-44.0248
49.6131,-58.3512
46.8480,-51.3006
49.5718,-56.2662
43.1364,-56.6603
60.7220,-51.9228
49.3098,-53.7222
62.6488,-53.1980
58.2452,-54.4015
56.6969,-44.9614
50.3850,-58.8129
55.1839,-53.4912
50.1107,-41.6114
53.8580,-60.8117
48.8571,-56.0953
46.6685,-66.9941
52.5377,-60.2564
52.6819,-54.5198
57.0884,-52.5188
56.7548,-51.1642
53.7325,-60.1246
52.1870,-60.1599
49.5114,-47.7201
56.3361,-45.1692
37.3504,-61.8933
41.4835,-55.6175
51.5685,-49.9855
55.2506,-53.0555
48.1528,-55.6584
47.5649,-54.5519
58.3031,-56.0253
62.6735,-49.8400
53.3848,-55.3231
51.6722,-58.0807
57.7505,-52.1689
66.3932,-48.0700
58.2410,-57.9404
53.4098,-58.2743
38.2313,-59.3175
51.8935,-44.4231
62.2958,-43.3261
42.0689,-59.7680
40.7810,-65.9019
55.2234,-58.0293
52.3828,-52.9753
50.8425,-58.7120
41.6622,-51.6883
51.7364,-64.1580
54.2959,-60.5967
58.9588,-61.0937
54.3491,-50.0375
57.2815,-51.5781
57.2027,-54.8314
47.6858,-53.1348
55.9591,-47.7284
47.3716,-50.9711
44.5298,-54.1193
55.2207,-54.5673
59.2701,-55.3278
50.6371,-44.9863
48.0956,-61.4702
54.8815,-49.6067
56.2086,-61.1871
51.5457,-59.8375
54.6579,-50.3700
51.5097,-49.2378
54.1804,-48.1943
60.1467,-50.4924
42.5113,-59.2480
45.1641,-50.1992
56.3958,-61.5691
63.1298,-54.3564
55.0647,-54.0810
43.1630,-61.2081
43.4467,-63.5588
59.6470,-55.2497
60.1970,-64.6397
52.0394,-51.5536
44.6458,-51.4293
49.1526,-44.3012
64.2558,-45.9172
56.5097,-50.2022
45.3314,-59.6815
44.6159,-54.5645
44.6505,-55.1730
53.9451,-60.5137
48.3693,-41.6665
44.3889,-62.4084
57.7592,-54.5908
48.1320,-50.4251
54.7540,-49.6645
61.2367,-53.6828
52.9098,-54.8973
42.8874,-57.8016
53.3805,-52.6316
40.4287,-51.7297
46.9915,-60.7518
51.7337,-56.6726
57.7038,-55.0500
55.7764,-49.4033
47.0753,-58.5138
54.3781,-52.4512
55.8043,-54.4490
59.9101,-47.0474
59.1501,-53.3296
50.5813,-56.2019
52.0061,-50.0378
45.6675,-63.7547
47.2777,-60.7320
45.4700,-54.4798
47.1508,-55.9351
63.1543,-40.1619
49.2356,-52.0863
52.2743,-51.5877
48.4842,-64.3753
64.2592,-51.6326
47.9921,-36.0666
51.5310,-48.6198
60.6258,-52.3179
54.5576,-51.4095
60.3655,-37.1741
53.2936,-55.5976
47.7648,-60.9436
53.9355,-59.6803
48.7122,-62.3089
55.8626,-58.7847
64.3663,-45.0481
58.7453,-52.5697
52.4166,-59.9282
56.6450,-44.3691
44.4728,-58.7196
49.8007,-61.4281
54.1027,-51.0160
50.0213,-53.8927
52.0891,-61.8046
56.2655,-60.2770
50.6940,-59.8883
53.9179,-47.9896
55.8617,-58.9961
54.2826,-57.6211
57.8435,-52.3246
49.3176,-59.2246
49.9462,-45.2205
54.7988,-54.3869
58.3431,-58.1980
35.4822,-67.3748
54.7735,-49.0277
52.0060,-57.4286
46.1786,-56.5153
47.3595,-68.9537
49.8613,-55.8557
61.9151,-39.4947
51.6797,-45.0529
45.3096,-52.6304
54.5700,-57.1698
55.9431,-46.0790
34.9439,-50.9011
48.2044,-49.3349
56.8387,-57.6212
57.6264,-62.4918
47.4367,-56.9201
59.7001,-45.1687
57.2423,-46.9240
57.4677,-61.9940
51.9720,-55.4381
56.2343,-58.6339
56.0591,-56.2699
54.2062,-51.0385
49.9680,-60.8434
57.2978,-49.4155
41.7746,-59.6437
53.1614,-53.6351
52.2380,-53.1855
49.2261,-58.7576
49.2479,-65.1720
57.4260,-55.9380
51.1934,-62.1126
62.4305,-41.7365
38.7424,-46.1508
50.8483,-57.5430
46.1107,-54.1114
51.3289,-56.2588
50.1073,-48.1709
47.3381,-61.3562
56.3769,-37.1881
49.1421,-62.2165
58.0313,-46.9335
56.0280,-56.6277
55.1712,-52.3235
55.0433,-49.8425
45.7695,-54.2913
58.9194,-47.7104
40.6289,-60.3133
46.0959,-57.8563
67.8144,-42.6802
57.6145,-43.1368
56.8380,-30.4691
48.5028,-51.8756
61.2048,-59.5896
57.9036,-59.8399
52.8736,-59.5519
52.8452,-52.9630
60.5321,-38.9746
44.5997,-65.2872
49.4511,-54.4342
50.0621,-57.4714
56.3342,-49.3329
55.4331,-56.2233
47.6869,-63.2037
54.7761,-58.8280
55.2765,-58.0571
50.2666,-59.2572
53.2196,-45.1291
54.0996,-59.2434
41.2920,-59.7772
52.5545,-49.1812
59.2812,-60.4917
49.7188,-58.5909
56.3240,-56.9479
59.3857,-52.7691
61.1290,-48.8705
51.1036,-54.0734
49.0420,-49.8711
50.1357,-53.3766
52.3585,-70.0012
53.0507,-60.9430
59.5385,-52.2662
47.8757,-53.7882
41.7779,-60.1237
56.0074,-47.2486
57.9999,-54.7197
60.2024,-49.6482
49.5313,-52.5709
54.0103,-48.0088
58.0309,-50.5764
41.0892,-51.8886
53.1914,-45.4978
48.7324,-63.1924
54.1867,-56.3564
53.0166,-61.9874
51.4073,-58.8615
42.8886,-49.7587
60.5032,-48.5992
45.7961,-58.5205
45.5082,-51.0770
69.0923,-40.0420
56.3434,-58.1968
56.7507,-50.4753
59.7384,-49.2159
43.5379,-53.7491
65.9893,-57.0149
40.1870,-63.3767
50.4553,-50.5121
50.6303,-59.1268
48.0440,-62.2243
53.2211,-40.8316
52.8416,-51.8420
45.1613,-57.5669
45.1742,-58.0288
61.9003,-45.4188
55.6893,-50.8050
51.6905,-52.6233
51.9539,-51.7122
54.1352,-55.4842
53.0025,-59.7891
50.8635,-61.2414
59.7335,-57.5604
51.8854,-47.0241
53.8247,-57.2219
64.1027,-44.5329
51.3272,-57.8269
62.1360,-46.0339
40.9472,-66.5431
47.4188,-50.4908
62.7580,-42.2990
52.2181,-54.3870
53.7120,-50.2114
50.4122,-63.3998
56.9957,-38.2579
51.0362,-67.2708
48.1607,-61.8501
47.8585,-49.8642
49.4324,-51.5307
52.0733,-54.4704
51.4483,-51.6310
50.8102,-48.6022
56.5744,-54.6192
52.1015,-58.5406
47.3427,-56.9874
47.4947,-59.0667
54.5645,-52.3095
53.5606,-55.3081
45.8219,-52.6599
50.9243,-53.6057
52.6381,-50.0809
51.6833,-47.7173
55.1380,-58.3656
48.3788,-57.3756
56.0451,-60.6272
51.8274,-54.2715
55.9027,-48.2600
53.2524,-63.4055
47.9321,-63.7595
55.3777,-61.0104
56.5210,-54.7180
55.6776,-55.8405
56.9832,-47.9051
56.6623,-54.4382
58.6496,-49.9023
63.5765,-48.2106
51.6356,-47.4725
45.3820,-57.2703
62.5259,-42.1173
51.3243,-47.7522
52.8467,-49.8579
49.7188,-54.6040
64.8842,-38.7314
47.3718,-51.0861
61.1764,-52.7172
55.8243,-59.3121
48.4241,-61.9589
56.8191,-57.1044
43.6174,-56.6657
63.1764,-54.1696
55.4433,-56.1334
45.6608,-59.6364
56.3628,-47.5131
39.3614,-57.6797
55.1385,-55.9615
53.2141,-57.6338
54.9656,-46.9768
50.1201,-57.0486
47.1118,-48.8527
56.6409,-54.4446
50.2022,-44.8665
54.7803,-49.6768
55.5651,-56.5006
50.8105,-56.7908
54.1424,-53.6544
55.7393,-53.8206
52.7489,-51.9784
50.2863,-62.4017
54.6563,-57.5693
53.3361,-52.7585
62.6580,-58.3408
52.9302,-63.4427
58.8884,-39.0709
58.9035,-63.4567
59.2139,-45.3543
53.6792,-56.5192
49.1318,-48.7657
59.5757,-47.2366
51.3495,-58.3713
53.7456,-46.7104
58.7991,-42.3292
58.4594,-53.0574
59.9797,-41.7490
55.7586,-50.3450
54.3306,-53.6727
52.8023,-61.5503
43.0122,-60.5647
62.9776,-51.8925
50.8019,-56.9737
53.1124,-59.5333
52.5207,-52.0161
45.6970,-67.5573
51.7390,-57.7073
44.7331,-50.1782
46.9522,-54.3434
47.0756,-70.5936
55.7528,-47.7718
55.0981,-57.2040
50.0169,-54.0934
54.0232,-49.5321
57.8806,-53.9747
50.1302,-51.1830
61.2428,-48.5552
52.8488,-56.3343
45.6168,-51.1774
53.9125,-47.5341
59.2062,-44.0197
59.8411,-49.1454
45.6535,-56.6254
46.2770,-47.3015
47.3097,-44.2831
60.0656,-48.8321
39.0452,-58.0892
55.3789,-48.7546
51.3684,-47.7295
51.6270,-62.1319
51.1450,-52.3483
45.8555,-59.6643
52.1951,-54.1838
51.7008,-48.9835
53.6761,-48.0735
38.3100,-54.6850
63.9212,-51.6541
53.8380,-52.2222
57.8436,-59.4321
55.9034,-52.0566
63.5560,-63.7558
57.5465,-56.0303
56.7428,-49.7854
58.0441,-55.5658
57.1144,-43.9734
55.9896,-55.8115
51.9936,-51.9357
51.1481,-55.2967
46.9712,-58.1648
56.6546,-60.8519
50.1300,-49.6742
53.7290,-55.6998
53.8322,-51.6547
58.4230,-48.7842
56.1269,-51.4019
55.1522,-47.6453
53.9486,-53.4317
55.8525,-58.5264
55.4503,-42.2259
59.3884,-51.3496
62.9514,-38.4567
56.3113,-57.9602
50.9690,-55.7607
58.5981,-52.0465
62.7728,-50.1982
58.2114,-48.4067
44.5297,-53.5079
53.1571,-57.6818
52.7054,-47.1897
58.5432,-55.3822
50.4653,-54.5738
37.9866,-61.6015
61.0222,-54.0580
55.9989,-45.7249
54.8888,-46.9918
39.6989,-54.0963
56.3773,-52.4395
56.2785,-48.2715
58.7227,-53.5064
58.0636,-49.0487
58.9303,-56.6619
56.6250,-55.3198
66.2829,-48.9627
58.1810,-48.1930
58.7703,-58.7043
58.6981,-36.3722
45.5388,-59.2174
57.1495,-52.1614
43.9932,-60.6003
36.4046,-57.1416
50.9237,-51.7677
58.4669,-53.0813
56.5852,-45.2211
48.4152,-49.2475
59.3958,-50.9691
58.8134,-46.0790
57.3899,-53.8129
51.7865,-58.6713
47.9805,-51.1234
53.0631,-46.1561
51.1718,-58.6558
58.2049,-49.4618
50.2752,-59.6516
44.8099,-58.7292
44.1492,-51.1743
58.0546,-34.2441
53.5102,-54.5700
63.7748,-53.6445
48.9199,-50.6633
55.0392,-48.9549
55.2250,-55.6843
49.5347,-53.1733
57.4668,-58.6181
48.6967,-40.0739
55.7461,-47.1217
41.0523,-54.2619
61.2701,-53.2805
52.1778,-54.6025
61.9518,-53.8483
54.2613,-48.3297
57.5470,-57.4781
58.0554,-61.3735
60.8380,-47.0295
54.6524,-48.5641
59.4752,-53.0166
50.4881,-50.3007
51.0588,-47.9564
49.2870,-62.5945
47.7036,-62.4615
58.6722,-57.0328
50.0665,-46.5813
54.8603,-47.9936
54.6163,-57.0128
59.6221,-45.0141
61.1266,-47.1554
66.3654,-40.9688
57.9857,-54.3177
57.3766,-52.7623
47.2403,-55.8762
47.3343,-44.5541
54.1035,-55.6096
56.7648,-43.3616
52.0634,-56.2246
56.8375,-57.8745
45.0841,-54.4172
60.6659,-36.4308
51.9186,-56.0411
55.0300,-63.0872
60.7902,-40.8010
49.5676,-50.3377
52.5187,-44.8390
57.1933,-47.1167
54.1046,-44.3634
55.5726,-59.6593
47.4210,-61.4914
41.7456,-57.2065
53.8711,-51.8110
54.2373,-48.2094
40.5918,-50.4087
55.6078,-44.6194
41.6624,-53.6480
46.4569,-60.4504
45.7472,-55.8311
53.5803,-41.5078
50.2418,-56.6933
59.8317,-48.2348
42.1424,-52.2984
56.0003,-61.7314
62.0968,-50.7339
52.2623,-61.4510
54.7984,-43.0322
50.6093,-53.5676
61.8217,-54.8721
61.3054,-49.7975
54.6048,-46.0689
60.3272,-42.0698
56.1745,-54.1370
58.6060,-50.9143
50.9944,-52.5055
52.2440,-43.9727
50.4863,-63.5586
54.5069,-41.3377
50.4497,-58.5016
48.8308,-62.8237
47.9547,-45.6249
57.9923,-39.9590
44.1783,-62.2429
55.9575,-57.7134
66.5456,-35.9339
59.6203,-50.0262
48.5010,-53.5556
47.4676,-50.9826
53.6785,-50.6782
58.0396,-53.8026
40.4306,-61.1377
45.5307,-59.3613
59.4614,-56.7784
59.3777,-50.0284
56.5226,-52.6436
58.9339,-41.3049
51.2209,-58.1647
48.4967,-63.7708
57.1205,-49.5412
55.5331,-45.9724
57.6039,-58.7859
46.6148,-46.3052
49.8821,-55.5563
54.5752,-58.0615
58.6345,-50.9620
49.0656,-61.3499
46.0508,-47.4284
60.4769,-42.4999
64.5898,-39.6713
54.5645,-41.2557
53.8521,-49.3536
59.5402,-39.9419
61.1311,-46.8912
57.4390,-45.7546
52.3174,-54.9578
42.6011,-48.5204
53.1687,-65.1875
52.6009,-50.6247
50.6814,-55.7650
47.5019,-63.1301
51.2510,-39.2240
55.9680,-45.0813
40.5224,-59.7307
51.5046,-66.5669
57.6787,-42.7885
45.0590,-59.6785
58.4168,-52.3590
51.5084,-59.9861
52.6297,-58.6341
59.0109,-67.0759
49.4301,-59.6532
54.6283,-57.4022
61.9236,-54.8555
56.8212,-49.7560
52.5638,-46.2530
41.0212,-49.2214
57.1298,-47.3507
41.4014,-55.2636
52.3959,-49.0260
38.4734,-49.0338
47.5467,-58.8775
52.4217,-49.5249
43.7652,-58.9007
52.5072,-58.7366
50.5885,-54.5141
50.1744,-52.8811
58.3790,-42.0477
54.9829,-47.1087
56.0715,-46.9613
51.7154,-60.3725
44.0027,-56.1079
48.7985,-42.2325
41.2823,-61.6653
51.9516,-59.6235
56.0118,-55.9903
53.0003,-56.6221
58.6630,-59.4734
56.0221,-57.7098
44.5256,-48.9000
50.1668,-52.7330
54.5505,-65.4124
34.2506,-61.1636
55.8255,-53.2947
41.3956,-53.1955
52.5651,-68.3677
43.8766,-54.7912
61.5688,-55.5463
60.9054,-52.7296
53.2665,-53.3877
46.6887,-53.1545
49.8775,-61.9702
62.9513,-49.4502
54.6402,-61.5171
52.3369,-50.5492
42.8635,-49.3383
46.7514,-52.7491
59.4124,-47.3088
47.6095,-54.1722
48.2573,-63.5825
48.9618,-53.6320
46.4773,-53.2435
53.4184,-50.1617
43.0728,-61.0240
54.8531,-51.8479
57.9446,-50.3132
60.5918,-41.5138
60.9463,-49.6777
56.3227,-46.0160
56.7031,-48.2712
56.5085,-53.6007
50.8730,-51.0553
45.7061,-53.0182
51.2096,-54.9285
51.6594,-57.5959
55.2125,-50.2627
56.2638,-58.3992
55.9297,-55.2516
50.4224,-60.5118
51.5863,-41.0035
50.6365,-51.1460
47.2824,-66.9064
39.4272,-55.9370
54.2543,-50.7022
40.6287,-48.9783
46.1119,-59.4002
44.9637,-50.5030
57.7814,-58.9058
60.2468,-55.5764
52.4247,-56.7102
59.5264,-50.8955
56.4384,-54.7515
57.9343,-47.5465
43.8498,-52.7216
45.2619,-53.7337
57.9218,-44.5322
47.8311,-58.6633
59.9977,-38.2870
58.7670,-48.1069
40.0365,-56.6652
49.4051,-53.7365
43.3872,-53.8325
49.6830,-59.5224
49.7395,-50.6875
60.0867,-58.2536
55.7802,-57.5321
58.6555,-43.7214
55.4789,-51.8042
50.3278,-59.3736
44.8568,-44.4686
47.0683,-63.7684
59.3636,-47.8343
50.4475,-60.0588
49.1820,-61.5435
50.0452,-60.5589
55.5096,-55.7418
60.3790,-57.1540
55.4279,-53.3306
55.7182,-60.1164
49.6372,-43.8300
42.7344,-58.6320
56.6860,-57.9989
40.6580,-61.6361
58.9820,-47.2759
40.9512,-51.1144
56.8070,-65.0952
49.3996,-56.6050
59.0893,-55.8640
59.6661,-50.7796
59.8312,-41.6003
44.8562,-52.7568
52.8502,-57.5354
59.8004,-47.1496
49.4025,-50.1440
44.3255,-55.3097
43.4303,-57.0404
42.7862,-53.9264
53.9766,-56.3226
55.1540,-48.9936
50.9456,-47.5263
45.6395,-50.7693
44.6254,-56.6816
55.3395,-59.0853
45.2525,-51.8079
57.0236,-54.1863
53.3657,-59.9653
56.8123,-44.8362
60.5452,-55.4972
57.5686,-53.6473
55.3498,-50.5383
58.8199,-59.4852
57.1561,-56.1649
42.8466,-53.0072
41.1251,-56.6149
54.7708,-53.6973
57.3413,-57.6677
56.8631,-59.3069
55.1192,-51.3937
52.4001,-60.0791
49.3990,-48.5276
52.9375,-57.4156
59.5047,-54.5503
39.5213,-62.1476
52.2178,-52.6659
47.5282,-52.5013
51.5054,-61.2258
50.2252,-49.8754
51.1701,-52.6235
57.6549,-46.0682
40.3835,-59.6064
58.4650,-48.4328
63.5757,-49.1022
58.6907,-57.4770
46.3097,-38.1554
50.8411,-44.8443
56.6505,-59.9312
58.5549,-53.8077
52.5976,-53.2666
55.6430,-56.5028
48.0059,-60.0984
53.3570,-62.3955
43.0534,-62.3171
57.2632,-60.0311
52.0019,-58.1725
56.8130,-51.6116
52.1361,-60.8791
50.4084,-47.4872
56.6301,-56.0860
50.8051,-62.2027
53.8982,-53.6489
51.8859,-52.7522
45.8120,-68.2405
50.7712,-58.6601
42.8167,-57.5502
53.4623,-48.2491
51.9463,-58.6840
51.0152,-54.9139
53.3098,-51.7025
45.5699,-60.5832
53.6978,-48.0907
55.8822,-56.3045
46.9247,-70.0137
38.3685,-64.6044
56.8316,-46.9294
53.0030,-51.3401
59.8481,-58.2825
49.9515,-49.3168
55.7288,-59.0006
63.4261,-44.8863
52.5902,-55.5037
65.0635,-46.9518
62.9900,-50.4102
58.4278,-48.6527
43.1683,-52.8064
51.6815,-43.3399
51.2572,-60.3479
54.8910,-51.4989
56.1135,-42.9610
55.9570,-49.1069
51.0252,-48.1168
51.6145,-59.6691
55.2533,-49.2334
58.2939,-51.3073
52.3173,-60.1718
52.4437,-58.0689
49.1716,-61.0278
60.4757,-52.3203
50.1169,-52.6468
47.6778,-61.4865
49.0643,-51.7305
55.4928,-62.2137
53.2734,-58.0789
60.4806,-54.0074
49.4316,-53.8352
56.4724,-55.4625
44.9143,-56.7568
49.6975,-52.6041
49.2728,-46.4442
52.6413,-56.0309
44.5811,-60.7374
48.1603,-58.3276
52.5050,-51.7291
47.5304,-61.5294
52.7743,-56.6766
58.7289,-56.0695
62.2600,-50.6236
54.1865,-62.2329
48.2167,-54.8632
62.2539,-54.4494
48.1830,-58.9221
55.4348,-42.4676
56.4509,-53.8929
44.9260,-49.6784
40.3292,-50.4708
52.1587,-58.1936
61.2546,-49.6801
55.1251,-61.9771
47.5558,-63.7147
55.6597,-50.4643
50.4704,-48.4412
56.7999,-51.1276
50.1234,-54.9879
60.9534,-56.1237
56.5442,-56.9544
57.1971,-54.1989
51.6321,-63.2440
45.8614,-49.6946
56.2521,-51.8679
46.9249,-56.1815
46.8057,-51.8410
54.2122,-60.4311
46.2077,-65.9662
53.6575,-52.6726
53.6480,-54.9064
46.5612,-52.2176
56.4524,-56.6872
47.9508,-55.1611
50.0359,-56.2538
52.4599,-59.3954
45.9159,-46.5877
50.2302,-51.7867
61.6433,-44.9197
46.3345,-58.6903
49.4691,-55.8516
37.5623,-58.9242
49.3962,-62.2879
39.1721,-55.4493
52.1412,-60.4532
58.5421,-51.5013
57.0570,-47.8617
46.4743,-51.5325
56.2175,-54.9186
63.2432,-51.1268
49.7442,-50.7730
55.6146,-45.8337
50.3948,-56.9475
56.2380,-44.5400
65.3208,-39.4913
55.3611,-50.2189
50.3707,-51.3892
47.2997,-61.0407
46.2698,-61.1556
59.0162,-53.8276
51.1763,-50.8061
62.3846,-53.4094
57.1676,-58.9056
61.5055,-43.8361
52.7544,-56.6055
53.4799,-61.7150
47.8820,-55.5541
52.4271,-47.1070
51.9533,-58.4231
47.6886,-55.5847
55.3313,-57.2320
42.9307,-60.5016
57.2659,-56.0907
54.3135,-57.3079
58.6657,-56.1096
56.1623,-54.0126
54.8360,-40.3907
52.3782,-50.8799
62.1127,-58.0371
31.5404,-60.4985
46.3260,-54.6875
58.8813,-48.2952
46.3367,-68.3405
50.6944,-50.3725
59.0028,-57.4691
67.8773,-43.2553
50.7744,-58.0429
46.1623,-54.9290
54.0089,-53.5212
62.5628,-45.4009
49.7150,-56.8983
42.5576,-57.8315
53.2540,-47.5095
39.8183,-60.4863
54.6601,-52.2213
57.3182,-49.2037
53.9547,-50.5073
54.3403,-56.7870
46.0874,-53.7400
53.2859,-51.6001
54.1538,-49.4617
56.3451,-53.4990
53.6040,-53.1677
63.3003,-36.5792
48.4499,-55.9535
45.2515,-59.8798
49.6043,-51.4726
51.3050,-55.2224
48.8095,-57.4022
46.5956,-60.0851
43.5434,-58.4444
45.2899,-58.6794
56.3775,-53.0372
61.0986,-60.6037
56.9361,-48.8108
50.2460,-61.9261
53.9985,-46.6320
56.4138,-50.8272
57.2749,-55.4142
43.9536,-62.9810
58.5337,-45.9179
50.4460,-51.7611
44.2056,-63.3937
55.8797,-59.3603
60.2720,-50.9043
50.5704,-56.9517
53.5526,-56.3677
49.2858,-50.3651
55.4238,-52.5841
50.0520,-45.9563
43.2402,-58.0083
42.4031,-59.8119
49.4939,-53.9350
45.0467,-60.2046
55.2613,-45.7909
59.5578,-44.5341
41.6791,-52.6778
46.7106,-50.9441
46.5373,-49.9509
53.4302,-52.7630
50.2905,-55.5583
56.5362,-55.0058
56.7738,-55.3432
55.5162,-45.7368
57.9466,-56.5418
53.0284,-56.0362
50.1825,-40.7038
54.5388,-65.7133
54.6587,-49.9804
36.9133,-58.7114
48.9906,-56.2731
54.3436,-61.6613
57.2272,-59.5129
58.8498,-62.3310
60.2880,-47.9301
47.5433,-62.0719
54.2419,-41.0433
54.9966,-58.6975
47.6832,-52.0870
59.9825,-62.1382
54.5753,-50.4408
44.8435,-61.8419
54.4681,-59.0423
55.7107,-52.6979
56.0121,-53.0285
59.1587,-37.8085
53.5982,-50.8462
55.0178,-61.7122
60.2039,-49.9973
44.3797,-46.8742
37.1305,-48.9567
56.3802,-44.6299
61.1093,-38.8634
50.7352,-67.0385
47.5236,-49.3142
59.9345,-52.9867
43.3930,-51.4191
54.3541,-57.2786
49.1936,-52.9187
53.0667,-57.8594
56.7402,-51.7699
55.7012,-49.1724
56.9399,-54.6657
64.5082,-30.3391
58.7841,-47.8909
56.3812,-56.1369
50.5746,-53.5792
51.9677,-57.5431
51.8084,-55.4427
41.1469,-60.2828
50.9193,-62.3744
52.1098,-55.7729
55.8454,-54.9893
59.8070,-58.0635
55.2070,-57.1606
50.2403,-63.2188
51.2775,-45.2824
52.4329,-49.9001
51.3926,-62.7921
41.2715,-62.3802
55.4642,-52.0129
48.0446,-49.9424
47.6214,-61.7966
56.2321,-48.7328
56.9605,-54.8573
59.2840,-48.3135
50.7018,-66.1074
52.4453,-46.6852
55.8652,-53.6541
59.1041,-49.8645
47.7568,-59.9998
48.9276,-54.0243
48.7559,-52.9566
40.2551,-61.5461
58.1498,-48.3474
41.8069,-53.7607
58.9568,-51.9637
43.6167,-53.9958
45.3104,-55.1510
60.1017,-42.0516
45.0327,-58.4105
53.2143,-62.0341
54.2973,-54.9949
61.7161,-44.3062
53.5880,-56.6388
45.4518,-56.7982
48.1770,-52.1998
44.9596,-62.4366
63.0152,-45.3024
54.9787,-59.8145
42.8374,-67.8895
60.4950,-52.8229
49.8250,-61.1548
58.3051,-60.6770
58.0236,-55.4106
53.2972,-59.8631
51.6454,-40.4304
53.7629,-51.8157
49.3279,-65.1191
43.3609,-61.0158
49.7036,-63.0858
43.2238,-55.0884
53.8366,-55.0789
54.5936,-57.0768
60.2400,-54.2039
59.2933,-55.3644
51.3263,-56.3318
45.8194,-51.5175
59.2964,-53.3753
63.2844,-40.3738
53.9055,-51.6743
51.9065,-47.8170
42.0489,-48.0528
48.5526,-55.3706
58.3800,-46.3246
58.9398,-49.9618
47.6943,-57.0130
53.6570,-65.3813
54.2784,-57.8824
58.5184,-42.3071
54.3322,-53.4851
57.8281,-52.7841
56.5298,-56.3160
61.4641,-37.4342
45.0387,-60.6811
39.3742,-59.9897
32.6421,-64.5886
47.6876,-55.8753
46.1428,-61.9049
52.1769,-58.0539
54.8171,-56.2640
57.8201,-56.9618
56.7200,-53.7839
59.9287,-57.7293
51.6824,-49.9172
48.9742,-57.6847
55.4547,-39.8638
56.3937,-52.3222
57.3385,-53.2523
44.5515,-58.8129
54.5490,-48.9362
48.1801,-52.5261
46.4227,-64.8093
53.7391,-55.9171
57.7843,-54.9379
60.2680,-46.5163
46.9650,-53.2905
55.5178,-50.9393
58.3052,-52.7929
58.3015,-43.0185
50.9053,-48.0632
52.8385,-55.0391
55.8030,-58.3994
47.0734,-61.2852
53.1921,-49.7579
57.1749,-54.1756
46.1363,-50.8357
49.4318,-62.1349
47.3766,-50.0466
52.5910,-40.0028
54.1650,-47.5351
58.3040,-51.2426
55.3506,-53.2416
61.9140,-41.9089
56.0152,-57.1560
44.9975,-60.2243
45.9440,-55.3992
50.8055,-58.9389
53.0012,-53.1494
38.7063,-55.1306
51.5333,-51.9358
52.7645,-54.2254
55.2454,-56.1725
64.1144,-56.0539
52.8862,-55.7741
63.7705,-53.2910
48.4462,-52.4552
50.8058,-53.0884
51.1364,-56.8990
45.5641,-53.4575
56.3023,-53.9509
51.9914,-52.2299
42.2381,-65.3747
41.6837,-56.1067
61.5797,-52.4678
55.9230,-54.6862
55.9838,-56.8227
54.7863,-38.2550
53.7637,-48.7935
56.5170,-50.1471
61.4792,-56.5049
54.3794,-54.3206
52.7309,-42.1996
37.8361,-53.1428
63.9476,-48.1497
39.0443,-58.3006
50.6384,-64.5312
48.5116,-41.8835
48.3655,-49.9791
57.3362,-54.3934
45.0549,-59.4917
52.8699,-56.6724
53.5987,-51.6559
54.7287,-53.8554
55.8663,-57.6092
52.8312,-58.5584
45.7836,-47.9341
59.0837,-51.3892
56.7184,-61.5473
40.1693,-59.1701
48.9578,-47.2827
61.6417,-52.1618
61.6711,-63.6559
52.4906,-51.5447
54.9617,-52.2347
53.4274,-61.3787
52.9525,-48.7408
57.9164,-54.8790
51.1249,-54.1117
52.8928,-49.7680
51.6654,-46.7422
63.4947,-35.6137
51.6810,-54.9429
58.5111,-55.0807
59.6649,-56.2293
54.6872,-54.2930
56.6195,-50.5741
48.8415,-54.3936
45.8188,-63.7929
58.2563,-51.8262
61.4633,-60.1815
61.1764,-53.2732
55.3177,-45.9808
42.6966,-51.9655
62.2847,-45.2963
48.6590,-54.2465
47.7496,-66.9703
46.5671,-38.2554
56.9268,-54.7228
57.6937,-49.6878
36.4191,-62.8772
59.9323,-43.7548
50.4504,-52.8788
58.9287,-59.6222
51.1458,-44.8554
55.1715,-43.1533
59.6219,-54.3005
59.6029,-54.6093
54.8132,-59.9770
57.2563,-44.2738
51.8864,-51.5244
50.8518,-54.6578
57.1507,-52.9027
45.9549,-51.5109
47.5433,-65.8143
57.8802,-47.1790
49.7810,-58.0960
56.9214,-48.6018
54.3161,-43.7954
48.7347,-36.1114
41.5508,-72.1647
54.6765,-58.6882
47.4440,-48.8944
46.8113,-50.1629
57.3793,-53.9974
51.2216,-52.2547
55.5262,-50.2049
56.1934,-50.9063
48.8867,-57.0328
36.8709,-58.6108
59.4816,-54.7349
59.1505,-51.2070
50.2493,-58.6225
52.2958,-47.7570
60.9573,-54.4557
48.2947,-54.2138
50.0516,-57.6478
52.3533,-41.7814
57.7286,-59.8247
55.0640,-45.4568
45.1682,-55.4610
55.9259,-53.1580
47.7743,-61.2442
63.7660,-50.6811
56.9954,-41.0585
51.9848,-47.6514
64.8748,-46.2817
54.7026,-43.1002
52.4403,-55.1012
55.3127,-50.9629
55.8876,-51.2148
54.4812,-55.2888
48.6148,-56.7827
44.8332,-48.8570
55.0432,-57.6222
53.1921,-45.9750
51.6766,-62.6043
40.5650,-65.1119
44.1555,-46.9975
60.2913,-32.6307
44.0671,-64.4908
55.7495,-58.6506
53.8542,-42.0944
55.5184,-57.2809
52.5498,-56.2112
53.6700,-50.7161
49.4265,-51.1856
67.3331,-44.3312
47.1989,-60.3188
45.0335,-55.1696
46.2434,-60.2367
61.5596,-46.8693
65.1254,-57.1899
58.3312,-46.2795
51.3393,-53.2155
54.2393,-54.6609
70.3470,-50.4458
52.3804,-50.5999
63.1874,-53.0846
61.6468,-45.7493
41.0912,-62.6764
58.3279,-47.0205
48.2132,-54.7625
56.1192,-51.7589
50.7546,-54.2086
49.0847,-56.1955
60.2961,-58.0365
62.8805,-48.5770
60.9437,-55.4060
66.9216,-51.7662
56.0586,-52.3903
64.2852,-37.8524
53.5812,-47.3596
48.4315,-54.0443
49.8310,-54.0381
53.0092,-43.4242
51.6495,-53.5663
55.8237,-58.6692
50.3628,-56.5456
55.8823,-54.8779
44.4900,-58.3676
58.5149,-59.4356
51.8824,-45.0347
60.1459,-52.1462
49.5926,-48.9983
51.2926,-45.4749
47.0674,-48.6660
60.8312,-43.5225
43.5458,-65.6423
51.0928,-56.6513
50.5175,-60.1032
64.0802,-50.5687
50.3204,-62.3916
50.2877,-46.6133
51.4332,-55.3638
49.7337,-60.4361
50.7871,-46.0918
55.2967,-49.8263
59.0464,-55.3486
50.2851,-56.1655
45.3667,-57.7673
55.1214,-54.0874
54.3631,-46.5409
49.5373,-59.9818
56.5964,-53.4515
53.7446,-49.2553
49.1266,-59.3018
57.7697,-55.4859
59.0956,-57.8674
61.8671,-38.4776
56.7353,-49.1804
63.8192,-48.0573
52.1884,-54.4283
53.7490,-48.9578
53.9227,-59.2022
56.7821,-49.2785
46.0124,-55.9929
55.2352,-49.6550
50.8659,-46.8819
50.5280,-38.0603
43.4836,-62.8625
59.7089,-59.0563
59.4605,-43.2026
54.1205,-47.0342
55.7115,-49.2015
45.5739,-52.8477
57.6303,-53.8955
58.5075,-62.0906
40.8128,-61.1955
50.7267,-57.8607
55.0798,-57.9470
59.5348,-60.3310
45.3958,-59.2799
44.7722,-52.6081
54.4502,-54.9705
46.7205,-52.4158
52.0941,-49.5483
51.4998,-44.7210
58.1390,-50.1361
54.7052,-47.5282
48.8210,-61.8990
47.5119,-59.4264
55.5646,-48.5602
50.7030,-57.4017
52.8960,-48.8865
49.2466,-52.2055
55.5926,-47.6186
62.5800,-50.4681
44.7901,-56.0348
58.9274,-56.7557
50.9470,-48.3070
57.7469,-58.4347
50.3981,-51.6333
62.9854,-51.9744
61.7282,-44.3514
58.6795,-59.8541
55.9586,-55.8337
50.8439,-50.8555
55.5711,-46.6331
55.7759,-48.0993
57.5695,-42.3846
53.5152,-59.9242
45.5657,-56.6666
55.2226,-63.0757
57.5021,-45.0942
45.8471,-57.1784
59.9669,-49.3351
49.8690,-45.9065
45.0462,-48.2181
44.4654,-52.2737
57.3128,-61.2959
50.9478,-56.9243
64.0980,-42.8808
41.8617,-58.7114
58.2708,-52.7066
53.0657,-51.1939
56.9288,-49.8870
58.7854,-41.0717
60.2001,-42.3484
47.8176,-54.8504
46.7452,-49.1401
32.9649,-59.2457
47.5696,-50.5851
51.8081,-57.9602
57.5220,-54.3025
53.5546,-46.9404
61.2389,-43.9172
50.8647,-55.7717
63.6006,-42.1652
54.4463,-56.6511
51.6942,-48.9140
56.7429,-57.2674
55.7026,-49.3254
55.3704,-53.2127
53.7224,-56.8955
57.6351,-49.7850
58.0689,-51.6022
42.9491,-51.9627
59.1538,-46.1382
58.4859,-42.3461
53.1662,-48.8013
48.1193,-54.2269
53.7487,-56.3434
56.8118,-53.6445
63.2257,-37.2627
46.2419,-43.0256
62.7494,-43.4674
60.3637,-36.6343
51.0314,-48.1705
39.9889,-57.0710
54.3443,-61.6794
43.4591,-58.2625
55.3132,-52.7397
50.2674,-57.3488
58.1673,-52.3862
57.1550,-36.0614
52.2213,-56.0450
56.6172,-42.9725
60.2334,-45.3830
47.0680,-58.4415
53.8518,-61.3832
38.8900,-57.8997
53.8522,-48.7562
47.5978,-59.8554
62.0964,-46.3383
50.5564,-52.6648
51.1792,-46.1882
64.2746,-43.9661
60.0160,-49.8238
55.4520,-58.9877
58.9734,-51.3677
66.4868,-45.8095
54.5744,-49.1586
54.8342,-55.1832
51.8407,-58.1235
57.9768,-50.9077
55.8039,-52.7452
48.2000,-52.6508
59.3748,-41.9778
60.7870,-53.8164
56.8917,-47.5934
57.2122,-45.9840
54.2906,-51.6123
49.8755,-47.2986
52.9557,-37.9549
40.4592,-46.7148
49.5824,-61.2134
52.0734,-40.8126
49.9862,-52.0824
41.4797,-59.8575
60.7606,-55.2301
43.6906,-51.1753
47.4135,-38.5148
52.1004,-55.6899
57.2267,-54.9182
53.3231,-59.2787
56.3826,-51.0557
62.9425,-49.2368
59.9222,-46.5744
42.8272,-59.7449
61.3329,-49.6564
46.7850,-46.5631
54.1071,-46.8516
46.0385,-57.1378
56.5073,-56.0058
57.4677,-50.5283
53.1749,-46.7104
61.8025,-49.2062
59.7583,-53.2589
52.0255,-52.9846
58.4882,-45.3675
54.3981,-47.9314
51.9716,-49.0672
52.9415,-54.1478
48.0794,-57.4054
56.1807,-49.5742
50.7801,-63.3390
48.0160,-56.1158
48.9828,-44.7159
58.1068,-41.3330
40.4605,-60.0897
43.8680,-61.4073
58.9550,-46.7071
62.9213,-53.2005
56.3602,-42.6848
41.6247,-44.9982
51.8031,-52.5853
55.4524,-36.1558
38.7247,-57.9106
44.5698,-55.1451
61.0045,-53.5657
51.8773,-53.4547
52.2371,-53.4567
54.3088,-61.1320
59.2825,-51.4166
58.9242,-53.3535
49.5175,-53.8950
62.4677,-49.1474
59.1768,-40.1352
51.4559,-48.4138
49.0492,-57.6786
38.2203,-57.6090
50.4121,-50.6879
58.6633,-43.7550
60.1850,-44.6719
52.4168,-50.9275
43.9688,-56.4859
57.6232,-52.1391
60.0218,-52.6321
39.4267,-63.2186
60.8432,-56.9836
54.9511,-62.2022
55.3573,-54.6756
59.3170,-57.4333
61.0782,-47.4746
50.3056,-63.8951
63.1952,-53.3030
48.7254,-57.8401
57.8042,-46.1019
59.3809,-64.9443
60.6522,-27.5147
49.0980,-51.8388
46.6385,-54.6962
39.3233,-56.7691
50.7978,-55.7201
60.1095,-53.6561
63.4065,-63.0461
50.6952,-57.3832
46.3651,-50.0840
67.7699,-48.1142
49.0026,-55.8749
45.5631,-61.4784
50.0904,-49.0355
45.5421,-59.5422
43.6959,-53.4198
52.0859,-64.7938
69.6301,-47.2319
48.2252,-56.0344
46.3077,-57.0848
38.3620,-47.1483
52.2711,-46.9085
54.2430,-50.5860
56.4787,-49.6084
47.2856,-57.2785
54.2588,-51.1096
57.1738,-55.9491
37.9562,-54.7428
48.2956,-42.7497
60.8746,-50.1464
40.7544,-60.1794
58.6669,-55.9927
55.5968,-57.6580
51.8563,-56.7322
57.8151,-54.1287
62.9683,-45.1289
56.8309,-56.6786
59.0648,-53.5527
52.3940,-57.3367
49.5559,-53.7304
58.3568,-58.7413
60.5390,-45.0945
59.2871,-44.7691
41.0950,-55.3974
51.9957,-49.0932
46.9656,-59.4457
53.7652,-58.1748
58.6455,-63.9871
58.2596,-48.3299
46.4766,-55.1242
63.8793,-56.2372
55.6062,-52.2921
54.9475,-64.5310
48.9757,-56.2947
48.7405,-63.8142
55.8015,-50.9384
57.2944,-45.9962
53.3310,-57.2559
50.8313,-60.1631
53.5814,-60.9277
55.8891,-51.8747
56.6745,-43.5413
47.5380,-48.7886
50.7352,-49.4717
44.8167,-39.9634
46.0171,-57.0063
52.1011,-54.9664
53.9884,-46.5336
57.3737,-55.9563
50.3381,-53.5150
61.6547,-54.8985
57.4281,-45.4762
55.8869,-48.4678
56.5094,-53.1482
49.8696,-55.5264
50.3741,-51.1711
56.8162,-49.8955
49.0326,-54.9346
52.0772,-44.6173
56.1806,-44.9790
60.6497,-37.0395
47.5194,-51.1266
48.6537,-61.7835
56.4088,-55.3509
59.7445,-52.3866
54.8262,-42.6110
55.7241,-39.9725
58.8964,-55.2793
46.1945,-34.1290
49.5376,-45.6117
42.2917,-54.3823
67.8634,-44.2327
45.3561,-54.4687
52.7716,-43.9075
51.1736,-56.6739
62.3382,-58.4117
55.8550,-55.5337
59.2110,-46.7271
58.6402,-50.9205
60.0478,-42.6259
39.7593,-54.9326
52.6053,-56.9771
51.3453,-49.6874
50.1393,-54.1260
52.3978,-53.0583
53.1870,-48.8523
58.9027,-40.8777
60.2575,-50.2518
58.4629,-50.4239
61.9389,-52.3811
61.3189,-50.9288
66.1769,-43.5584
51.5169,-52.1329
47.3149,-51.1094
50.9995,-51.0053
46.3719,-51.6332
58.6674,-47.9997
46.4450,-64.0936
57.0964,-49.0055
51.3782,-46.2040
58.8098,-44.2801
49.8865,-57.1430
59.8976,-57.2055
54.8737,-47.2916
64.0779,-41.2219
44.4241,-49.3727
39.5242,-51.8227
48.6503,-55.9821
61.1646,-47.6646
40.4037,-60.1664
41.5558,-58.3056
48.5692,-61.0066
57.4094,-48.9027
58.5220,-61.8913
60.0100,-47.4021
59.0951,-58.4082
51.0580,-57.3904
53.8543,-50.8428
61.4741,-51.1287
59.8699,-51.4604
48.6655,-54.4123
41.4003,-64.1741
46.7014,-59.3498
48.1887,-53.0241
48.1884,-58.3813
46.7158,-56.3562
62.1252,-41.7087
51.5218,-57.9180
61.3494,-53.6752
55.6557,-53.2515
57.2467,-50.7031
56.4448,-47.8102
60.3763,-49.0138
53.9380,-49.2122
43.2890,-55.7128
53.4597,-53.2598
58.3282,-48.1451
45.6447,-60.6912
48.2330,-53.8105
53.2654,-50.6552
57.0594,-43.4193
38.9344,-58.0590
58.9329,-53.0495
51.8591,-46.4475
51.7957,-51.3493
56.5328,-50.5778
58.0268,-44.7004
53.8679,-50.1087
53.9455,-49.0897
44.1913,-62.7509
41.4132,-56.5280
53.1788,-58.1944
50.3451,-55.5929
60.4132,-53.2565
54.2971,-47.9169
56.7398,-60.5214
60.4621,-51.5011
54.5024,-49.3454
53.8014,-49.5674
63.4273,-49.3939
54.5142,-54.9617
42.5478,-58.0647
53.9115,-51.6179
44.7016,-56.1566
56.0635,-47.9841
53.3926,-47.6463
57.8616,-51.2777
62.3329,-39.7615
60.3049,-47.0617
51.6515,-61.5807
52.2571,-51.5415
60.0820,-39.4715
57.3576,-53.0400
46.8103,-48.6769
56.8893,-48.9905
51.3969,-49.0891
57.4204,-56.9870
50.8832,-55.4273
54.4347,-42.8136
51.1517,-47.8885
57.2987,-49.0025
37.5637,-58.6756
44.6056,-51.4971
47.1205,-54.6405
58.0075,-58.8629
53.0160,-50.7697
