51.2916,49.5297
34.2756,43.5149
39.2020,10.8995
30.9699,19.8271
44.7325,52.9795
56.6264,61.5965
60.8725,60.2494
43.8281,43.9971
65.6390,57.4557
31.4453,14.8936
30.5575,36.5256
44.9659,44.2516
14.5038,16.7848
16.2727,9.1491
30.0989,45.8981
27.9335,21.7746
30.5554,23.9550
39.3414,34.4520
27.2419,35.9448
30.2155,15.5881
42.8156,38.2638
34.2793,33.9180
46.9142,38.4404
41.1176,37.2629
45.2215,47.7866
37.8213,29.1432
49.2811,36.1856
65.8747,62.6659
54.0733,47.0924
47.9209,51.0175
67.0576,56.4977
30.1821,39.9858
31.3104,30.2609
67.6268,54.4414
47.3024,47.1024
46.8284,35.7123
26.1840,54.2152
53.1206,55.5078
34.8110,30.6468
34.8756,19.1550
33.5328,35.9230
64.5191,31.8492
46.2040,59.3373
23.0639,32.7405
38.5422,31.5870
44.8894,26.8642
15.6626,-19.4764
21.3980,23.4465
34.6501,21.6292
28.1189,26.6218
26.9416,24.7412
35.2907,21.5224
44.5334,51.7238
65.3491,51.3549
41.2637,41.0482
25.8287,34.1430
38.7674,40.4107
44.6424,33.6921
45.5473,46.1064
32.9261,26.7334
43.8846,31.5981
45.4002,25.2809
25.1002,32.0275
40.0692,42.0189
30.3819,33.6762
36.1942,21.1553
39.0206,24.8806
36.7989,34.5823
36.5877,25.2198
22.4658,13.0281
45.6587,33.5596
25.4789,22.6057
36.5245,25.9090
41.3199,18.9303
45.4143,18.1279
36.6880,15.1756
16.5565,3.7930
33.1493,28.2413
27.9147,12.3333
56.1474,45.1963
53.2922,46.2527
35.1475,25.7543
17.9234,41.3103
37.5351,28.5247
39.8551,24.8058
37.7979,40.3851
28.5234,35.0129
37.6978,26.9646
42.4040,35.4387
62.2637,52.7802
52.7563,32.0817
23.7999,24.6318
14.6844,20.7966
58.0390,45.9936
67.6937,61.6748
60.6392,25.3320
66.1697,34.7545
43.8790,40.1648
42.5355,51.5159
34.4296,33.4677
30.0450,45.1852
53.2342,45.9657
36.5750,22.3794
40.6324,40.2912
27.4862,36.3036
19.6656,25.5067
8.6708,-5.6619
24.0436,51.1597
45.6925,43.2413
40.9007,35.3605
20.5331,15.8445
28.3755,34.2345
35.5772,25.5725
36.2212,27.8080
37.4355,27.9429
55.6291,50.5842
50.3938,42.4951
32.3361,34.4799
31.9334,29.0867
51.5944,39.1219
48.7395,36.5007
29.7718,24.4223
20.6183,24.2831
28.3116,43.4965
37.9050,18.1916
38.7678,28.2103
34.2565,35.9018
53.4362,37.0626
35.1398,30.1400
34.1426,20.1544
47.8309,36.0187
53.7037,54.7513
38.0141,52.8600
38.7647,33.5716
29.4889,27.1300
58.6042,-0.4560
65.5993,-43.4765
43.4831,-52.1188
54.0474,-43.4549
60.5373,-38.9883
53.1721,-53.9307
64.2846,-44.6875
57.3163,-55.3839
54.0517,-53.4559
54.4867,-56.0559
49.8924,-50.4167
64.3221,-50.6383
55.3901,-56.2431
51.5917,-58.1528
57.1988,-52.2836
62.2985,-45.2226
51.4025,-50.1208
61.2198,-49.7259
56.0541,-45.4258
59.5470,-46.9764
49.5202,-65.0511
51.5619,-48.2799
50.8003,-55.8703
57.2452,-43.5966
58.8430,-45.6856
50.8976,-50.8960
47.2891,-57.0009
38.2055,-58.0774
58.8595,-54.4046
61.8124,-44.9120
51.5084,-41.4893
64.3764,-55.4675
55.1689,-54.3957
46.3509,-59.0630
56.7798,-48.5425
55.8595,-58.0351
45.9843,-59.7160
60.3621,-56.2386
55.7179,-48.2629
51.6656,-51.4924
60.2047,-50.5791
63.9063,-38.4765
44.2447,-52.8306
63.8652,-44.7458
60.3762,-48.3049
57.1875,-45.6871
58.4309,-60.4873
63.9498,-51.8328
57.6304,-49.6293
59.1365,-45.3777
52.1483,-53.9505
56.7879,-55.1583
50.9623,-50.4989
52.7685,-53.2529
58.1128,-49.9925
63.0766,-45.0454
54.3102,-47.0251
62.3466,-48.3357
57.4560,-53.8333
64.5277,-51.0566
48.8549,-57.7519
51.8519,-45.2385
52.5786,-60.0173
58.3844,-47.1729
61.1709,-39.3387
54.2500,-42.5256
45.6062,-64.2272
40.0598,-57.0028
54.7250,-57.2307
53.3206,-50.2496
49.2440,-41.0824
60.2374,-52.2007
54.0172,-52.3386
55.6331,-57.2006
54.3466,-49.3806
60.7139,-46.5041
55.9189,-55.5014
56.2311,-62.3427
53.6968,-50.0460
49.0983,-58.8581
55.5317,-56.5898
63.1718,-49.0497
49.1161,-52.0048
57.4784,-44.7405
59.5339,-37.3576
51.8159,-53.4286
56.0903,-51.1645
57.2827,-56.8996
60.8975,-59.9257
59.9984,-40.3599
52.9016,-54.0156
59.2973,-53.0795
59.0974,-53.6935
55.9397,-44.1154
50.0362,-52.0268
61.3590,-53.8020
56.9185,-41.3410
57.4600,-50.4392
54.7774,-56.2689
63.2976,-60.5303
55.5506,-60.9178
43.2514,-62.4385
58.9485,-53.5164
55.3198,-47.0491
60.1095,-44.1436
56.3973,-52.7175
44.7707,-54.2346
45.5055,-51.3088
57.3927,-49.4049
64.4583,-42.2731
49.1397,-42.0164
61.0067,-57.1666
59.8365,-50.9382
56.6412,-55.0218
60.1740,-42.6345
60.9715,-54.3044
59.0086,-46.0477
56.3773,-58.0019
54.5914,-47.8641
43.6540,-62.4818
56.5451,-48.9600
55.6132,-51.9952
51.8681,-55.2212
56.5052,-54.6321
53.8668,-46.2131
58.9773,-55.8793
62.3698,-54.4870
63.7876,-49.4538
59.3654,-53.4509
53.4500,-50.1404
57.0848,-56.8626
43.2162,-56.4981
47.3244,-54.4793
58.4410,-49.0825
55.8612,-45.5366
48.7719,-50.8931
52.8831,-50.5119
66.5133,-51.5225
55.2994,-54.1364
51.9271,-59.6001
61.4156,-61.3028
47.4343,-57.3998
53.2438,-53.6237
47.5191,-60.3828
52.9104,-57.7020
54.8014,-47.8491
65.7499,-49.2502
53.4553,-45.6878
53.8604,-46.0587
49.0370,-61.8264
53.1940,-51.5089
67.3703,-45.2668
61.0231,-56.1382
56.3166,-53.2118
53.0899,-56.1698
57.5497,-53.1178
54.9943,-52.4778
54.2648,-51.8656
51.5399,-55.8709
59.5602,-46.2225
60.3712,-40.5605
53.2014,-63.2413
58.1301,-44.8564
56.9921,-50.8177
50.5436,-56.8356
52.9568,-44.6464
64.4846,-49.6826
51.3792,-50.6330
56.5521,-50.2405
50.9994,-50.5671
58.6961,-60.6248
44.6788,-57.6634
46.2999,-57.4610
56.9619,-51.4376
58.4380,-53.8702
56.8158,-55.0635
57.2568,-46.5520
66.7052,-39.7859
54.0329,-59.3059
56.5527,-57.5012
59.1817,-59.3473
55.0275,-47.3897
54.8180,-54.7122
42.9698,-63.9494
51.5620,-61.8753
49.5899,-49.1013
60.9744,-48.1009
51.1089,-46.4745
56.5625,-49.8895
51.2376,-48.0831
56.1158,-52.7127
58.2645,-42.4357
57.0485,-58.7214
56.2477,-52.2490
55.1997,-56.1488
62.0579,-50.5143
57.7775,-51.0745
49.8831,-51.0807
55.6533,-55.9396
61.3870,-37.3961
58.8710,-46.4780
58.2777,-61.9514
64.6440,-38.0135
62.4495,-47.0236
59.4278,-54.0255
59.7847,-40.9316
56.5014,-48.8475
52.3953,-51.0087
52.0504,-53.8101
58.5438,-47.2449
61.5536,-57.8705
45.2415,-60.9425
61.9644,-46.7651
63.2929,-49.3992
62.3952,-54.0423
45.2255,-57.8846
56.7931,-51.9518
61.5711,-51.0840
56.5360,-58.1505
57.8031,-60.8293
62.1328,-57.0394
60.9576,-55.4073
53.8824,-51.7390
46.1343,-59.2445
55.8689,-51.9200
55.8782,-46.2139
61.9614,-49.0478
50.8903,-51.0521
54.5669,-51.9473
53.4313,-46.9503
51.2679,-57.8463
55.1947,-53.7216
56.0208,-57.1147
63.4912,-53.2101
51.4342,-59.1839
55.5067,-60.3318
63.2997,-43.1980
55.4018,-49.4802
54.1534,-55.2310
60.5615,-38.6373
59.3433,-49.6224
53.7413,-62.0215
60.9376,-41.7233
53.2284,-43.3826
44.9835,-53.2114
60.8567,-44.1382
62.2414,-52.2419
48.1899,-53.2224
55.1551,-54.6387
56.1649,-48.7062
58.1465,-60.3817
47.2688,-53.7150
54.1972,-47.4141
63.2077,-43.3293
55.2113,-52.5418
55.5306,-45.6525
60.4088,-50.3386
55.5439,-57.7141
53.3355,-57.9285
52.9704,-65.4105
67.3566,-53.1520
54.1533,-58.0729
53.5292,-59.6821
51.9944,-54.0996
57.6110,-48.4777
56.3190,-45.4969
58.0326,-49.8074
52.9757,-47.7190
49.7092,-48.9328
54.4692,-51.1791
52.9028,-50.9493
54.3412,-54.9980
57.1244,-55.5585
63.0110,-57.3015
50.4098,-57.3788
54.4570,-58.8165
53.5034,-49.6634
60.6792,-52.1943
58.7458,-58.9451
52.1878,-42.8296
53.1803,-50.5708
53.8468,-60.2742
59.8392,-48.5067
56.5736,-47.0061
52.6851,-48.6920
58.0846,-46.6037
54.7931,-52.1570
51.3091,-51.9186
58.6564,-50.3011
53.0195,-50.9918
60.7672,-55.7192
56.6852,-42.5930
58.5241,-53.5314
61.4448,-46.6457
58.4622,-47.0709
50.5786,-49.2001
60.8083,-45.0150
54.5020,-60.3707
52.1856,-59.5321
57.1323,-63.3203
56.8751,-58.2287
50.6306,-54.0054
57.4266,-52.6221
48.9590,-57.5569
53.0177,-53.5229
56.7788,-44.1899
55.4368,-51.4762
48.4488,-48.4294
44.5587,-54.4037
49.9323,-52.4464
52.2565,-42.1556
66.1751,-47.1428
58.4327,-57.0910
52.2793,-55.8335
54.9613,-54.4849
56.5610,-55.7302
66.8534,-46.7228
52.3962,-50.3148
56.4404,-55.9879
57.1604,-49.7568
53.3840,-41.9711
55.8402,-57.8677
56.1730,-45.3434
48.8868,-48.3528
51.5933,-59.7697
55.2987,-46.6356
62.1086,-55.3573
56.7029,-49.4928
59.5214,-53.1602
56.2350,-43.5934
57.3065,-58.1049
49.8203,-57.1069
54.6343,-42.8764
61.6715,-49.8364
62.8821,-47.7214
57.9660,-50.5334
59.1837,-40.9548
61.8104,-60.0607
55.8028,-57.4529
61.6408,-59.3250
63.4543,-52.1754
56.8411,-51.2586
59.3489,-49.5815
44.8118,-63.0602
49.1495,-51.1762
59.0665,-47.9497
56.2133,-51.8487
49.8182,-53.2371
47.2253,-53.9321
57.0804,-53.9038
42.6580,-47.3446
61.5665,-54.6268
53.2849,-60.6523
52.2371,-54.3223
51.8625,-51.4527
62.2201,-48.2749
56.9754,-47.7705
61.8317,-46.4217
53.0643,-53.9144
46.2705,-47.6988
59.6510,-40.5246
51.2877,-53.3978
56.4204,-55.7854
65.2324,-54.9239
48.2614,-54.2434
55.0482,-48.9959
60.8122,-46.3589
58.6847,-50.3894
58.6058,-53.9591
50.0614,-45.0365
53.9646,-55.2830
46.7949,-57.1962
48.7030,-50.7564
56.9328,-46.3259
45.6863,-49.8265
54.0319,-55.6044
59.8039,-37.8968
59.3813,-63.3508
58.9245,-51.3588
66.8435,-47.4519
61.0478,-43.4453
54.9227,-45.0596
58.4226,-56.5382
54.4764,-47.0936
58.7779,-41.2022
53.8699,-39.4136
48.6808,-53.2244
40.0638,-57.7973
48.6985,-51.8276
55.8462,-51.4948
46.8018,-40.7458
65.0841,-49.9518
51.3267,-57.7057
57.0375,-56.4961
58.9346,-52.9220
57.2587,-53.4039
51.0177,-57.9110
59.8589,-50.9060
53.1856,-49.4443
46.3446,-55.3366
57.4230,-43.6776
59.2402,-55.0990
49.4909,-59.2397
60.9630,-47.8033
55.7924,-49.5854
55.0032,-45.8671
51.4464,-57.0816
60.5414,-47.8597
63.9240,-54.5367
55.7574,-45.6172
57.6100,-58.0594
49.4169,-51.3264
58.1662,-48.3538
62.4484,-47.3583
56.2060,-56.7978
57.8613,-51.6750
54.6771,-44.8747
61.4476,-59.4672
56.4990,-55.1766
61.4333,-56.6244
53.0149,-56.0094
58.3711,-49.5796
57.6146,-54.3365
51.8898,-56.2814
60.5273,-47.4539
60.7492,-43.1556
57.0529,-50.8127
53.8069,-53.3443
51.0515,-48.7279
55.8241,-46.4944
50.8696,-41.1672
68.9208,-51.2967
56.6080,-54.4215
55.2595,-59.3809
57.9064,-55.5124
53.4835,-52.5975
56.2394,-53.5729
58.8933,-62.0353
53.2596,-51.9545
52.4290,-49.4301
59.2757,-40.6552
53.9086,-61.4749
53.9958,-57.1095
54.1972,-53.3422
55.1734,-53.3522
56.1304,-48.9733
59.8942,-51.6617
61.7141,-54.0081
57.2796,-47.5688
54.3979,-44.7882
53.3724,-58.8367
54.8781,-53.2524
48.0843,-48.1791
54.0377,-45.3354
52.2291,-64.9148
55.0700,-49.0244
54.7772,-45.0563
61.8884,-53.7071
53.3431,-61.9284
61.3701,-59.6014
69.8517,-39.5826
53.0982,-49.7390
56.3426,-56.3177
49.4810,-55.5115
49.7419,-55.2193
54.4320,-53.3127
46.6164,-49.0121
46.2599,-46.4409
52.3773,-51.9367
50.2837,-51.4175
47.3242,-39.1162
66.8332,-52.6850
54.6953,-56.0020
55.8809,-56.8189
58.4409,-58.1714
52.2622,-53.4671
59.6401,-61.5372
60.4744,-63.1085
55.6724,-48.9177
48.7010,-55.1405
59.9081,-37.7984
57.0679,-58.5896
60.0665,-49.7963
60.6830,-46.0163
61.5566,-38.2399
60.6173,-55.2304
59.4014,-52.1081
58.7773,-51.6449
59.9922,-53.4007
47.0214,-48.9324
57.1301,-59.4241
52.9743,-53.4061
53.4370,-53.7963
52.6548,-54.8687
56.8842,-51.7945
59.0514,-47.0961
56.7493,-43.4031
55.1561,-57.9461
46.4672,-66.0917
58.3729,-57.7837
66.9186,-41.7505
50.4751,-53.2009
59.3488,-52.0295
50.7087,-50.1240
55.1909,-51.5660
51.9614,-58.5895
57.5881,-53.4962
52.7476,-47.9444
47.3908,-45.1800
59.7692,-46.2131
51.0157,-37.8411
68.0684,-43.2918
56.3898,-54.2084
60.8212,-53.8494
56.1544,-56.7225
56.1585,-56.9023
53.2701,-61.6274
63.2178,-47.8249
55.0734,-54.3804
49.4749,-47.0426
59.6735,-53.2938
49.5274,-56.8290
44.0022,-58.4862
54.2754,-59.0417
58.9268,-53.4913
59.5206,-45.1644
59.4834,-50.1378
65.8454,-44.1845
60.7086,-44.5689
50.3232,-50.1255
53.3687,-56.6001
56.7907,-58.4508
49.7827,-33.9725
52.9079,-52.7134
65.0083,-49.7897
52.1793,-46.6680
58.5501,-44.1969
60.3593,-51.3010
50.1300,-62.0818
57.5519,-58.7716
58.1505,-53.7642
48.7565,-59.2019
52.4560,-63.2544
54.9325,-47.3636
63.1122,-41.3109
55.1326,-47.5448
51.3070,-59.2419
44.3267,-55.5694
45.1198,-45.9109
61.4217,-35.7468
58.0272,-38.4846
51.0413,-55.4098
58.2565,-50.2000
47.8834,-63.8433
58.6076,-51.2619
53.2757,-55.3499
54.8274,-51.3055
62.5194,-52.7890
54.9381,-54.6856
54.3482,-49.8109
53.5832,-44.1957
57.2504,-52.7877
54.8461,-55.2831
61.0042,-47.6236
54.1462,-48.7253
58.6980,-43.8004
62.8463,-47.3997
62.5327,-47.2440
56.7561,-47.2038
55.3476,-46.0749
56.3008,-57.5809
58.2172,-57.6034
50.7416,-47.3735
50.9568,-50.1977
63.5732,-49.5052
60.5940,-44.6354
56.9533,-49.4327
50.4043,-59.3469
61.7061,-53.4207
61.2983,-57.9718
58.8326,-59.8390
53.7493,-48.3680
53.2777,-59.9548
62.5697,-47.7168
63.5480,-43.1118
50.9098,-45.8448
51.2725,-51.6754
41.9481,-55.0841
50.0013,-52.5617
60.7385,-53.1288
58.1004,-50.8047
46.3398,-62.1868
57.7144,-47.1960
57.5350,-46.6326
49.6824,-46.3966
58.1166,-50.4309
50.2962,-56.6436
49.3665,-48.7027
51.7925,-49.4686
58.9456,-60.4300
54.7876,-54.8042
55.4309,-49.4854
54.2379,-53.5002
52.4896,-50.0711
48.8899,-58.0274
49.7362,-56.3411
66.3237,-52.0025
52.2282,-56.9453
48.8473,-57.0395
57.7274,-51.7754
50.4452,-51.9818
51.7236,-55.5157
56.9768,-47.0820
52.1315,-53.9778
56.1215,-50.0489
58.5034,-54.3068
53.0788,-53.1329
56.4317,-49.5504
58.6502,-56.1715
58.7928,-46.3021
64.1913,-46.9062
45.4008,-47.6411
52.0157,-52.4118
58.5439,-54.2034
59.4935,-46.2570
53.6333,-51.8491
53.0472,-55.4162
51.0929,-55.0106
55.3375,-46.6434
62.6240,-56.1166
59.1340,-44.4942
47.4444,-68.8702
61.3675,-42.5274
54.5015,-50.8317
55.3658,-49.3485
54.7950,-49.1235
46.4137,-52.6742
52.9661,-48.4237
53.7587,-51.2027
67.3775,-47.3992
52.6132,-59.0303
60.0365,-43.0823
56.0924,-50.8824
55.3474,-47.3293
54.4364,-52.4143
51.0599,-50.0471
66.4612,-49.1038
45.7374,-57.6491
53.1815,-51.9782
60.8257,-45.0987
51.3548,-51.6929
51.4783,-53.2303
41.5572,-53.2362
50.7535,-57.2883
61.9599,-50.1128
63.0247,-41.1504
46.3853,-46.6033
67.6190,-40.9601
54.3022,-66.2823
58.7838,-53.4068
59.3581,-47.5236
49.6218,-56.7655
58.1511,-59.2476
55.0183,-51.5290
62.3859,-39.3520
58.0894,-47.5163
50.7292,-47.1890
50.5049,-52.6723
50.6755,-50.1342
58.5562,-50.9486
51.8935,-39.6412
61.1535,-51.0787
56.8824,-53.4565
56.1964,-52.9146
56.2670,-48.2835
49.8866,-54.4056
59.6549,-44.7873
63.8604,-50.6753
64.3123,-54.8752
45.5953,-58.7469
56.5850,-54.5911
55.7518,-51.1988
50.5342,-59.4506
62.2694,-52.1708
53.4815,-57.1832
59.6425,-46.8574
57.0095,-51.1832
68.5436,-40.7867
57.8090,-44.5907
48.6141,-50.4556
56.0064,-57.4064
56.8881,-54.0037
49.2997,-59.2074
57.4156,-65.3661
59.2962,-46.7636
58.3095,-47.9504
59.1834,-47.1354
68.4802,-37.6712
58.8968,-57.2021
57.2611,-56.8442
53.2299,-53.1101
59.3142,-57.2495
57.2254,-58.9582
55.8118,-40.7863
60.2171,-49.2007
57.5547,-34.9316
52.5982,-45.7839
57.0377,-57.4016
49.3008,-45.8489
59.1591,-50.2509
51.2407,-45.3340
58.5649,-46.8828
52.3363,-59.8134
55.2160,-47.7296
56.7762,-56.2386
55.9352,-55.1138
57.0338,-56.2169
67.4180,-51.5691
57.5548,-57.3434
56.8416,-51.1401
56.6658,-49.1660
53.4294,-48.7213
49.9446,-56.4348
58.7598,-62.3083
55.4106,-48.9449
60.7604,-46.0495
59.5308,-48.9810
66.9120,-37.0062
59.8800,-46.5784
48.1402,-49.5516
55.7491,-60.5216
60.4039,-51.2726
52.7205,-46.7153
58.5878,-53.6045
61.4851,-48.4145
53.2658,-49.8326
59.1237,-45.7743
54.8284,-58.0190
53.2864,-59.7252
60.9134,-60.1662
57.3646,-55.1994
46.5342,-57.6488
57.1189,-55.5393
51.2667,-60.3371
55.5545,-55.7738
55.6199,-44.5384
56.2914,-47.1856
59.6228,-49.2453
55.9200,-41.2460
51.0019,-56.5227
46.6554,-53.3128
66.3528,-38.0450
51.9926,-64.5217
59.5002,-53.4679
62.7965,-46.2899
53.4809,-60.2445
62.0833,-49.2138
58.6954,-56.3387
56.5096,-56.9386
52.3819,-54.6884
56.7306,-42.7515
54.4485,-54.2645
51.1395,-53.7199
65.2323,-49.5886
61.7659,-56.1495
61.4130,-42.4656
47.0304,-45.7731
62.7965,-56.0699
58.5634,-48.4977
59.1991,-47.2414
57.6097,-58.8706
52.7445,-56.4633
48.9195,-49.4207
62.4724,-55.5614
55.7368,-54.2116
57.8955,-46.7365
60.7072,-46.9319
52.7066,-57.0647
49.7128,-58.3770
60.1674,-58.5721
56.7613,-52.9888
49.5273,-57.2656
58.2211,-60.5264
54.7126,-50.0857
61.8227,-47.0231
57.6814,-53.1284
53.7123,-48.2921
58.0115,-55.1307
55.0560,-47.8874
50.6327,-58.2914
47.6670,-47.2648
62.8493,-62.0075
55.6968,-63.4724
62.0177,-48.9523
53.4755,-60.1070
52.0379,-55.4206
57.7199,-55.8484
64.7404,-51.1260
58.3676,-51.8930
52.3290,-50.8473
52.2782,-46.9937
48.6939,-52.1568
49.1748,-50.7470
56.4492,-47.3389
55.9454,-50.5251
59.5000,-43.3979
59.6313,-45.9578
64.2346,-41.7268
56.6564,-46.9108
54.2454,-45.7719
60.5033,-57.2484
59.2380,-48.1650
51.7131,-53.9315
59.2285,-40.5093
56.3266,-46.5389
50.7323,-50.8946
59.9598,-47.0333
63.2104,-44.3018
58.4580,-52.0055
57.0919,-53.1003
58.8744,-45.2980
52.4045,-57.7289
58.1151,-57.0834
60.1858,-51.5764
60.5004,-51.2351
62.1305,-46.4465
59.3580,-44.4052
56.3319,-54.5799
54.8065,-47.9734
52.6496,-43.0725
49.4230,-50.2967
61.5941,-42.5361
53.1506,-57.2860
59.1944,-60.8871
62.7691,-52.6621
62.0163,-45.5119
61.1038,-46.3783
63.1398,-48.6028
58.9642,-58.5865
56.7411,-40.9714
54.6511,-56.4543
55.3567,-55.1857
51.9479,-54.8930
61.5063,-54.9170
54.3147,-43.7681
53.3006,-45.1886
56.5488,-53.9669
60.9744,-49.2291
58.9792,-44.3375
56.5835,-44.1892
49.8118,-56.2161
55.6014,-53.6152
53.2478,-30.4169
50.1932,-53.0133
65.1918,-47.9846
61.0582,-48.3285
61.5169,-48.0802
50.0904,-60.2061
56.4044,-54.8315
58.1138,-60.0670
65.2616,-60.4556
52.9259,-42.9094
50.7407,-57.3319
59.9572,-45.1919
61.4961,-40.2821
55.6884,-57.2117
44.7421,-64.4299
43.2075,-56.5752
63.5510,-52.3628
61.7550,-43.5943
57.7043,-44.2653
58.1818,-57.6217
62.3764,-42.0616
53.5104,-49.6015
51.1971,-46.9493
60.3008,-49.0956
57.6497,-47.9680
49.8587,-51.4671
50.9804,-49.4328
58.1731,-62.6293
54.3846,-56.5667
63.4120,-40.3138
51.9979,-55.2389
63.5218,-45.1579
53.1297,-47.4433
50.8137,-51.7485
58.2265,-57.3778
50.8386,-62.8014
56.5300,-51.7551
57.8612,-50.4368
49.5742,-47.2277
53.4263,-52.7499
61.7364,-40.3699
51.8003,-55.0472
58.8743,-53.8058
54.8383,-52.0249
55.5176,-54.6170
40.2604,-60.7745
61.9175,-57.2447
65.3346,-52.0096
58.5763,-55.1303
52.1768,-44.8331
49.7175,-59.3066
63.1233,-44.0868
60.3840,-43.0823
54.2117,-62.6419
44.8555,-56.7242
40.0551,-52.8282
51.9519,-53.1155
59.8640,-45.4176
50.7675,-35.7210
57.2968,-52.8575
57.4017,-51.9020
54.5683,-57.3437
61.6274,-39.0202
48.8911,-59.3578
55.7258,-55.6476
59.6047,-52.4447
55.6580,-52.8826
54.0780,-59.5862
53.5735,-56.0883
53.1891,-54.5193
49.6882,-51.8405
62.2254,-54.7208
54.4034,-54.3849
63.2221,-34.6796
59.7633,-49.6826
62.6259,-48.1326
55.7326,-53.2656
54.5523,-46.5054
59.3715,-60.1328
53.5646,-52.8342
46.6201,-58.3541
68.3698,-47.1573
62.3578,-57.6719
49.7490,-53.4803
61.5196,-46.8078
59.5080,-56.8304
51.3717,-58.9730
55.9216,-65.3101
60.8904,-58.7317
54.4649,-54.7753
51.9910,-61.8597
53.1116,-59.3642
59.1161,-48.0384
58.2309,-45.6497
58.3668,-50.1794
55.8911,-52.0425
44.0969,-51.6968
54.4386,-58.9137
50.6177,-57.2407
55.9024,-55.8272
59.4753,-60.5694
61.8663,-50.5079
53.3606,-58.9389
51.7213,-52.3171
51.7746,-59.4493
59.9839,-44.9539
52.9933,-57.9146
57.0161,-46.0281
58.6692,-38.1197
54.5284,-59.1155
54.5455,-59.8079
60.1054,-59.7462
57.0776,-54.5659
67.4003,-39.6017
56.5270,-54.7257
61.3858,-48.1342
57.2668,-52.4381
60.0727,-48.4288
59.2466,-58.2586
46.6274,-65.0678
67.0971,-31.1829
66.2238,-48.4129
58.7914,-36.6669
55.1937,-57.6593
61.5974,-50.2505
56.7649,-62.2877
50.3644,-60.0694
50.5988,-66.9236
58.9832,-57.2582
65.6819,-47.9988
55.2359,-49.9876
48.3115,-53.6074
58.3116,-54.8648
56.8182,-47.9458
57.0142,-56.2566
60.1781,-45.8604
53.3286,-43.6374
51.7435,-56.6500
48.9421,-56.3632
54.4524,-53.1626
55.9332,-56.6867
58.5630,-53.7071
55.4206,-59.8654
56.7743,-51.2135
52.2662,-53.9412
64.6644,-42.6300
51.8777,-50.9323
54.1002,-52.1644
56.5595,-48.3426
46.4492,-57.2974
54.3812,-62.0361
50.4139,-53.5878
60.0143,-49.6494
54.2827,-46.3861
51.7639,-48.6279
60.1949,-50.3779
58.3794,-56.3589
55.1108,-58.6291
57.9918,-50.1930
53.4208,-56.2900
51.5744,-57.3974
63.8358,-54.0932
52.2864,-57.4300
48.0377,-62.1326
56.3687,-50.6655
55.9920,-49.4846
52.0967,-53.3955
53.1840,-52.2893
57.5311,-49.1539
59.5731,-52.2570
56.3628,-39.0367
49.8235,-59.4882
51.2836,-61.0382
50.3652,-49.1479
49.7561,-53.3910
66.5277,-43.7556
51.1216,-50.6625
58.6928,-50.3914
59.2177,-59.4510
51.4702,-56.3628
55.3291,-52.1003
59.6922,-45.9801
54.3376,-49.8271
50.2948,-51.2982
47.7281,-45.0556
54.0187,-50.0767
49.7232,-53.4321
58.6204,-61.7958
55.7615,-52.5251
53.7569,-55.4756
49.6828,-61.9955
51.9267,-45.2251
50.2315,-57.1262
64.0160,-44.9836
54.9712,-53.3505
62.0935,-52.6044
58.5305,-57.8590
56.0381,-59.3996
56.7579,-51.5447
49.8540,-55.2637
52.2393,-56.3104
67.3448,-48.3754
59.9632,-48.2420
51.7043,-58.4881
56.7807,-50.9603
59.8224,-56.9521
50.0463,-58.4708
56.6295,-54.0029
54.4081,-54.8214
48.6988,-68.9377
55.9247,-60.8196
56.2972,-48.5528
67.3752,-45.0988
61.0207,-35.2688
54.9879,-54.8555
57.7706,-60.1221
57.7176,-43.7704
57.2160,-48.7753
51.3714,-41.9230
61.7019,-44.5921
49.0830,-59.4554
58.6764,-44.4561
60.3328,-54.4731
49.5044,-57.8306
55.1271,-59.3381
59.6844,-54.4566
61.7777,-50.8658
54.9857,-41.7611
60.2504,-47.7471
56.5636,-48.0681
45.8537,-55.9966
64.1416,-57.1815
49.2609,-62.6458
55.0693,-48.2600
62.2145,-39.7578
67.4455,-42.9998
58.6756,-42.1096
53.8672,-50.8271
55.9539,-57.7330
55.3144,-54.7492
41.4722,-53.6694
61.2489,-53.9126
54.3175,-48.8679
58.0684,-51.1077
54.1268,-49.7843
57.1585,-51.7013
56.8059,-51.1276
57.5236,-53.4957
64.0026,-42.4043
44.7308,-61.5554
55.2164,-60.0636
61.4843,-46.1196
62.9607,-49.3933
57.4155,-40.5067
51.3630,-48.1235
50.9589,-57.0357
59.7999,-35.5906
53.2208,-51.1451
49.1261,-32.2931
60.0508,-44.2604
54.3668,-52.9326
51.3721,-52.1234
57.0415,-55.1176
54.8069,-61.7014
52.5470,-59.1338
64.8406,-42.6399
61.1561,-46.3385
46.7763,-56.2863
57.8085,-51.2187
52.3546,-53.9341
48.7875,-53.9580
60.5445,-54.8086
55.6649,-55.9772
58.2697,-41.6880
57.0016,-41.6354
69.1994,-35.5482
62.2420,-39.0667
55.4797,-49.0825
52.3810,-56.6725
55.0926,-52.5369
44.6468,-47.8935
60.8693,-57.0038
58.2525,-48.3579
54.4433,-58.4059
56.9100,-50.8866
56.3629,-45.2937
57.0357,-54.4820
60.1487,-39.9779
53.6468,-45.4052
50.1980,-53.0826
55.1497,-52.4172
59.3693,-46.7288
65.7963,-45.0108
61.5642,-44.9842
54.6877,-48.7340
56.0136,-61.1540
49.5493,-43.7029
56.5747,-50.8779
44.5170,-49.0444
63.0170,-48.9632
48.9940,-58.0691
54.0777,-53.8829
59.5499,-58.8810
57.0020,-45.4505
49.3325,-55.0298
64.8892,-52.7825
59.7949,-50.2232
33.0566,-56.9079
58.5832,-47.2582
54.9477,-49.4685
48.0179,-60.4740
53.6270,-63.8084
52.9500,-53.0654
60.8823,-49.3245
58.2677,-35.4892
69.4546,-35.7788
60.8907,-48.3523
55.3572,-47.9748
55.1034,-56.9455
55.4104,-55.2680
47.0399,-60.4182
61.5184,-50.5613
56.5645,-44.4800
51.0818,-51.1882
57.4264,-47.6687
53.6983,-56.0751
52.4105,-59.7716
54.8155,-52.6828
50.1823,-43.2550
59.4925,-54.2688
58.3632,-52.5398
49.5685,-61.4789
62.6281,-51.2107
61.0718,-54.6351
55.2636,-58.0390
58.0255,-54.8318
54.3858,-52.2635
55.0430,-46.8079
48.4073,-52.9662
60.0052,-49.9666
51.8881,-55.6611
58.4154,-47.8300
57.5882,-58.8207
56.7191,-45.2471
59.8173,-47.7057
63.6818,-49.2517
62.8904,-54.9233
51.5283,-46.2353
54.0168,-43.5768
59.5888,-50.6686
53.1959,-52.6765
59.9434,-59.3101
63.5258,-45.9619
62.2273,-49.2874
48.8621,-48.7365
64.9898,-37.7119
61.6945,-53.5068
49.1491,-51.2457
60.0108,-53.2816
57.9595,-51.9089
44.2996,-57.4888
57.4619,-52.7323
53.9845,-51.7341
58.1141,-55.2901
56.9295,-59.8737
51.4627,-44.4324
51.4070,-53.0445
47.7212,-66.3160
58.7485,-49.8938
54.4730,-57.1331
61.1202,-58.6723
56.4169,-52.8847
55.4178,-54.9248
58.5406,-51.1849
51.5700,-62.7706
55.7571,-56.5608
50.6920,-51.7231
52.5797,-44.5897
49.9012,-47.5093
64.1570,-48.6261
54.9922,-53.9251
54.5596,-46.5515
55.3156,-59.7377
51.1964,-57.2015
59.1152,-53.3987
60.7702,-52.6924
59.6266,-54.7316
49.5071,-49.2862
56.3880,-40.5896
55.1769,-50.4900
56.3941,-55.8262
58.5170,-55.5182
59.3887,-50.1350
61.1140,-44.1579
53.5239,-51.5855
66.7649,-36.0745
59.9576,-48.3550
57.5151,-48.6656
57.6581,-56.1593
56.0145,-52.5955
48.3051,-54.6176
56.9786,-49.4382
48.1229,-52.9988
56.9673,-50.6323
57.8557,-46.8871
49.0534,-54.3867
53.4410,-54.5687
58.1286,-52.8162
54.7665,-38.6878
51.0555,-59.9861
60.6849,-59.4864
65.6634,-54.8595
58.9905,-54.2058
56.7906,-56.8106
60.6757,-56.8099
55.9832,-52.6277
48.1544,-60.9716
56.0602,-53.3417
54.6671,-51.2765
56.9630,-54.6246
48.9187,-62.4486
54.5756,-50.9981
51.2191,-60.3316
52.4562,-54.3964
63.7585,-50.1906
63.3116,-52.2428
59.3849,-54.0466
43.7565,-59.2028
53.4727,-48.5742
50.6795,-51.2658
55.4261,-57.7111
57.9438,-60.3829
62.3685,-50.0989
55.9030,-51.4321
57.0026,-44.5743
68.4860,-34.2677
58.5655,-47.3968
52.7373,-48.6304
58.6069,-53.8362
55.8145,-50.4852
35.3152,-59.3127
52.1514,-50.8217
51.8164,-41.2897
54.9623,-58.2176
57.8410,-44.3354
59.8585,-43.2491
53.1721,-61.5653
54.6450,-60.6620
55.5366,-54.1754
45.3659,-60.3480
59.1984,-54.1798
64.2869,-46.5560
59.9170,-41.3307
56.4683,-52.2374
55.1554,-58.4549
50.2733,-54.2090
58.4236,-45.0143
53.0556,-50.0567
55.3332,-38.1247
57.6582,-56.4681
58.5650,-53.1990
56.4182,-51.7120
61.3248,-56.4089
49.8219,-54.4885
59.0416,-51.8555
62.9809,-50.9640
50.1732,-61.8291
52.5066,-48.3808
58.7244,-39.7404
52.6642,-59.8012
53.4453,-54.8595
48.6354,-63.9222
58.6025,-51.1118
57.4613,-46.2104
59.1136,-42.5462
67.6075,-37.2054
57.8742,-48.5851
54.9870,-46.2715
56.5687,-61.5041
56.5314,-52.9731
52.2946,-39.5863
60.1641,-53.2864
52.8746,-56.3084
55.2581,-47.5975
61.8061,-46.2715
59.3148,-52.9905
60.1499,-58.1265
60.5380,-55.8472
59.1911,-54.2075
52.0660,-59.0884
55.4601,-58.3605
55.3436,-56.3517
64.6365,-45.8389
59.9284,-38.4679
54.0699,-56.1164
63.9793,-54.2005
53.6858,-39.9324
51.7249,-53.9857
49.1722,-61.2978
62.4138,-42.6028
44.4114,-59.1618
62.1753,-52.5469
59.1774,-51.0563
60.7565,-48.8177
59.1646,-46.2120
55.1448,-53.0011
47.9128,-49.7347
44.0969,-51.1733
63.4015,-52.9952
42.6940,-62.1383
60.0279,-56.8486
56.7836,-54.7868
48.5174,-54.9083
57.1276,-45.2999
56.0122,-50.7799
63.0901,-45.4693
56.3002,-56.9232
53.2477,-63.8731
57.9194,-44.3855
53.3820,-57.6011
59.0191,-55.2571
66.0880,-50.9928
61.3329,-47.4460
59.2299,-50.8412
55.0591,-47.6932
54.7525,-49.9814
51.3800,-50.4804
57.6088,-55.5740
58.2418,-40.0711
67.5486,-45.8555
55.0420,-51.0899
50.5973,-61.2355
48.5012,-58.2591
52.7614,-48.1034
51.4767,-53.8242
65.5360,-49.3981
57.8693,-39.7611
55.1478,-50.5039
47.0130,-65.7045
53.6490,-56.0962
49.2780,-60.1457
50.5481,-43.5523
57.8934,-56.0506
60.9236,-46.8971
61.7690,-51.0274
62.7182,-53.8053
47.1669,-47.5790
48.8590,-53.7064
61.6850,-41.5339
43.7534,-52.9736
55.1873,-59.7316
55.5832,-59.4646
56.4214,-44.6971
59.2311,-51.6632
63.9738,-44.6111
65.5947,-38.8621
55.9841,-54.7965
54.7614,-55.4630
56.5442,-48.6704
52.1062,-55.9002
52.5370,-54.0876
66.8230,-51.7425
55.7519,-45.5165
49.9271,-58.3541
56.0413,-46.2576
56.7865,-53.7246
50.8052,-57.8954
53.2235,-57.6849
54.9887,-51.5997
58.9723,-56.5589
56.2917,-42.8598
52.7686,-64.2704
49.5338,-57.7672
57.9186,-40.3701
53.9081,-54.4697
63.6376,-48.8109
55.6453,-43.6299
59.4837,-58.3903
49.6439,-55.6546
61.7660,-50.8047
49.8016,-56.5756
57.5257,-49.3865
61.5750,-50.6870
63.2633,-50.5569
60.8735,-46.1157
52.0419,-57.5828
51.0009,-54.7723
51.1121,-57.9778
66.4684,-45.5182
42.1019,-51.9535
59.5662,-54.1798
58.7844,-61.6225
53.0978,-52.3328
52.3120,-54.3726
55.4305,-48.9363
65.2566,-47.5753
53.1028,-56.0699
54.1854,-58.0597
51.8783,-48.6142
57.4309,-57.7827
55.1689,-49.4982
59.7267,-56.1158
54.2873,-46.7313
52.5601,-52.5729
54.0500,-54.5446
48.5092,-53.7611
53.3549,-57.4066
52.1460,-47.6716
53.4789,-56.6373
60.2930,-46.3796
60.2148,-42.5133
49.5412,-60.7533
46.2601,-64.0523
49.5004,-55.5576
65.1018,-47.6678
56.5217,-42.1898
67.1635,-23.5860
55.5226,-56.5427
63.9785,-55.8336
54.1622,-52.4042
53.1387,-61.2895
63.5292,-57.4388
53.6820,-61.8846
55.5420,-56.4130
58.9644,-35.2085
35.9658,-49.0229
52.6063,-53.0739
60.8667,-55.6350
56.3684,-53.5424
54.4815,-49.2384
61.2721,-49.4815
56.7021,-44.9684
55.7978,-55.7450
55.7819,-52.9621
67.2047,-48.2005
42.8677,-51.4729
52.4201,-56.1181
54.9758,-54.0734
53.3976,-51.6349
61.4717,-49.8960
54.2627,-47.7013
54.6305,-50.5722
56.4814,-58.8681
54.9161,-48.7708
52.3027,-58.5413
59.0447,-51.5701
62.4779,-53.7365
53.0136,-62.3883
51.4899,-63.3625
44.1375,-60.9665
53.7326,-48.6522
56.2805,-49.4137
59.7805,-49.3441
45.2911,-64.2888
53.4201,-58.2784
45.1258,-56.3693
55.6883,-53.6435
55.4380,-54.8937
50.8534,-48.7330
56.5036,-53.3941
49.0290,-60.7630
51.4527,-60.6596
59.3520,-49.9398
57.7877,-49.8678
47.9308,-58.7374
58.3168,-47.6946
58.6837,-47.7223
46.5683,-57.0142
55.0581,-62.3779
61.8951,-51.4942
48.6359,-57.9822
55.7813,-57.7972
62.2439,-42.9508
63.7110,-45.8470
51.0396,-50.3251
66.1046,-52.1318
50.9767,-52.6533
52.6780,-51.3054
53.3184,-45.8225
66.4921,-50.0626
62.1571,-51.6875
53.8846,-53.4150
51.6765,-57.1322
60.3848,-48.8708
52.0094,-45.7262
54.1473,-43.3605
54.8820,-55.7931
65.5731,-36.2166
51.7063,-57.4654
50.8208,-47.9655
61.5404,-52.6424
53.5445,-49.0544
61.4071,-40.9028
52.2854,-43.1199
48.9110,-53.9453
49.0716,-55.3060
52.4301,-50.9581
52.3767,-49.2086
47.1232,-44.0050
61.7433,-52.3616
56.3280,-52.7963
46.8449,-58.9024
50.5215,-55.7561
53.4075,-56.8701
49.2824,-61.0353
60.5936,-59.6811
53.8264,-47.3744
51.8278,-44.8037
61.9975,-53.0657
60.5964,-51.2807
41.0582,-56.2523
54.4592,-57.5562
61.3077,-44.1332
48.1072,-44.7773
59.0824,-56.7753
64.7052,-49.8177
56.9013,-48.9157
52.0671,-45.7674
53.4945,-55.4606
53.4148,-54.6653
50.5513,-42.8551
51.3585,-57.4762
61.3404,-52.3300
59.4704,-51.2657
52.6277,-49.3766
57.9208,-39.4471
58.0907,-49.9098
61.0506,-55.0770
46.8418,-61.8470
48.8085,-59.7055
52.6659,-61.9041
56.3567,-50.3497
67.4376,-37.3008
56.6255,-51.7066
53.4725,-61.7061
42.8630,-57.3266
57.5277,-58.3866
45.1850,-50.1482
49.1354,-42.8204
61.0049,-54.2672
53.4291,-59.0314
50.5251,-51.0837
59.2136,-54.6385
51.0541,-53.2716
58.3898,-59.7612
66.0869,-47.5506
59.6074,-56.5059
45.0918,-58.6157
56.0478,-60.1197
57.7657,-45.6510
50.4861,-54.6208
54.3863,-57.1283
60.8167,-53.5416
54.9126,-52.0268
60.1289,-45.5391
68.9527,-43.8236
52.3869,-49.4646
49.6364,-49.3262
55.2217,-56.3821
61.1966,-52.4363
43.0460,-59.6455
47.2514,-53.7826
53.9357,-56.5509
55.0851,-48.3369
57.8039,-44.2954
56.7673,-52.0735
58.4827,-57.3973
56.8062,-55.3406
50.7359,-53.4351
45.0973,-65.4332
57.1436,-58.9930
63.8033,-41.9619
60.0421,-53.4307
55.8213,-61.6052
54.8393,-56.0859
46.8297,-60.6989
57.9096,-59.4110
60.4616,-50.7882
53.4299,-38.7810
63.4541,-45.9507
48.4294,-62.0943
59.0254,-44.3108
55.0319,-52.3820
53.9451,-59.8121
52.7108,-56.2088
61.5152,-49.6635
61.2503,-50.2308
51.4783,-41.2542
55.2638,-54.2961
55.7277,-55.7928
48.0681,-56.2419
56.9345,-55.6360
52.7763,-53.0950
53.7148,-60.9900
56.5395,-38.1852
69.0092,-37.4370
61.3206,-44.1977
47.5818,-50.8277
53.6387,-54.4555
55.5607,-53.4539
47.0039,-51.2408
62.4330,-61.5387
47.3148,-53.4230
53.5923,-49.9400
54.0190,-52.1872
55.5464,-51.2922
55.3803,-59.7062
59.9397,-46.1397
51.1296,-50.8550
55.2893,-57.8228
59.4472,-48.5578
55.8432,-53.6053
65.1840,-49.0889
59.8217,-30.1604
59.7110,-48.4697
61.3968,-61.7450
52.3904,-48.2787
61.2171,-58.0013
48.8816,-40.4970
63.1513,-48.3992
45.7944,-58.8656
61.5972,-54.2067
62.2175,-53.1552
50.3148,-57.3619
53.2525,-57.7376
70.5194,-37.7666
59.9041,-54.3072
62.5865,-38.9771
58.5621,-49.8270
52.5994,-55.9466
55.4685,-52.7749
57.1534,-63.2112
49.0790,-57.9449
58.1491,-55.9676
51.4048,-41.9826
68.3602,-39.7730
57.3622,-41.6496
48.3793,-51.2826
55.8292,-49.4893
59.7062,-50.5891
56.8697,-52.2839
59.2837,-65.6928
60.5632,-47.9599
55.3086,-57.2100
51.2323,-53.9032
61.0740,-36.1437
52.0915,-58.7585
58.1188,-37.3026
53.9218,-54.6051
52.2053,-61.1752
53.0523,-48.1620
48.4528,-57.6295
65.5231,-44.7136
57.4688,-57.7176
51.1327,-57.5232
53.2348,-61.9277
54.1580,-46.6736
64.2836,-47.5217
48.6859,-44.1001
58.5518,-49.1627
51.1158,-53.6056
56.5970,-54.7624
61.0159,-53.2427
55.4581,-54.4396
52.2262,-61.6965
55.7417,-53.6287
51.7537,-49.7812
55.8689,-48.1774
60.7726,-56.0237
43.9363,-53.4138
56.5542,-59.8409
61.0367,-58.3398
47.4934,-44.6959
54.1018,-56.5101
53.7372,-49.0073
59.4986,-52.8901
48.9491,-52.6956
46.0875,-60.4240
51.2072,-29.9224
62.2041,-46.5099
60.8708,-53.0396
61.8445,-54.7321
54.0585,-52.0154
59.1687,-56.5904
53.3079,-53.7464
51.9803,-52.5620
52.0184,-52.5622
51.3839,-35.7975
41.1263,-62.4439
60.5971,-48.0218
51.8575,-47.2502
52.7878,-53.2784
57.9210,-41.3405
63.3689,-39.5050
49.9053,-53.7959
67.5237,-57.0899
57.3479,-54.9847
55.9326,-47.0196
51.5299,-57.4240
52.8434,-58.7786
49.9568,-49.0957
55.3301,-50.1059
57.0591,-51.9656
65.6108,-47.3839
53.1865,-54.0255
45.9401,-60.9951
53.2637,-47.1368
45.2781,-60.4986
63.9753,-53.3157
39.3510,-54.3555
55.0022,-49.7798
59.6699,-58.1828
52.3520,-48.1559
57.3205,-48.7980
56.3699,-43.8704
60.8999,-53.7905
48.3490,-56.8561
50.1929,-60.9912
50.3679,-38.9502
58.8482,-53.2503
65.8184,-51.1759
57.6115,-49.5552
52.3444,-53.8706
61.2157,-53.6574
52.9443,-54.1547
54.5994,-51.7639
50.4941,-53.6782
50.6160,-38.4290
45.4530,-47.8574
53.4035,-49.4228
54.5397,-42.0481
56.4304,-50.2709
57.7346,-48.9051
58.7160,-44.1741
46.6538,-55.8779
67.2014,-54.8924
56.4604,-46.7538
57.5044,-50.6546
54.2004,-59.5287
58.4250,-57.2955
47.4158,-57.4395
52.0898,-56.3777
60.0306,-53.6797
60.8238,-49.6134
45.5847,-55.7008
64.8642,-56.0296
58.7961,-51.9912
55.3818,-48.4407
63.7770,-49.6318
54.2668,-48.1969
46.3676,-54.7482
56.0930,-60.0281
53.0298,-56.9336
59.7744,-50.3674
60.1951,-34.6618
69.5547,-40.3331
57.9230,-45.7165
55.5992,-52.2511
53.2755,-49.3337
56.4301,-50.0022
53.0027,-60.9446
67.3238,-52.0178
57.3487,-47.3106
56.4958,-54.3076
54.4398,-50.3156
57.2154,-52.4639
53.3396,-57.6981
58.1068,-42.1638
50.3513,-46.5488
55.4147,-59.8965
52.9884,-51.4091
55.8413,-50.8361
68.4261,-46.1043
61.5546,-33.7016
49.9360,-52.2351
63.0049,-59.3454
55.9511,-47.5480
60.6659,-51.9070
51.8234,-54.2835
65.1931,-43.7900
42.6927,-60.6209
49.8014,-51.0320
58.3760,-56.4747
57.9847,-45.9874
42.5141,-45.6891
62.3672,-52.0985
55.3937,-48.5321
48.3309,-45.2601
51.5106,-56.5142
54.3210,-50.6881
51.6142,-50.7900
59.2061,-57.8456
50.8247,-59.1466
63.2739,-49.2656
54.0523,-54.5391
69.1771,-40.8782
60.8194,-47.8566
53.5075,-53.7796
55.9160,-52.4164
61.5151,-50.7039
47.3880,-57.5298
66.3367,-52.0310
59.3759,-42.7716
57.0119,-55.0191
57.3857,-46.0731
41.1485,-54.6982
58.8612,-56.5578
57.5204,-50.5671
51.4724,-48.5879
53.2206,-57.9043
54.0100,-55.8547
58.1824,-52.0713
61.6459,-50.8702
62.6978,-27.9639
54.7182,-54.3485
66.5988,-55.2707
48.7044,-45.2130
51.9209,-49.1970
50.6164,-48.6859
61.9407,-53.7731
49.0157,-61.1876
57.1858,-56.9528
59.8988,-58.1839
57.2216,-49.3984
45.8582,-59.6566
67.5998,-42.8834
58.6429,-42.8265
46.5626,-52.5346
59.9944,-51.1702
53.3740,-50.5461
49.6280,-56.5441
55.7990,-61.0169
47.8026,-54.4668
57.7015,-54.1725
55.0714,-38.9425
68.4841,-39.8042
55.5779,-43.9864
50.2217,-51.2552
49.9989,-55.5951
62.3346,-51.0569
52.9322,-38.7266
62.2046,-44.8485
55.3385,-48.5970
47.3744,-55.1328
51.3543,-52.8218
56.7700,-47.9317
54.1817,-55.4062
55.4246,-49.5184
54.5621,-51.5600
51.6186,-57.9329
57.8738,-46.2039
54.9415,-53.3578
64.5932,-48.6616
62.9539,-44.7292
52.3749,-49.5881
57.8191,-59.9602
55.6422,-45.0398
54.2398,-60.2172
49.5311,-42.8438
65.6842,-48.6091
48.8822,-58.6236
58.4277,-44.1301
59.5600,-55.3870
54.6294,-53.5769
64.3144,-57.7519
68.1047,-47.0616
61.0855,-57.8024
54.1640,-49.6256
58.8477,-45.1810
54.5542,-45.3960
46.2897,-50.4549
62.7755,-55.2375
55.2365,-47.4885
56.7898,-52.2316
60.1475,-37.0716
68.4784,-38.4117
60.6685,-45.3833
56.0661,-45.2540
54.4411,-57.1707
57.9108,-53.9103
38.5724,-57.3065
62.6688,-49.1902
59.0994,-41.7352
55.2727,-53.8947
53.0075,-51.6951
56.3797,-39.1632
52.5120,-57.6957
57.6166,-52.7909
47.6941,-40.8937
51.6952,-61.8656
61.3234,-46.8044
56.6418,-53.6854
64.5287,-43.2620
64.3896,-23.8469
57.7370,-48.4374
60.5796,-54.8075
48.9215,-56.6529
58.0864,-53.4359
49.5227,-46.9509
57.7986,-57.7722
47.8331,-58.3767
56.5921,-49.1670
59.5099,-58.5870
56.4130,-59.3194
54.0550,-49.8862
69.7867,-47.5937
57.0880,-46.5861
45.8311,-46.4748
58.4953,-53.8838
51.7410,-61.4008
54.6792,-52.5457
55.2305,-63.0704
51.9990,-53.6760
62.4203,-45.6996
55.2301,-43.5773
68.3256,-42.3413
62.0801,-46.3723
56.7499,-52.0734
52.6968,-49.4051
55.8860,-56.3750
51.2801,-52.2312
64.3098,-54.1191
61.1820,-47.2549
56.0641,-49.0154
54.3768,-53.1788
57.8902,-55.1234
51.7994,-59.6491
54.4223,-43.5627
54.0646,-45.5784
55.3336,-50.9802
53.0577,-49.5730
50.9457,-53.5742
61.0681,-54.0951
57.6144,-47.2990
49.3577,-49.6158
64.0200,-51.2723
52.2343,-55.3918
54.1150,-45.6109
52.4951,-63.6813
60.6310,-49.1432
52.3762,-52.2932
49.6847,-49.1282
52.3962,-55.1426
55.5288,-54.5233
43.7899,-51.0400
55.5042,-51.9672
48.1131,-56.7789
53.4081,-47.8994
59.6467,-38.9016
52.0985,-53.4406
55.5564,-57.1149
52.4981,-58.9709
58.7689,-55.3682
61.3600,-47.7019
52.4335,-41.8064
66.2688,-43.0145
61.5023,-51.1661
57.6090,-54.3418
57.4122,-49.1875
51.3380,-56.1661
56.1238,-51.9066
63.4892,-52.1373
54.7475,-51.7306
55.9018,-56.6827
56.6904,-54.7306
56.1432,-43.0209
51.7428,-58.0463
56.3723,-45.6102
48.7362,-46.2292
60.8946,-48.7933
55.4331,-48.3591
49.6391,-54.9389
58.5129,-54.0180
59.0532,-33.0959
50.1154,-47.4594
65.4201,-48.3222
53.5258,-51.3111
57.8402,-51.3617
52.3691,-54.9822
62.6467,-53.0601
44.7044,-62.1381
59.5370,-46.8488
50.4941,-63.2610
59.2808,-52.1911
49.5518,-56.0394
67.0541,-33.1496
51.4793,-62.5302
55.0821,-53.7074
54.6005,-44.7244
54.8049,-56.3090
52.7218,-51.7926
41.4324,-62.7184
53.2413,-57.6916
63.8902,-41.1494
56.4833,-45.4238
69.4228,-36.1787
64.8951,-48.2489
52.6723,-53.7480
53.9236,-49.7145
55.2351,-52.0202
45.4436,-61.5684
60.0997,-49.4549
48.3546,-48.8617
45.5955,-58.6634
55.0562,-56.5155
50.3845,-50.0933
51.6039,-57.2375
49.4985,-51.1524
53.5892,-44.3435
56.8333,-45.4922
53.9851,-44.6200
49.8899,-63.0394
48.4269,-51.2005
54.4496,-40.1773
50.1043,-55.7743
66.5995,-52.6310
55.4124,-46.1311
61.2412,-45.8906
53.0917,-59.8652
57.2997,-53.6937
42.9853,-52.4926
53.6143,-54.1491
56.1249,-49.3820
57.1538,-55.5772
44.0498,-53.6440
66.2247,-37.9658
47.5523,-60.2605
52.2566,-49.6033
63.1618,-35.3842
50.8381,-56.3453
55.7824,-56.6613
44.3487,-66.7300
53.4809,-52.9283
60.6190,-46.5308
44.5452,-47.7844
67.8149,-42.3988
60.1599,-52.3169
52.5626,-56.0228
46.2258,-48.4486
57.7823,-53.2799
55.8358,-46.8739
63.5519,-61.9556
50.4135,-54.0729
52.5936,-63.1341
53.6702,-53.8340
47.9921,-55.0392
52.0152,-56.4150
59.0503,-31.5387
46.0433,-54.7962
58.1767,-61.8478
53.1734,-51.8880
53.4203,-51.6133
58.7070,-50.5942
61.2054,-27.0970
46.9333,-54.4438
63.6902,-54.1356
49.2190,-57.3683
62.9281,-46.8261
49.5499,-55.6071
57.9713,-49.5791
49.7178,-59.5344
55.3783,-50.3159
57.7311,-53.7672
52.6028,-55.5804
50.8598,-54.2877
61.6302,-50.5157
52.9314,-55.6120
55.7954,-48.4179
50.1040,-48.7282
59.7630,-45.0155
54.9153,-56.8332
48.8632,-58.9696
49.1814,-55.5904
54.3253,-55.7259
53.6846,-38.0559
67.0267,-42.9698
57.6806,-57.0423
54.4711,-50.9042
52.2714,-51.6391
55.3932,-52.7542
58.7960,-48.5859
65.2887,-56.2290
62.8119,-40.9870
57.4723,-58.8292
53.0348,-55.4036
49.0248,-54.0803
54.3758,-54.5226
60.6644,-38.7762
51.4975,-40.1425
50.2907,-59.4731
58.1507,-46.6279
54.4084,-51.9216
56.6392,-50.8210
59.6362,-40.2706
50.9072,-53.9458
66.3694,-52.4327
51.4293,-52.7179
54.3557,-45.5622
51.5884,-54.9602
51.7656,-51.0546
51.0841,-56.6551
54.6405,-47.5932
57.2039,-52.0975
56.9618,-48.4869
48.6818,-54.5025
63.8485,-42.8466
51.8759,-49.5921
61.4472,-41.1091
64.0481,-44.1586
49.4180,-55.6525
56.1122,-56.4660
56.4838,-58.4242
53.4112,-54.4365
60.7432,-39.6760
64.1845,-37.2444
63.1568,-49.8563
57.1434,-54.4815
58.2907,-57.8345
49.6154,-45.7234
56.6283,-49.7247
58.5340,-50.2186
60.6983,-51.1162
59.8999,-54.0788
63.6404,-52.3121
56.4596,-48.6232
60.3155,-43.4273
51.4270,-53.5772
54.1621,-50.1092
58.8457,-50.4983
58.6735,-48.0041
51.4832,-46.9018
54.3552,-55.9197
57.9564,-50.1860
57.0220,-43.8969
50.9711,-44.8726
63.6844,-51.4032
55.9114,-46.0929
59.2863,-36.2711
52.8361,-61.9871
44.1003,-59.3076
44.2445,-59.9097
61.3367,-57.6011
54.5661,-53.4742
54.0177,-54.0098
53.5895,-53.3746
66.3961,-40.6746
46.7980,-58.5928
56.0220,-58.2210
53.4900,-47.5541
51.2791,-55.3577
52.6788,-55.8969
43.0610,-59.7569
54.4945,-53.0601
64.2230,-40.0787
55.8221,-40.2305
68.0364,-39.0303
58.3313,-48.8775
59.1178,-50.9671
61.6401,-55.6734
54.2423,-54.8780
60.7971,-48.5011
69.4551,-51.1731
44.8612,-54.8463
53.8283,-48.0739
60.3123,-49.2268
66.6175,-43.6447
48.6053,-56.2748
51.6114,-53.8341
59.2549,-45.0026
56.8586,-49.3235
58.4092,-49.9273
53.3639,-59.8357
54.5102,-58.5663
56.4262,-48.0245
52.6997,-36.8210
64.6993,-48.6604
46.9309,-54.4638
60.6978,-38.8775
47.1605,-60.7194
64.5336,-47.3278
56.9201,-58.7600
57.7418,-52.3404
57.9895,-60.9749
57.1909,-57.6123
53.0895,-39.6644
64.1380,-45.9393
50.8372,-56.3962
60.1697,-50.2775
59.6051,-43.5663
47.5240,-64.7398
53.0885,-58.7240
59.6101,-54.0234
53.1868,-60.1794
62.8964,-41.0880
51.8384,-51.3226
67.8623,-42.1190
59.5509,-52.0288
62.2466,-52.5069
61.3200,-54.2713
60.8567,-51.1715
50.3404,-55.0050
66.8923,-50.7610
56.8033,-27.8051
56.6035,-48.0581
58.5874,-51.4570
54.9317,-54.8680
51.1122,-56.1447
56.8907,-51.4129
55.4060,-36.0816
65.6794,-43.3385
60.2149,-51.1131
53.9439,-56.6783
58.7388,-57.5157
59.6100,-55.5639
55.4052,-44.5328
66.0449,-39.9892
54.9180,-44.3573
56.2038,-50.6219
51.6352,-59.1834
55.5428,-47.9120
52.7568,-57.8869
48.4878,-52.0389
59.1702,-53.0915
52.2959,-54.7911
53.2885,-51.4925
62.9556,-46.8607
53.0349,-54.3274
55.3798,-38.3362
54.8734,-40.0124
50.0782,-55.7647
51.4076,-58.0649
44.0031,-65.2136
58.3889,-48.9324
62.4617,-37.9366
50.6872,-41.7485
66.6334,-38.4235
59.0159,-52.2842
61.3457,-47.8750
60.1565,-56.1505
50.9390,-55.1550
54.3442,-58.3994
64.3143,-45.8131
54.8384,-46.3059
55.6551,-46.9616
59.8200,-50.3056
58.0290,-57.7030
48.5148,-52.7790
54.0364,-54.0280
53.1740,-44.6234
60.2500,-44.1948
60.5996,-46.0664
53.0717,-61.3933
58.6005,-55.9040
58.8850,-49.0629
46.9311,-43.4869
62.9684,-43.6318
51.0516,-50.3381
56.2454,-47.9232
53.4631,-64.8742
56.6370,-49.6200
52.4608,-56.8540
61.7876,-49.6641
55.0866,-57.7182
47.8522,-54.0837
49.0148,-53.6738
55.6699,-57.7489
49.5541,-57.1301
57.6381,-43.1111
57.2190,-43.1317
49.5794,-57.2542
54.9963,-55.1653
54.0375,-51.2765
48.0243,-55.8101
64.2879,-42.3003
54.4270,-40.2590
68.7771,-36.9751
63.6783,-47.8129
55.6394,-52.6716
63.3836,-53.1855
55.3024,-51.5060
54.2501,-55.9298
66.6069,-50.5817
51.5743,-48.8020
53.5158,-48.5876
60.8918,-49.3266
63.4061,-54.1384
50.7288,-55.7892
48.0374,-53.1197
55.0618,-44.9136
58.9024,-49.3379
57.9118,-50.1292
56.8761,-56.9921
55.1224,-55.9121
55.8317,-55.4424
49.5145,-46.2042
61.8493,-46.8916
54.3842,-50.2995
60.8612,-43.1844
49.8721,-62.0196
60.4330,-51.0865
54.3053,-59.1059
55.0162,-49.9204
53.9663,-56.6118
41.8528,-57.2045
49.2593,-52.0159
57.7681,-52.8117
54.1539,-55.9344
58.9679,-39.1537
61.0115,-42.8628
51.5045,-55.5783
57.0242,-50.3421
55.3112,-51.4227
54.9257,-58.7282
61.2859,-37.4348
53.5823,-45.5097
64.2166,-46.0337
57.5036,-48.7072
60.9458,-51.5305
62.1368,-56.3796
48.6375,-51.7566
52.2555,-60.0368
63.1221,-46.7564
49.6534,-48.0582
48.0461,-57.3064
58.6141,-51.9089
56.0001,-57.4586
50.9869,-55.3034
56.9501,-47.1448
54.0777,-51.0700
61.9435,-46.6706
55.2003,-47.4893
47.2255,-55.7156
51.9830,-59.2932
51.2946,-46.9133
53.5950,-51.1450
61.0745,-43.6478
54.3329,-51.9878
43.2117,-64.2796
53.0122,-65.1323
48.7526,-59.5495
49.3580,-59.4806
61.3435,-53.6226
53.1578,-51.3710
51.7332,-52.8097
49.3914,-61.0451
52.2061,-48.1766
50.2507,-52.0441
57.4016,-54.8300
63.6901,-48.3914
49.9476,-59.6038
56.4055,-57.6596
55.7758,-50.4107
50.2032,-50.6010
53.6009,-39.9430
55.8147,-50.1323
52.5475,-54.1262
56.7407,-52.4968
56.8175,-58.0992
57.2634,-52.9020
50.2201,-54.3647
64.6600,-48.2339
63.7833,-45.2360
54.6558,-55.2789
52.0600,-53.6038
57.2928,-46.6823
48.6888,-60.3346
48.6129,-58.2683
52.3545,-56.6505
55.8012,-47.7174
59.7127,-45.1509
55.1143,-47.8023
43.7936,-60.3222
44.5868,-64.4237
53.4025,-55.1846
55.4918,-50.9212
65.6784,-47.0643
49.9100,-51.9222
52.0892,-59.9239
48.4782,-64.2242
59.3263,-54.8395
46.4635,-61.5399
54.8992,-56.4217
55.2987,-56.2593
54.3686,-50.0749
50.1378,-53.7852
56.9282,-62.2960
50.1542,-47.9861
49.1576,-42.1122
60.4185,-41.5216
48.4072,-58.9496
54.4840,-57.8819
56.0654,-54.1804
51.4328,-53.1220
58.7246,-41.3279
61.1105,-44.6647
67.4910,-41.9010
56.5578,-51.6223
51.3434,-54.4159
54.1396,-55.1763
48.4855,-62.3936
58.0283,-49.2423
62.1159,-53.1782
51.7216,-47.3498
51.2062,-56.3777
55.9976,-46.2135
59.9783,-53.7798
53.1987,-59.1322
52.2349,-57.7091
52.2533,-51.0332
57.3321,-55.0657
57.0893,-46.1528
49.4001,-60.0568
43.3228,-64.3994
52.9882,-54.7655
57.9274,-51.7665
63.5361,-46.0884
47.3857,-45.3294
56.3066,-51.4249
55.2150,-62.9087
44.7567,-62.7201
53.7816,-55.5546
58.3763,-53.8958
55.6632,-51.5586
50.6966,-52.7328
57.2049,-48.1791
53.1351,-58.2408
50.2139,-54.6348
48.5929,-58.3728
63.1227,-38.1097
46.6430,-60.5783
48.7032,-64.3176
52.8050,-56.9076
55.2417,-56.4466
59.0415,-44.4915
62.3587,-52.5163
66.0737,-45.1267
54.6798,-45.5668
49.9149,-52.0623
54.4142,-56.5074
44.1422,-56.0247
53.5125,-47.4189
60.2833,-57.9012
59.5873,-54.1698
55.2498,-52.9245
52.1482,-43.7675
62.7185,-42.8494
55.1641,-57.1307
62.5537,-47.2586
57.1666,-45.6008
46.2553,-53.3722
54.9699,-56.7756
50.7546,-46.6686
65.1345,-43.9527
57.0863,-39.7796
52.9460,-50.0301
51.2810,-57.4456
56.7591,-47.2196
50.8973,-52.7751
49.7628,-38.9427
63.4378,-47.4253
51.1766,-56.7765
42.8161,-54.5866
55.3879,-52.7484
54.7444,-55.9782
53.1360,-65.6846
64.5265,-50.1663
55.3537,-46.7180
48.0534,-53.1964
61.0480,-60.4837
54.2428,-52.0179
43.9010,-60.0333
62.6139,-53.9005
63.6176,-48.4272
58.0492,-51.7307
60.3426,-51.4844
67.9890,-47.7574
54.2672,-52.1246
56.2259,-44.5035
49.9724,-56.5850
59.7995,-50.6005
43.8183,-57.4213
63.1064,-44.2238
61.4210,-44.5859
63.6248,-37.5363
55.6283,-43.3981
45.0463,-62.8130
55.0971,-53.9781
62.0799,-48.4823
49.0060,-63.2145
57.8895,-54.1759
54.3899,-49.3642
53.2517,-56.2434
53.1150,-49.1775
62.2262,-35.0991
54.8780,-52.0948
52.9750,-51.0227
52.2089,-46.6656
54.9591,-41.1959
45.5253,-50.2333
71.0378,-50.2917
48.1008,-58.1851
48.0031,-60.0427
61.3114,-50.4528
54.6813,-51.2116
58.1897,-53.0409
58.3132,-60.3582
52.4168,-46.9029
55.7199,-46.4919
60.3442,-44.1509
55.4790,-52.2143
48.0689,-60.1421
55.6797,-55.6667
62.1859,-47.0137
51.4276,-39.9172
62.3135,-49.8577
64.9136,-44.2638
55.5369,-46.4910
50.9943,-54.0792
56.5930,-50.4900
50.5106,-64.0769
50.2684,-57.1206
62.3558,-50.3836
58.1891,-49.3761
64.3948,-48.5175
54.5808,-46.6398
52.0741,-49.6647
52.3616,-58.9726
57.1244,-56.7984
55.9295,-56.5264
62.9278,-47.9280
57.0077,-54.4387
46.4176,-49.7751
57.6140,-54.3267
59.0199,-39.0832
54.2026,-47.1163
54.8579,-51.9066
46.2930,-52.1548
56.6985,-52.2186
47.0678,-51.0620
63.6925,-46.1277
46.6145,-61.2028
51.2555,-60.9766
59.7240,-52.0298
62.1017,-55.9497
51.6206,-57.2959
65.6334,-55.8265
54.1041,-60.6905
55.6986,-46.6465
62.2755,-38.8170
54.5667,-48.8397
56.8754,-58.1002
57.0960,-54.7493
55.9977,-47.4733
55.9685,-48.8614
62.3939,-50.7856
66.2553,-43.6602
58.9468,-46.4470
54.1054,-50.1411
56.3032,-57.5165
54.8335,-54.8175
56.6700,-53.8529
60.6006,-55.8040
56.8343,-46.0040
55.2983,-52.2258
56.9984,-42.2671
63.3515,-59.1765
53.3416,-57.1890
64.0461,-47.5620
53.4836,-55.7706
52.9455,-50.7800
57.9937,-56.9528
53.0274,-51.7511
59.4973,-42.7704
58.2921,-35.0487
50.1988,-55.1786
57.5351,-51.7126
57.9569,-40.2302
56.1761,-47.6481
44.2462,-44.3373
57.5234,-54.1352
51.3841,-59.0843
51.8526,-57.1014
55.2108,-62.1574
54.8706,-60.1206
60.2395,-52.5192
55.9296,-58.3560
47.6387,-54.0912
66.2363,-48.6399
65.7981,-45.9998
41.8943,-57.3874
56.4121,-62.9480
52.8336,-57.0301
56.9231,-49.0978
60.0018,-44.4210
60.5452,-49.9585
64.4365,-44.8365
55.5689,-55.1563
52.0201,-56.1844
53.8092,-59.9894
52.1358,-61.7808
57.5301,-48.1946
64.5095,-50.3100
55.1226,-50.8889
57.2244,-48.7048
55.7874,-47.7378
54.7943,-57.6550
54.0201,-51.8905
63.2357,-56.9175
56.4634,-61.0302
54.5854,-53.5773
58.5250,-47.2612
45.2960,-63.8739
53.8608,-50.7759
59.3389,-32.3360
55.6409,-46.9879
48.4763,-50.8873
51.3084,-45.4307
51.3791,-59.1623
44.5713,-45.5014
69.5063,-48.1337
48.7850,-62.3247
44.4941,-53.6907
55.6701,-56.2414
60.4187,-51.4155
62.8027,-33.6934
56.3461,-52.6864
55.8645,-52.2346
60.1775,-46.6545
54.9743,-40.5661
57.1906,-57.4021
57.5609,-55.0896
57.4161,-54.5251
58.6818,-48.9876
53.5318,-48.8616
52.1490,-53.1431
52.7517,-50.0873
58.0269,-51.7169
55.1576,-46.9473
54.5102,-58.6285
46.3018,-58.2430
55.7774,-52.4527
50.5114,-48.7849
56.2146,-58.4554
62.3443,-53.9978
58.0993,-42.4126
59.0963,-51.5875
55.8919,-54.9758
64.4612,-45.4842
63.2495,-58.8674
50.6196,-54.0413
58.0779,-53.2785
54.7080,-53.5029
59.5460,-44.8089
54.4421,-40.3519
51.6136,-53.2227
46.1602,-49.2691
49.3402,-60.4148
56.9166,-45.0399
44.8830,-45.0475
64.6056,-53.0311
55.8591,-57.2967
54.4560,-56.4779
52.3374,-61.9056
59.7622,-56.1311
59.7457,-52.5721
57.9951,-49.0818
44.2299,-54.1639
54.3257,-50.6475
58.7364,-39.9671
49.8697,-61.2988
63.9891,-55.7147
64.4774,-40.8008
57.0552,-51.4521
55.3079,-48.0924
58.8676,-55.7097
47.1397,-52.6832
62.5410,-56.0236
56.7239,-42.6649
59.5078,-55.4025
46.2171,-61.0040
57.1508,-47.9338
56.9350,-48.7988
47.4502,-55.1412
60.1522,-47.3300
56.5067,-44.6754
61.4251,-54.0540
55.0587,-57.0029
54.8518,-63.5126
61.6558,-51.0845
56.9632,-45.6899
59.5596,-47.1417
47.7834,-60.2451
46.8499,-58.7791
58.1033,-39.5730
56.2753,-45.8313
51.1781,-47.2075
53.1554,-45.7713
55.1355,-40.4940
50.3279,-52.9602
62.6729,-48.1934
53.1847,-58.7833
45.3606,-62.0012
57.9512,-53.7496
54.7683,-54.0490
60.1196,-49.7113
51.7472,-52.0624
48.0698,-49.6946
57.5131,-46.8953
59.8766,-42.1000
47.2021,-55.1892
56.3973,-52.0547
59.3676,-50.1698
52.2100,-55.8672
56.8305,-34.1396
61.5759,-52.8884
48.5904,-49.1272
56.3841,-57.0391
53.4427,-51.6074
57.3431,-59.5489
46.4170,-57.2270
58.0838,-42.8179
56.8555,-53.5908
63.0195,-43.8944
48.2543,-51.9172
53.1424,-52.8027
55.6119,-51.0985
54.9024,-56.9447
55.7018,-66.3861
59.4096,-61.9124
59.9762,-52.2091
56.5392,-42.2981
53.1945,-59.8500
50.6863,-64.9254
58.1651,-49.4474
59.8979,-45.6055
59.4812,-44.7401
65.5138,-32.6346
52.5975,-58.3659
60.4053,-59.9249
57.8280,-50.2601
64.7982,-54.2581
50.2131,-58.3398
60.0079,-53.5945
61.2903,-52.7655
56.6126,-37.4130
61.3376,-38.8948
56.8472,-56.6373
60.0903,-39.7926
59.2872,-47.8507
55.8397,-58.0970
60.6628,-49.9344
55.8438,-44.5676
58.8830,-59.8817
61.2790,-44.3486
56.6242,-49.7939
51.2992,-51.9445
56.3852,-51.5461
59.5875,-49.0208
60.9592,-59.9357
49.3664,-48.2450
53.2728,-52.4950
55.3147,-51.7427
64.6442,-57.9085
51.5565,-51.7860
54.5006,-55.3560
52.6703,-57.4236
54.9653,-60.1397
51.9485,-61.6415
61.2576,-61.2076
52.3886,-61.4715
55.1686,-48.0202
50.3747,-59.2911
49.2588,-63.8541
52.4580,-46.2391
61.6730,-45.3381
47.6863,-48.6908
53.6468,-44.8412
55.6581,-44.2477
57.4120,-46.6964
57.4063,-52.7450
59.7261,-57.0848
58.4565,-58.2677
59.7182,-54.3610
55.2019,-56.9938
59.9166,-42.4265
45.6878,-55.0948
50.8006,-53.0731
53.1926,-51.2136
51.9902,-50.3470
51.0875,-55.5995
63.1602,-43.7127
60.8876,-46.8342
49.5154,-59.5945
54.2777,-49.2654
57.3089,-55.6575
47.9453,-47.2572
57.4560,-51.0981
59.2797,-49.3503
60.6788,-57.5300
40.9313,-65.0903
59.1219,-45.7262
60.1408,-54.0933
54.9256,-54.3742
49.8629,-47.3976
53.5572,-53.9376
60.8082,-57.8305
54.1709,-56.6957
52.4180,-65.8904
56.7202,-65.7870
49.5369,-57.5192
56.1971,-55.6248
52.9532,-50.4415
56.3121,-51.8569
59.7428,-42.3909
59.0729,-46.1434
47.2987,-46.8490
51.3776,-45.7413
49.0790,-62.9238
54.5838,-37.0915
55.4706,-49.2688
66.2889,-47.5011
60.4683,-55.2223
57.4291,-55.8237
49.5771,-60.9030
49.0533,-48.5237
51.2468,-43.2917
53.4336,-55.8252
56.6685,-44.2946
58.2181,-46.9171
53.8308,-52.9607
61.5694,-40.8875
61.2319,-40.6627
54.5988,-51.7537
51.4228,-49.6534
54.2925,-56.5692
46.8565,-52.5566
53.7484,-52.7140
58.6305,-47.9229
58.4890,-59.9713
46.0525,-56.0595
52.2056,-51.8737
62.7338,-45.7481
43.6260,-61.3812
50.2370,-52.6235
59.0675,-44.6945
49.0928,-59.8180
54.0873,-61.0881
53.6638,-69.9581
61.6331,-51.4909
49.7856,-53.0266
56.5825,-52.7184
49.6483,-61.2572
53.0321,-55.0624
57.3986,-47.7717
56.7536,-55.3975
54.9070,-47.8004
53.0484,-49.4470
54.9582,-51.8544
50.8016,-48.5673
63.7868,-45.0495
54.5545,-59.8109
61.8411,-49.5564
58.4641,-57.3480
52.8018,-52.8418
54.9778,-51.2702
54.3701,-49.2828
50.5496,-54.4995
56.7637,-56.0711
60.9895,-33.4654
52.6027,-55.7058
61.2789,-54.1988
64.9192,-49.0694
51.5808,-61.7310
52.6205,-51.2154
54.1660,-54.2866
57.2704,-50.3355
59.6972,-51.3279
56.2885,-44.4242
57.0911,-58.0656
54.2994,-57.3828
48.9381,-59.4833
61.6833,-46.1943
44.5742,-59.5097
55.4290,-54.9840
57.8636,-41.2115
49.7656,-63.5619
54.2095,-56.4054
60.4366,-59.0186
58.5279,-55.5422
54.2569,-50.8712
59.8886,-49.1732
43.9535,-59.8681
51.5394,-53.8590
55.6881,-38.2410
61.2228,-44.6196
48.1863,-49.1057
53.6134,-48.5284
53.6652,-52.2117
53.2956,-45.3252
66.9104,-47.2822
60.4680,-54.0830
65.2382,-48.5402
59.2642,-52.8796
53.8020,-61.8442
52.3769,-51.8750
49.3443,-62.1659
57.3262,-52.0520
58.2639,-43.9377
55.4410,-39.8430
57.2136,-56.0818
56.0401,-40.8872
63.0623,-37.9065
56.7291,-50.7025
56.1151,-48.7551
59.0530,-56.3757
45.9604,-58.2164
62.3121,-52.6207
50.3992,-48.2312
56.2690,-59.0651
51.3130,-53.8746
54.5158,-50.9884
56.4839,-49.2069
60.4944,-32.1108
60.3378,-54.8632
54.5756,-46.6008
66.0158,-53.9221
56.5332,-52.2390
58.8675,-55.9840
54.3186,-53.2656
55.4215,-51.9165
62.8245,-53.1180
58.1539,-45.4426
46.6840,-54.2288
57.4665,-45.7346
55.1847,-47.1484
47.1214,-45.3304
55.7462,-49.7884
57.1664,-53.4257
45.2119,-47.1012
68.3352,-49.0266
53.6056,-55.3597
44.0729,-52.3528
53.3379,-55.8586
58.8840,-53.7639
62.7951,-41.2458
51.9673,-59.5591
50.8823,-47.9779
52.3112,-57.0081
57.9663,-48.6006
57.2811,-52.1138
53.3862,-55.3701
54.3122,-54.7029
61.8527,-43.3466
59.0670,-56.0433
54.9418,-61.8665
60.0162,-55.3155
60.4702,-53.9760
54.3931,-43.5447
51.9679,-59.4009
49.6949,-55.4159
56.7742,-52.6805
52.7983,-48.0336
47.5223,-56.3070
62.9705,-45.9751
54.0748,-42.9934
59.2726,-47.6913
59.8117,-52.8992
60.8968,-51.5588
51.9410,-58.7061
41.8628,-48.9066
55.8971,-60.0106
59.3303,-40.0780
58.5534,-44.5594
53.4686,-47.0203
43.0174,-58.3959
45.6696,-49.8316
51.4491,-56.3127
54.3952,-50.1128
41.1063,-40.4889
58.9020,-52.3832
49.9307,-60.8111
52.0790,-52.6411
54.0747,-51.6798
54.7114,-61.8945
66.9500,-48.3140
51.8722,-45.8280
57.2506,-55.1124
57.0631,-59.4621
54.4133,-45.5221
57.8864,-54.0067
55.3759,-46.8075
61.1980,-54.8407
52.7949,-61.6339
55.8829,-50.5615
55.1641,-51.9159
46.0244,-53.7481
58.3837,-51.3570
47.7565,-45.9999
56.7612,-60.7774
39.5269,-56.8561
52.1343,-54.4096
53.3224,-54.0991
60.8763,-48.0919
59.8122,-46.1682
56.0606,-51.7310
53.7628,-52.6134
57.0421,-45.6627
54.8453,-64.4719
56.4296,-60.9542
49.2242,-58.3315
51.8154,-57.0520
55.3201,-61.8197
52.5893,-60.5584
50.4357,-49.6935
59.8770,-45.0768
49.9854,-52.1875
50.3200,-53.4025
52.8704,-45.7245
52.6500,-35.9431
62.9059,-50.6756
60.6766,-54.6644
48.3840,-56.7268
58.9943,-54.7329
61.0932,-51.4554
64.7199,-45.4813
56.3933,-47.0714
58.6497,-43.7553
53.0136,-51.6710
53.2287,-39.5645
52.5947,-56.1797
58.9413,-48.4929
63.8359,-45.1898
51.2111,-57.3275
58.7144,-50.3531
59.3339,-53.2155
50.2837,-45.6536
59.8651,-52.6223
53.2849,-45.9037
57.8053,-60.4470
40.7528,-60.7249
53.5109,-50.1170
54.8648,-50.5849
54.1518,-56.7359
53.8107,-53.6800
54.4653,-49.2880
52.0059,-57.1837
51.4115,-54.4491
58.7501,-57.7157
57.7246,-55.5584
55.3812,-53.9465
59.6670,-46.8670
55.8551,-63.7418
48.2189,-62.5341
56.4063,-49.4708
62.2203,-45.4643
52.0499,-43.7260
56.0429,-49.2853
50.0380,-61.0596
57.3621,-49.1655
52.4267,-55.8626
54.7148,-62.4341
56.0292,-51.3447
57.6282,-57.9882
52.6794,-52.4466
63.8441,-40.6131
43.6126,-49.7046
57.6869,-54.1934
57.8688,-43.0303
55.7865,-46.6743
50.7462,-57.3967
66.1151,-43.3175
51.2471,-45.6029
57.7480,-55.6514
55.1198,-53.1828
59.5564,-55.1679
45.4708,-47.0921
57.4345,-54.4649
53.6808,-50.1973
58.7067,-58.7023
44.4746,-54.9813
57.4598,-51.6425
51.9533,-51.5436
53.2133,-55.7768
48.5368,-52.9165
52.3151,-51.0522
61.2271,-59.5348
57.1418,-55.4927
49.9117,-66.9579
60.7272,-52.6399
54.5194,-55.5271
59.3964,-44.0593
44.3988,-58.7877
42.2994,-65.8195
49.7812,-49.7254
63.5291,-45.3989
53.6516,-50.7157
58.3169,-49.7375
59.9663,-45.6461
60.4958,-54.7660
48.3475,-55.4240
57.4593,-60.5505
59.4315,-48.0776
57.5927,-56.7318
61.2858,-56.3554
59.4220,-49.4540
47.0516,-59.7115
56.3336,-51.0080
53.7705,-52.1274
55.2630,-40.6186
44.6614,-56.8471
64.7456,-50.6931
61.2142,-55.5729
57.0294,-50.5777
60.4298,-56.8424
53.2761,-53.8206
46.6884,-48.8938
56.3518,-56.0325
59.0785,-51.7166
59.6494,-58.0375
46.2913,-62.3365
56.7349,-44.5914
49.7981,-54.1444
57.9129,-51.9088
52.9637,-51.5849
54.4071,-47.5212
58.0393,-46.4065
54.2435,-52.0819
59.9177,-52.0886
57.1354,-52.1906
51.4325,-50.8847
63.4557,-46.8253
58.8331,-62.6360
48.7246,-59.9641
55.7403,-49.7527
60.0302,-45.2204
50.4020,-49.7746
55.1832,-45.8788
52.0853,-53.9478
60.9886,-52.0514
54.4242,-53.2465
55.5413,-60.7436
51.4523,-48.5933
61.7078,-54.1794
51.2466,-54.6258
58.4316,-45.1409
55.4956,-51.0759
59.5308,-53.7599
62.0305,-40.9720
59.6987,-45.8513
43.4394,-50.3044
61.6125,-53.5779
49.8306,-56.2732
44.6740,-54.9016
50.8193,-48.9370
63.9308,-48.8801
48.5678,-44.8429
55.7040,-47.1963
56.0136,-47.6828
56.9763,-59.0014
57.4986,-47.2833
54.2985,-48.6250
51.8073,-52.1494
50.3872,-50.0768
54.6010,-63.3694
52.2746,-51.3007
51.4841,-52.4326
65.4221,-49.8294
55.5655,-65.1048
55.4714,-57.6731
46.8199,-60.0010
60.5846,-50.2517
58.8911,-55.4701
59.6773,-61.0298
52.9462,-55.6634
64.7325,-52.8938
45.8272,-58.9902
56.1158,-48.2586
52.5476,-62.9783
55.2291,-49.0346
57.2900,-51.8425
53.2308,-56.0069
44.9060,-51.0729
63.4513,-53.4975
58.4525,-54.5961
54.3680,-60.1474
61.0170,-54.6257
61.7131,-53.2806
58.5627,-49.7129
52.3762,-52.1510
62.8653,-45.6485
47.8942,-50.7044
59.8522,-45.6586
48.6038,-56.5264
53.1377,-57.3265
60.3331,-38.3563
59.6727,-30.4611
55.4016,-43.5077
52.8557,-51.1336
53.2861,-58.4924
61.4663,-42.8615
45.9696,-50.4083
55.4030,-59.1426
51.4631,-47.5060
56.9716,-50.9002
50.0597,-52.8516
57.4291,-45.0581
59.1084,-46.4332
55.4093,-58.9867
43.2930,-49.2151
47.8058,-58.8606
61.4969,-60.1790
61.6164,-45.1417
53.8046,-63.0286
59.2990,-53.4340
62.7918,-41.9231
54.1953,-55.1310
41.6415,-56.8777
55.9638,-56.2967
52.2296,-47.4742
61.2298,-43.8928
50.2976,-57.8095
47.9718,-49.4917
62.8043,-58.1005
55.3605,-50.0907
56.3404,-55.5720
63.4949,-55.4441
53.5493,-47.9987
59.4581,-49.3242
54.9620,-39.9966
60.3299,-55.2318
52.2425,-52.3709
54.3532,-58.3502
56.1336,-57.7616
61.6943,-51.2955
51.1115,-43.3905
63.2640,-45.5306
63.1204,-46.1238
53.7954,-51.3372
45.4297,-48.7091
62.5248,-47.1524
53.6073,-56.2130
59.3609,-57.8932
50.5828,-47.8786
55.7653,-51.6918
51.6577,-54.5505
52.8020,-45.5863
50.8841,-55.5138
58.5290,-29.9633
54.3148,-42.3096
46.3320,-57.4251
58.1308,-54.3395
60.1360,-50.7661
58.7126,-52.8043
64.7302,-30.0260
54.8317,-50.2697
61.0220,-51.1642
54.0425,-43.8261
53.4781,-58.4351
48.8190,-45.7159
57.2244,-52.6181
50.6369,-59.2698
52.4300,-48.1522
53.7551,-65.2110
54.7774,-48.8752
55.4105,-59.8272
59.2536,-60.5255
59.7536,-47.3431
49.5542,-55.1927
56.7153,-46.6208
59.4791,-46.2910
50.7587,-50.6613
61.4217,-55.9478
58.2943,-58.1971
57.1084,-57.2933
58.1621,-52.7920
63.1603,-34.1742
62.1847,-44.9213
48.1808,-51.8275
61.7721,-60.0219
60.6263,-47.7108
46.5561,-62.5735
56.5341,-53.8190
42.1449,-47.3162
55.1685,-51.7884
54.7202,-49.1288
56.1689,-50.6809
57.7645,-48.5244
52.7848,-60.5584
50.4627,-47.3779
56.6264,-44.2075
67.1884,-52.3145
57.7623,-54.1619
60.2868,-57.1714
61.8334,-48.0273
56.0530,-40.3866
60.6826,-51.7187
50.6307,-59.8614
51.6245,-48.3026
49.3293,-52.7114
61.1037,-49.7085
46.1258,-61.5531
50.0428,-48.4211
61.0739,-55.8234
54.1182,-47.3372
57.8844,-47.4899
64.2274,-44.7497
61.5929,-53.9955
53.4681,-53.4114
48.9882,-43.8271
57.6444,-46.1136
54.4708,-56.7288
56.5897,-50.3864
57.8245,-61.6240
58.7583,-44.2999
46.4030,-53.4380
64.6189,-32.9251
60.1332,-52.8490
58.3346,-45.5484
62.2261,-48.7790
55.3666,-53.2822
55.7852,-56.7241
50.5991,-43.6081
48.1517,-50.7901
52.5286,-51.2339
60.4537,-42.7842
46.6035,-52.3858
62.6270,-52.9864
53.9381,-62.5593
46.9880,-47.3125
51.0352,-58.6922
58.3803,-61.3732
60.6805,-48.3459
57.7946,-46.3577
59.3661,-51.6716
65.6185,-55.5169
56.4764,-59.3206
57.6155,-51.5698
55.9341,-48.8440
52.9887,-45.3620
59.5666,-49.2995
50.9359,-58.5824
53.2842,-44.8520
56.5767,-53.2383
51.1448,-57.1247
55.4729,-53.4803
56.3178,-52.2417
63.7106,-55.4108
51.0354,-54.5427
56.0924,-52.7301
46.9333,-56.6539
56.5321,-53.6824
54.3251,-62.2249
45.4560,-55.1673
59.1989,-48.5146
54.8934,-49.6254
65.0259,-36.7979
63.5936,-49.0359
54.3499,-49.0641
60.8237,-54.8160
58.9273,-44.6990
52.7890,-59.6845
52.4352,-52.8115
50.1288,-48.3372
52.0981,-53.9588
55.9379,-50.4304
49.2805,-47.3966
57.6820,-54.3360
56.3841,-60.8406
51.9022,-53.4420
47.1093,-60.0871
62.8832,-57.3944
62.1460,-51.4868
63.2501,-53.9065
60.3437,-44.7850
54.7255,-53.1673
46.7679,-60.6976
56.3457,-51.1609
50.1301,-55.0502
53.3969,-46.4147
58.8908,-52.9292
49.4412,-60.7197
51.5646,-43.1837
57.5335,-52.6042
59.4935,-51.6368
59.7950,-48.0275
58.1601,-53.6173
61.4812,-51.8621
57.2242,-51.5635
57.2922,-52.8429
45.3415,-50.3296
53.5474,-50.1840
61.8193,-53.4373
54.6773,-55.0681
56.5353,-42.9305
59.1006,-44.2325
64.1465,-36.0777
61.2522,-49.3631
61.2470,-41.0016
58.3794,-58.4458
57.0483,-50.6033
50.2272,-59.2687
52.1250,-50.8293
51.3690,-39.3148
55.0998,-55.0997
52.2478,-50.2474
57.6717,-48.2712
58.1120,-52.5415
49.8564,-60.2676
39.6962,-49.2034
47.4318,-60.7027
56.2096,-54.3798
58.3686,-50.2824
63.6793,-54.8954
62.5680,-29.6183
56.0846,-54.6533
55.8369,-61.8545
50.4780,-57.9310
51.8249,-51.4293
52.9979,-44.5903
60.0003,-48.8951
50.0586,-60.9483
49.1794,-49.5680
53.1873,-53.9735
54.4801,-54.5513
56.6193,-53.8546
56.6071,-58.7053
54.3674,-58.7173
59.5947,-40.9974
56.5657,-38.5057
49.8643,-54.7776
53.0783,-58.4496
52.5967,-58.6073
48.0771,-58.1277
57.8531,-49.5733
56.8843,-47.5094
67.2681,-30.1250
65.5420,-42.9480
54.1784,-47.3733
59.5622,-57.6844
58.6488,-46.1419
44.5201,-55.6231
52.0649,-52.3250
55.2504,-50.0115
57.6640,-52.4952
52.4294,-52.5149
59.7033,-39.8847
59.7779,-59.7963
55.2869,-52.2506
48.1783,-54.8608
50.7801,-60.7178
61.2624,-58.4927
62.6080,-55.0263
60.4159,-53.8775
60.6683,-48.7219
63.5761,-53.9304
51.2462,-61.5447
50.6403,-45.6723
57.2646,-54.2184
49.5908,-50.4967
56.6605,-55.2698
47.5411,-59.5335
53.9292,-46.1836
56.2405,-60.6764
52.5159,-50.1296
51.0699,-53.0771
61.2266,-53.1501
60.8614,-52.7032
46.5016,-57.8376
58.2783,-40.4921
59.6066,-49.1128
49.2948,-61.4955
57.2659,-59.0884
55.4737,-49.2185
56.9053,-46.9540
54.1190,-43.5815
69.3419,-31.7291
57.0209,-54.2449
55.8225,-44.0888
55.3765,-59.5136
58.5548,-50.9046
54.5628,-52.5817
54.0952,-56.9852
50.2972,-36.7766
54.9985,-46.8823
59.1808,-45.4579
56.9155,-46.2689
56.6303,-48.9317
52.1077,-57.1345
51.9468,-45.7102
58.5224,-52.7096
56.8816,-61.7883
62.0538,-53.9040
58.5451,-55.5267
61.2309,-37.6940
51.5557,-47.4688
57.4337,-56.6305
55.3500,-57.1586
59.4687,-50.8817
52.1855,-58.6735
55.4536,-48.7551
53.7518,-53.5079
54.6038,-55.8934
51.7662,-50.5920
52.8870,-43.0619
57.9067,-44.3315
55.3291,-47.2305
54.7885,-48.9117
55.7627,-33.3238
51.4300,-50.5693
44.4226,-61.3663
56.9000,-53.4882
53.3856,-52.5238
62.6159,-50.2974
58.8684,-45.8523
54.2349,-51.2258
68.0720,-35.5946
57.1899,-55.7816
59.5528,-51.3117
64.7825,-51.9118
56.1068,-47.9759
52.2396,-61.1097
65.2446,-49.4337
59.2618,-42.9631
42.0271,-58.8951
61.9953,-49.1051
59.3922,-45.0967
52.7420,-55.7213
50.9428,-52.0718
60.2830,-44.5487
56.1068,-54.9245
57.8312,-54.1022
54.1629,-54.1350
51.4661,-62.1188
54.0343,-54.5237
43.4986,-62.0146
62.4430,-45.4076
56.0171,-51.9582
55.8503,-56.0530
52.9212,-63.1898
57.5166,-50.5286
57.3794,-53.7553
53.6181,-51.3853
55.5417,-55.1574
52.2838,-51.6307
55.7946,-44.2952
53.8225,-53.3250
51.1797,-57.6499
60.7168,-37.3461
56.0514,-45.2169
51.7981,-60.7205
55.6701,-51.6165
61.2871,-52.8383
59.8671,-48.9544
63.8155,-40.8071
52.7000,-49.4448
67.1525,-36.7805
60.7309,-52.2934
56.8984,-49.7347
61.4040,-56.9987
53.1755,-53.5327
53.2758,-52.8996
60.9034,-50.8021
44.5658,-47.2001
56.8681,-51.4646
58.7049,-53.9444
63.9492,-57.0555
53.3491,-57.1104
55.5299,-52.1757
57.1359,-45.2212
53.7519,-59.5278
59.0510,-53.6910
54.4857,-55.4380
61.1141,-53.9845
55.3922,-46.2083
51.5778,-49.5325
62.5415,-41.5524
53.7306,-58.2000
57.9651,-52.5247
54.1418,-61.8426
57.4001,-46.5936
56.7823,-57.9877
54.5195,-52.0569
49.9043,-55.8337
54.1242,-51.8830
58.7266,-42.3868
56.2796,-50.8479
55.9866,-51.9739
51.1549,-50.1085
52.4893,-52.1386
47.0115,-58.2347
61.6563,-53.7415
54.8928,-55.7404
56.4598,-52.3764
57.6429,-41.5090
45.7287,-55.7585
62.6972,-42.2259
54.8101,-54.2102
51.7790,-51.7115
63.2653,-55.1013
52.9493,-51.3756
52.2424,-49.3950
56.8900,-46.6699
55.1615,-41.1618
58.8524,-49.5258
64.0856,-47.8713
56.6919,-49.8860
46.1677,-52.3515
57.4802,-55.0860
61.0417,-42.9510
57.9892,-50.2737
59.5703,-55.6289
58.8834,-48.2554
46.6112,-57.0040
56.9287,-53.1042
55.5576,-46.6591
55.3838,-47.8173
59.4853,-43.7991
58.5911,-50.7573
60.1459,-54.4546
50.0217,-49.6910
56.7097,-54.8098
54.4105,-54.6116
55.0840,-49.8962
59.2278,-51.7113
60.0415,-56.6607
53.5825,-52.4443
56.6843,-51.9079
55.7379,-44.2524
53.8341,-45.5925
44.3330,-54.8934
51.4438,-52.9477
58.5607,-53.1416
60.7472,-41.3419
66.1046,-32.7969
47.4359,-56.4084
55.7955,-46.2940
55.5199,-53.2683
58.4482,-45.5129
59.2179,-48.8390
57.6602,-51.5603
48.9997,-57.6708
55.7196,-44.4825
59.9976,-47.5003
57.2904,-48.5098
61.6452,-47.3070
62.3348,-46.7743
50.3550,-50.6955
58.7467,-54.8642
52.8879,-54.0845
59.9991,-51.5802
59.0053,-58.1848
59.6275,-55.4697
57.0987,-58.1954
56.9350,-54.3199
52.5975,-44.9778
55.9838,-50.4407
46.1987,-59.1369
55.2555,-44.6308
53.5430,-59.7322
65.0111,-45.1428
55.9679,-52.5420
55.1034,-53.4034
55.0989,-52.2094
55.0338,-45.2783
62.7116,-43.7513
55.1495,-51.6239
58.6192,-57.6541
53.8283,-50.1482
47.9941,-41.5701
48.1005,-50.8222
57.4311,-47.5868
47.9881,-62.9617
56.4348,-53.4768
59.5653,-52.0046
48.9078,-57.7797
65.1770,-39.2757
65.2654,-50.4317
56.8070,-51.0554
64.7287,-52.4973
54.7398,-46.4589
43.8721,-62.3666
59.5160,-52.5883
49.6500,-39.4234
61.5682,-43.5962
56.8476,-48.6208
56.2056,-48.4727
54.8197,-47.2413
51.5747,-49.5897
50.7369,-43.3966
50.2369,-58.0698
54.8947,-59.4540
65.2006,-48.1975
51.4758,-62.4240
58.7375,-47.5276
53.3541,-42.4736
50.8611,-44.0363
55.6855,-61.7994
45.2362,-56.8010
48.5627,-50.4601
53.7930,-51.9843
58.3573,-50.0057
57.5949,-44.6869
50.1019,-50.5859
47.0594,-49.6927
54.7745,-37.2481
49.5870,-58.6078
51.9616,-48.8232
52.9324,-60.0057
47.1888,-35.9483
64.5459,-40.9763
58.8714,-50.1916
40.2594,-54.2389
51.8348,-56.6485
55.3802,-55.5137
49.1839,-57.8276
58.1312,-49.4804
66.9887,-56.3935
57.6648,-45.8874
61.7547,-53.7400
60.3566,-37.9512
58.1854,-55.4098
52.0531,-52.5392
37.6656,-44.0640
57.9902,-49.0092
52.4311,-51.5357
64.6750,-50.1685
59.8955,-48.0900
52.6702,-49.3569
42.8672,-50.6008
54.5801,-51.6972
60.6562,-55.6209
58.5603,-49.4975
49.7502,-61.8042
58.1430,-56.6011
57.2949,-41.4372
54.1388,-49.2651
56.4041,-51.2968
54.8173,-44.2143
53.4624,-50.7497
65.4425,-48.6686
50.4756,-54.9561
48.9485,-42.8675
52.1591,-51.9125
54.3497,-51.1875
62.0126,-52.8622
54.0429,-56.0022
54.2557,-51.6220
57.7037,-41.1576
54.1264,-44.8189
44.8779,-57.7004
60.8968,-55.3746
48.7485,-59.1432
53.0526,-49.3861
57.2098,-48.7835
50.2238,-61.0830
60.6232,-40.2450
57.7557,-57.7776
56.3759,-49.0936
66.3462,-51.4924
59.5586,-53.8963
58.8786,-56.6609
56.6436,-41.8846
45.6831,-52.5621
69.5273,-44.7919
60.1107,-50.8035
47.2115,-53.8952
54.3800,-44.8384
57.3820,-61.5039
47.5213,-50.3265
58.9556,-55.7025
57.2747,-57.6771
57.5563,-42.8619
54.2440,-52.4387
54.4528,-58.0889
51.1907,-55.9042
55.2509,-51.4085
55.9671,-44.5242
55.8521,-44.8137
48.4010,-51.4495
60.8001,-34.1910
58.4038,-50.3867
56.2119,-54.7095
50.8750,-54.5570
56.6581,-49.4664
62.6871,-49.6830
54.4732,-53.9366
58.6129,-55.9646
62.4465,-37.0948
57.8624,-54.2443
43.8508,-58.7849
54.9702,-49.3696
53.1707,-45.4383
55.5714,-47.9663
56.4594,-44.8651
51.3230,-52.6118
52.9554,-54.9236
46.0832,-52.9351
56.5783,-52.6775
59.6364,-43.6976
61.2342,-49.5796
60.7342,-51.8112
53.5901,-46.1906
59.9719,-55.4055
51.8503,-50.5107
63.2729,-52.8137
53.3614,-37.4547
56.5567,-44.5491
53.8897,-57.1436
54.1836,-60.3249
58.5594,-47.6233
53.3279,-49.0242
54.8962,-53.0350
56.8144,-48.0433
