21.7261,3.6597
57.6988,48.0205
14.9944,19.4656
38.1907,45.6163
44.9370,27.3022
13.9446,14.8153
6.3180,4.9801
32.0053,28.1741
38.4165,42.0399
24.0725,29.9181
24.5854,38.4233
38.6206,29.7780
46.0813,33.1199
33.0142,28.2524
33.7978,39.3118
48.2030,30.6886
14.6482,10.0710
11.8948,21.5898
3.4278,5.9408
27.0927,14.1330
25.9982,25.4389
-4.9131,-10.9478
-32.1542,-16.9569
49.5036,46.5662
31.7130,47.6834
19.0698,17.8787
21.8070,-3.0920
29.1480,36.6382
26.4480,18.6039
33.1520,22.8871
32.3672,36.3818
24.7697,29.8285
31.5840,28.4462
23.9004,17.2206
48.4119,18.1125
-4.0143,3.5545
49.3288,51.1351
20.7188,13.3847
37.7071,21.6048
27.1767,27.7854
36.8931,31.5001
29.6148,36.4617
10.2522,18.1014
12.2511,-1.9945
19.1059,25.8376
-11.2900,-15.7898
35.8696,32.7572
4.5223,12.8865
-1.5838,8.7119
24.9291,14.1205
40.5517,28.1390
35.7020,23.6922
38.1991,36.9256
32.5715,20.8903
40.5850,36.5455
-6.1127,2.2919
12.2028,9.2149
-10.6757,-7.9510
22.5946,13.5397
24.8568,30.5810
28.6993,23.5548
29.4289,26.2705
17.9409,23.3298
9.2620,22.2893
53.1600,47.0420
31.9634,18.6463
36.7628,31.0015
35.4765,35.5938
41.4930,38.4734
30.2685,13.4722
17.8325,7.5305
34.6088,28.0779
49.1284,41.7361
14.6850,15.1946
26.4141,34.5984
-4.8474,1.8639
-17.3497,-3.4506
9.1426,-3.6721
34.2677,15.9245
25.1097,40.4819
20.9108,18.9845
54.2795,50.5033
14.6913,19.7375
-12.0821,-20.6371
38.3155,42.2220
45.1513,50.0133
41.6147,30.3409
32.4934,33.0711
20.7911,27.8169
23.7781,23.3571
32.3734,42.7827
14.2769,17.7231
54.3781,39.5193
51.9757,49.1175
51.2338,47.3234
6.5690,7.5321
39.7178,44.0137
29.1335,31.6509
25.3254,19.3923
24.9058,25.4047
27.1342,28.2630
11.2752,17.4673
44.3054,44.4050
60.8073,49.5671
54.6196,55.1876
57.0488,61.3500
49.0424,56.3183
29.1407,35.4901
34.7718,17.5822
28.0266,23.5839
41.1889,33.4354
11.8130,5.4437
2.1898,-23.2836
25.2209,29.6541
35.7585,29.0386
15.6861,20.3334
26.3916,14.2976
30.8258,19.8888
8.0544,8.1103
9.4655,13.8125
33.3670,27.0952
55.7575,31.3287
12.5848,18.3488
-7.3919,1.0510
-16.9826,-15.6812
-17.9752,-6.9063
-25.3957,-23.1778
-9.7853,-8.6105
-19.1094,-16.5029
-19.2517,-14.1359
-26.5271,-25.5279
17.7239,20.6501
25.2681,30.2689
36.7431,37.9636
37.9315,34.1364
34.6341,26.9671
6.0266,6.0809
-25.5111,-20.7305
21.8921,38.6134
35.4349,28.8206
30.6516,22.1347
29.2839,31.6023
22.1722,23.5219
35.0758,28.5492
27.6073,19.4992
26.6764,13.0708
39.8862,25.3281
-8.2359,3.4236
25.1086,16.4904
43.8042,39.2879
37.0878,37.9329
42.6749,31.4322
48.5581,37.9158
-23.8090,-18.1391
42.8068,27.4776
22.3018,21.9182
21.5310,36.0138
33.8189,28.9729
38.3211,39.3133
17.1610,41.0995
49.4459,38.0983
43.9713,49.9245
54.4297,59.9930
59.1569,53.2384
66.3847,45.7998
29.2197,25.8527
51.1006,47.5020
29.9412,35.3578
22.8562,26.6458
-18.7763,1.7943
20.8269,18.5330
24.7318,30.6530
22.0109,7.1483
-14.6332,-19.5056
4.0447,-14.5524
37.4642,24.0789
13.4949,4.6471
17.6763,28.5906
29.4655,24.2972
16.1267,22.4273
31.6465,22.8744
-18.3735,-21.5457
-21.8760,-16.6760
73.0877,52.4326
55.9559,70.4356
61.8475,64.5415
10.4309,-4.6280
37.5903,40.2016
15.3138,5.2092
31.4535,30.4390
17.3029,23.5848
-8.1789,-12.8038
13.1992,0.6869
27.9157,39.5515
1.3269,-7.0593
-23.4378,-29.4502
26.8295,23.0964
42.5593,32.8102
51.0969,44.5372
11.8821,19.6490
21.9168,22.6298
-26.4087,-13.5356
-7.0369,-21.3346
7.5985,13.2207
-16.2097,-10.7234
24.5596,26.0516
15.9944,29.5265
32.1345,29.5667
17.7550,35.4541
15.5260,19.7729
31.2976,17.5529
0.1052,16.3841
22.6036,26.3473
15.5894,18.9276
26.3715,23.0052
23.4228,20.9944
-2.9688,-15.7334
31.2853,41.2732
54.8090,48.8252
3.5989,10.1606
48.1152,38.3140
57.0745,36.1514
4.8043,0.8686
3.8876,14.6478
25.4967,30.6985
19.5074,27.8268
22.6263,14.8823
14.9857,13.7547
26.8666,35.1664
28.3391,12.9347
49.7017,68.0477
56.9773,45.1468
47.0607,44.9329
27.2255,26.1998
42.6011,20.7449
27.9411,28.2816
31.6688,52.9931
37.2169,40.1063
7.2418,29.8170
20.1455,28.1151
-7.3038,-22.2186
8.6182,9.3959
-25.1173,-32.0354
-30.2391,-30.9074
21.7657,37.1812
59.6556,48.7919
10.6750,17.2805
29.9524,29.8506
-12.9148,2.2107
10.0752,8.3498
31.3742,18.9861
30.5258,28.7438
62.2064,54.2624
38.3055,27.2057
40.9968,32.3393
32.9320,30.4364
16.1056,2.8734
24.9120,32.3241
33.4477,37.2472
17.6724,7.7420
30.2276,31.0521
48.7383,35.7155
16.7058,19.1408
-31.4520,-16.8270
16.5515,32.6189
39.1993,35.7658
14.8281,24.3649
11.9484,15.6323
42.8437,34.7803
28.3073,21.9532
34.1867,31.3185
32.6963,26.3718
40.5647,41.6728
27.6257,22.4572
26.9315,30.2122
33.8804,45.7399
51.7217,51.2771
62.9729,56.4399
29.1020,26.0278
22.7432,35.8749
28.6725,29.0554
35.4548,39.4375
-14.2686,-26.9003
-7.2059,-21.6269
-25.5278,-22.2699
-19.9522,-20.6643
-8.2464,3.6550
-6.6324,0.9859
16.6698,14.2372
22.3920,22.1401
-11.3307,-19.9922
5.2692,7.1276
47.7380,59.1113
64.1339,58.9186
48.2463,59.7489
59.6660,56.6431
47.3390,54.3696
41.5348,49.9967
50.3764,55.2244
21.8938,21.3632
35.4005,29.3010
26.8690,30.0433
17.8077,18.5625
62.6985,55.0668
19.7874,9.1698
33.9544,12.2234
28.0670,18.0912
30.7640,16.4688
-13.2196,-11.2334
-21.4395,-35.9900
-37.9624,-40.7940
-18.4136,-18.8809
-15.1956,-28.8767
-8.3626,-5.2146
-6.6941,-17.2220
-20.2794,-25.6896
-49.0823,-44.2930
-29.3373,-48.2691
-25.1547,-45.0549
-2.4995,-4.9660
5.3649,-0.0945
34.0464,30.4951
45.9548,33.1470
41.2148,44.9483
16.9991,32.2185
52.5328,42.2552
-13.9589,-19.4812
-11.8545,-15.4788
-6.0405,-12.4550
-38.4402,-41.6487
-7.8745,1.8391
-5.5576,4.6014
44.4318,45.8443
58.0113,50.7835
40.0002,59.5347
41.7428,44.0658
30.1078,37.9149
25.5952,29.0462
32.1278,16.3540
30.7903,19.4823
35.6072,34.1542
38.2490,36.2468
34.6971,17.5694
-9.9975,-10.9583
57.6521,-54.5099
50.2825,-53.7644
46.0381,-53.2465
51.8916,-52.5637
49.2976,-50.9269
55.9813,-47.1263
50.6157,-51.9584
57.4246,-53.7266
53.6186,-55.6393
50.8657,-46.8944
52.8927,-50.9089
59.3666,-46.1754
55.8617,-55.2656
59.5930,-48.2972
53.0919,-54.1396
59.8583,-40.5460
55.2766,-46.5946
47.6019,-59.7962
58.9855,-50.8280
45.9330,-50.8355
47.1611,-50.0004
52.6488,-55.2699
51.8549,-57.8583
51.4611,-57.4865
55.2208,-43.4859
50.5019,-49.6256
56.5564,-41.6775
55.1079,-52.8969
40.8534,-63.6377
57.9933,-62.0526
52.3498,-51.3053
49.1447,-58.2601
58.6544,-54.5636
50.7998,-52.2750
49.3552,-50.3308
52.0525,-61.2543
54.3025,-36.9463
48.0567,-49.3242
55.3207,-42.3467
57.6485,-46.9063
56.3298,-57.3971
52.3218,-49.8927
50.8373,-35.8819
61.6509,-57.3388
56.9130,-43.8632
54.9823,-49.6947
56.7143,-59.3000
34.4086,-65.8031
46.7713,-46.1838
55.9028,-57.2250
52.1135,-52.0820
50.6781,-52.4426
50.1451,-59.7711
37.2383,-49.7453
50.1104,-58.7908
52.2070,-67.3445
47.6892,-59.8861
49.2214,-54.4629
56.2245,-55.7283
54.0903,-47.2174
63.5705,-59.3831
42.5863,-48.4129
47.6118,-57.2297
51.9488,-45.0722
45.4759,-54.1355
53.6123,-44.4521
47.5558,-43.7718
35.4298,-52.7670
59.2776,-44.0070
48.5326,-46.5529
58.2456,-46.6566
54.3219,-52.1775
57.9473,-47.9310
46.7807,-51.3871
56.6355,-51.9608
60.0197,-49.4392
62.9264,-45.5672
44.9965,-59.0603
56.5608,-51.8569
60.6404,-47.6005
56.3322,-42.1560
51.9071,-36.0181
47.8248,-50.5310
54.8701,-50.8456
47.6729,-52.7071
55.0788,-52.8762
53.8980,-57.8819
47.1849,-60.2844
43.6880,-50.2335
52.9028,-55.5880
54.6216,-55.8579
46.9727,-56.1220
53.4304,-53.0572
58.2690,-41.7855
54.0566,-57.4801
56.7325,-61.5016
56.2683,-50.7146
52.9758,-51.9887
52.0507,-54.1500
47.3178,-56.5280
60.1080,-61.0174
46.5566,-47.3816
49.5050,-48.4219
44.0724,-59.3229
50.1869,-58.4215
43.9716,-42.2021
46.3181,-61.6443
42.4238,-54.4208
59.8356,-53.6321
48.1142,-58.2297
53.3880,-53.5032
51.1850,-44.7507
60.1986,-55.9363
49.2393,-51.9731
51.4226,-56.9419
59.5759,-50.8541
58.2518,-52.8413
49.9904,-51.1073
56.7650,-44.9357
54.3711,-56.9757
57.1984,-55.6530
58.2432,-59.6666
50.2222,-52.4536
49.7095,-58.8773
57.5724,-57.3644
52.7529,-51.4937
59.1492,-50.6997
56.6169,-46.8822
47.6872,-48.0011
52.4051,-53.4304
55.6228,-51.4194
58.0399,-48.5649
53.0458,-49.5844
57.8868,-49.6472
58.5692,-55.1987
58.4441,-53.4917
57.2434,-61.3564
53.7901,-51.4151
55.9574,-56.0165
46.5616,-54.1012
54.7386,-53.0579
46.3271,-57.6518
54.4879,-53.4494
53.9326,-56.5066
51.5170,-51.9842
47.3455,-45.4604
56.9046,-60.9574
56.6377,-54.3583
47.2829,-62.1501
55.5384,-53.7572
45.3499,-55.2938
45.2091,-57.2396
52.7779,-66.2092
49.3971,-52.9300
50.5111,-52.2309
51.3022,-49.9674
52.6663,-60.2372
55.9496,-49.7164
55.8360,-58.6441
37.3004,-63.0807
52.2439,-47.4470
54.6463,-46.2712
52.2600,-57.7095
54.3999,-52.6910
49.5237,-52.4328
53.2009,-49.5844
50.9614,-45.6762
56.7076,-28.8313
44.5963,-46.3151
59.5474,-41.5185
55.0864,-56.7535
55.6127,-52.2938
49.9380,-54.9747
50.5829,-54.7197
53.9606,-64.0287
54.6384,-43.4167
49.0560,-58.7554
42.3021,-58.1224
62.3609,-42.4937
54.8950,-49.9396
52.9593,-43.0573
56.3818,-55.0690
45.2569,-54.4838
52.3845,-59.4714
54.2690,-50.9546
56.8787,-55.6264
57.0471,-54.5597
61.3721,-56.2058
51.4106,-53.8309
57.0026,-48.5325
50.8899,-50.2717
51.3294,-58.6688
44.7543,-63.3750
59.6250,-52.1314
49.9463,-49.0864
56.7171,-53.2829
61.0151,-49.0165
58.8777,-51.2431
55.3230,-56.7051
47.5267,-58.0946
53.4922,-48.7571
56.1000,-60.0991
60.8218,-46.4527
50.1094,-59.0998
57.2126,-48.1612
53.4265,-47.0953
53.2891,-57.3553
47.7877,-51.8347
48.1889,-44.0143
55.3572,-44.1439
55.1756,-56.8280
49.9646,-55.1602
42.4660,-58.1451
48.0292,-53.0391
46.6719,-52.6642
63.5424,-40.5081
50.2257,-64.0554
52.8944,-62.0888
59.8106,-53.3757
52.4709,-53.0720
52.9520,-55.8886
52.7195,-57.9267
42.4325,-53.5877
57.2602,-54.0584
49.9262,-55.3045
55.8513,-53.7305
54.6748,-47.9426
56.2218,-57.6546
43.4706,-60.5867
58.6246,-50.5793
41.6555,-61.3284
54.8773,-58.1608
44.8999,-58.8634
50.0823,-57.5037
40.9112,-54.3516
51.2083,-48.6505
52.0111,-52.6999
54.7120,-49.7112
55.7394,-56.0026
43.8351,-54.9210
54.7363,-46.8529
56.0418,-56.1399
52.1906,-62.1264
45.9219,-52.7680
53.8832,-44.2506
54.1099,-43.9352
49.2169,-53.5321
54.8316,-54.9494
48.9450,-46.2091
54.0898,-39.8836
51.6004,-58.8163
50.4239,-55.7147
56.2434,-54.8348
55.6403,-54.3319
60.0058,-54.9735
51.9873,-43.3419
48.9775,-55.2080
56.1818,-56.6151
51.9932,-51.7578
50.5031,-47.7233
45.5842,-47.5692
57.6399,-52.2680
52.2759,-44.6311
55.5878,-54.8532
47.5059,-47.9771
50.8130,-55.1203
47.6939,-58.7178
61.6103,-51.9498
39.0883,-63.0933
64.9048,-53.3462
45.7380,-57.7899
42.4720,-62.4249
45.7727,-60.5358
51.5077,-56.3495
42.2605,-62.9843
55.1636,-50.1872
44.5183,-49.5535
58.2341,-54.4676
53.8884,-60.3187
52.6504,-53.0653
53.9209,-56.8093
49.8454,-55.4947
53.9665,-55.0024
47.5312,-48.7666
44.0806,-49.2106
60.6562,-48.7918
54.6020,-49.5910
53.9012,-54.4181
53.8849,-60.0079
48.9497,-50.1053
46.2522,-57.8308
48.8336,-56.0634
56.7704,-59.1744
61.8436,-45.5651
55.2759,-55.9975
47.9086,-54.6496
52.2693,-46.5896
49.6442,-60.5515
47.6050,-49.4858
54.4690,-50.4295
39.4223,-54.9576
54.2942,-57.4928
56.7871,-56.2818
50.5361,-55.4939
46.5458,-60.0657
56.1018,-53.7249
49.1726,-55.6238
61.1784,-51.1872
33.7227,-59.0072
52.8037,-57.7084
44.2913,-56.7698
47.3920,-57.2406
51.9188,-53.8756
47.7220,-56.1720
55.1866,-56.5768
56.3389,-49.9624
48.2930,-52.1185
58.1901,-54.5876
56.6648,-52.1093
53.1665,-52.2398
53.0572,-59.3272
56.6936,-44.4974
51.4322,-54.8399
51.8697,-51.6988
49.8849,-54.1928
56.4619,-41.5176
48.7822,-59.2069
52.8567,-57.5527
53.7585,-61.6315
46.9163,-55.6453
61.2180,-55.3816
58.4572,-44.1032
51.7130,-64.6854
51.6203,-53.8076
52.0960,-55.2958
60.9756,-40.4920
56.4228,-42.3488
54.1945,-54.8105
58.7717,-46.0579
47.8566,-48.8488
40.9870,-54.6227
55.7719,-55.6922
60.9457,-52.8255
59.4391,-42.8507
58.3081,-55.2294
47.8291,-59.0137
54.5010,-53.6598
63.3765,-51.1813
28.3418,-60.9372
56.9739,-56.3876
42.9525,-57.6828
46.6043,-48.3572
50.4286,-55.6185
54.7420,-52.1117
39.4630,-61.4482
43.0317,-53.7779
50.2412,-54.3635
52.8643,-58.9586
54.8971,-51.8162
46.4661,-55.2975
56.4502,-56.6212
56.1642,-54.5911
57.3137,-42.6712
50.7243,-57.0720
44.6068,-55.3337
49.7140,-49.0446
47.8380,-56.3858
58.6073,-61.9316
52.7689,-57.7401
46.2633,-57.1349
47.9799,-51.6929
47.2371,-60.0241
56.1363,-53.2035
53.9259,-55.9845
66.9066,-50.7819
55.3202,-54.2680
58.2554,-49.8911
54.1195,-50.9137
53.9234,-50.7862
52.1693,-47.6180
43.0824,-57.6012
53.2123,-56.0764
64.3459,-57.0506
57.5118,-47.5267
53.8657,-59.3720
53.7398,-56.4260
47.1846,-57.9535
66.4515,-48.3122
47.3395,-52.9353
58.8835,-58.6445
46.1252,-58.8194
50.4343,-52.1195
54.4403,-59.5922
55.6729,-55.5830
41.3936,-61.3993
46.9002,-47.9728
47.3070,-49.1367
57.4601,-54.5271
54.6962,-57.6940
55.1257,-54.0646
53.5583,-62.0442
54.5413,-48.8738
51.2778,-54.4371
54.1314,-55.9313
60.1902,-54.2843
57.1646,-50.2860
56.2875,-63.1631
51.6245,-59.2859
47.2247,-53.5010
48.8827,-58.2869
60.6929,-47.0628
52.7884,-43.5230
50.7819,-59.8971
51.4789,-50.0150
57.0877,-59.1771
49.2099,-51.8392
52.8905,-59.6212
54.6873,-54.2297
49.6718,-58.5513
44.7894,-57.2256
57.7676,-63.3663
44.7737,-51.6064
47.4785,-56.5893
59.3984,-49.3260
53.6770,-61.6402
48.4009,-40.9104
61.9243,-51.3411
41.2585,-52.5109
58.8300,-50.8397
46.2928,-51.7157
56.2069,-53.6864
47.0186,-59.3610
48.5769,-53.0155
53.0438,-49.3684
56.0307,-45.7126
51.2646,-61.3724
50.1741,-50.7119
45.1932,-56.2744
53.9992,-48.9801
43.2902,-53.9006
57.3028,-53.8610
47.8044,-63.9835
52.2647,-50.1058
53.7801,-55.6930
61.4080,-50.0444
52.6527,-58.4881
59.0775,-56.2169
60.2208,-52.5513
48.9349,-47.0953
50.1067,-56.9264
45.9368,-51.5626
51.1278,-52.3246
50.9682,-54.7165
55.3341,-58.6563
45.6317,-56.6355
59.4092,-48.9854
56.6377,-52.9083
52.6323,-60.7852
60.7201,-43.5645
47.5195,-45.8054
46.0993,-51.2803
46.0314,-62.3283
50.4365,-54.5832
53.1807,-56.6470
50.5258,-45.3218
50.3161,-55.7138
54.6236,-53.2289
66.6287,-53.7194
38.5452,-62.5831
58.0078,-54.9427
34.2647,-65.1586
50.7301,-62.7870
44.8959,-55.6072
46.2327,-59.7264
54.0887,-57.3209
52.9695,-55.0002
47.8695,-57.4404
53.0148,-50.6704
53.3263,-65.1649
46.4405,-53.7175
52.7772,-46.5711
50.8260,-59.4848
52.5329,-61.0555
52.9899,-43.0175
56.0753,-47.2972
54.7366,-48.5064
48.2509,-47.1130
61.4876,-43.2905
49.1993,-40.7120
52.6894,-51.9422
60.5596,-47.9726
46.4861,-58.2408
56.6439,-50.5539
54.9424,-52.7565
55.7494,-56.3413
62.7921,-37.9357
54.1774,-59.3313
57.6992,-49.3324
63.9331,-50.4253
50.2392,-45.8396
50.3993,-54.6763
53.9265,-60.2538
42.2400,-52.2888
58.5943,-57.1275
45.0109,-45.8720
52.5619,-56.3319
64.6941,-44.3614
59.8921,-58.0616
51.9708,-55.3658
57.7265,-46.3310
40.2567,-57.1402
51.1205,-60.7880
46.5917,-62.3398
59.7742,-52.7400
45.2231,-51.4025
61.7780,-52.7136
50.4260,-61.3345
58.1377,-51.2391
55.9889,-64.5539
43.1891,-58.9449
54.4105,-55.4741
57.0239,-56.8150
52.0721,-56.7563
55.7870,-50.0839
51.0362,-50.9992
49.2330,-50.4108
56.9217,-49.8849
62.2927,-52.1976
50.8201,-58.4253
52.3860,-52.4510
52.1775,-54.0519
52.4280,-54.1694
54.9519,-51.7380
56.4699,-44.9428
62.0637,-60.1447
58.3148,-43.4126
52.2284,-53.6441
59.3757,-54.8666
55.9213,-47.5135
45.7298,-52.6104
40.1751,-56.8460
49.5846,-55.4689
58.2283,-45.6640
54.2591,-47.5944
47.0293,-59.9141
55.4216,-55.0130
50.5539,-51.2237
64.3644,-51.5639
36.2220,-61.4237
55.5478,-60.9414
52.1490,-55.0041
55.0836,-54.1456
47.2226,-53.6952
53.1350,-56.2290
50.8052,-59.1664
46.5508,-55.3619
48.7646,-48.1525
55.6253,-45.9324
52.8948,-67.4362
53.6178,-57.6453
52.0801,-53.9615
45.5338,-50.3411
49.1584,-56.0781
57.2833,-48.2205
46.8978,-44.2671
60.4789,-49.8637
63.1972,-40.8868
58.1648,-48.6133
52.6512,-58.3025
50.6503,-47.5439
44.3401,-63.1716
53.4200,-50.3149
56.5974,-54.2471
56.5639,-51.6624
56.3089,-58.8804
57.3574,-51.9509
48.3146,-57.3338
54.8828,-47.8331
56.5279,-43.3939
53.8400,-44.3526
46.0486,-42.3846
57.0769,-60.3743
50.1764,-43.5187
54.9624,-52.7889
46.1698,-48.2300
48.3601,-55.5184
61.3439,-40.9908
63.3218,-52.6105
41.1966,-61.7616
48.7175,-53.2717
45.6491,-58.3578
52.0484,-56.2050
46.4602,-58.5967
52.4035,-59.6571
52.3627,-55.9240
53.3898,-49.4506
48.0044,-50.9862
60.7230,-64.0911
60.0339,-54.0362
53.9624,-57.0427
50.9925,-55.3490
51.0906,-45.6896
52.6723,-55.6944
47.7366,-48.7767
47.1172,-52.8900
57.0695,-49.0037
46.2698,-53.9936
57.1639,-45.4283
50.0797,-48.4736
52.1177,-55.0764
53.7293,-49.6700
50.7714,-64.2709
53.0612,-53.6927
48.3597,-55.3841
62.9283,-59.7618
55.3045,-41.5658
52.8864,-55.7347
52.2123,-53.2180
54.9742,-52.5444
52.1175,-45.7811
46.2693,-49.0668
52.7465,-60.2291
54.4928,-49.3808
54.4391,-53.4171
47.8263,-56.4485
56.2943,-57.5294
55.4483,-46.5293
65.8809,-53.9368
42.2427,-66.5847
56.0273,-52.9649
48.0817,-57.0004
51.3758,-56.1718
43.3680,-59.8328
50.8075,-55.4461
43.3301,-63.0167
44.9257,-49.8494
54.1610,-40.9387
57.2660,-50.0536
55.4733,-63.0260
44.7429,-56.7539
56.1151,-45.5976
51.3878,-59.2709
53.1362,-55.9779
53.9051,-56.8274
49.8936,-44.8417
56.5742,-45.0607
48.5018,-50.2661
58.2776,-51.6799
48.5618,-44.2000
58.9302,-48.1331
48.9275,-62.9939
50.8377,-55.6582
53.9165,-47.0399
54.8779,-53.8997
55.2821,-54.5833
53.9706,-40.6025
49.7128,-58.3661
57.2192,-55.3377
62.0728,-42.8672
53.8635,-41.4197
53.5676,-49.0588
53.5699,-54.9695
52.7879,-48.1888
45.7885,-54.7919
35.0858,-61.9846
52.7448,-56.8941
60.3362,-45.8927
69.3702,-49.3434
33.4190,-63.8488
59.0379,-53.3865
35.3190,-58.8564
64.7466,-46.8614
47.5116,-53.7142
56.2100,-51.4562
41.0253,-64.9929
52.0965,-49.5425
55.0480,-42.7952
57.4612,-47.9936
53.3843,-62.5248
48.7130,-45.3749
54.4933,-52.8789
47.8451,-67.2614
49.2567,-56.9156
55.3292,-48.6447
53.4874,-41.6073
57.3575,-49.0547
46.5144,-49.5028
50.5931,-44.2317
56.3747,-45.8455
52.5219,-50.6013
61.6130,-50.7095
44.4420,-57.8085
55.4893,-48.6377
60.3967,-51.9828
57.3165,-56.1502
42.4614,-53.0892
52.9054,-49.3006
48.1613,-59.0602
52.2184,-45.1518
59.2240,-47.2849
43.1274,-53.6458
56.5571,-49.3710
59.0653,-54.8377
42.1913,-48.5864
48.9341,-51.5195
57.6760,-55.7298
47.5865,-34.7672
56.5066,-49.1103
49.9472,-56.9875
55.4270,-54.9169
48.2265,-54.3504
51.1879,-53.5811
43.1255,-52.5783
54.0085,-56.2365
57.6789,-46.2980
60.5191,-48.2362
51.0115,-46.5566
60.2118,-50.4054
59.8738,-54.7700
47.9386,-62.6759
54.5727,-56.1666
53.4532,-59.5785
43.7009,-56.1174
49.9680,-48.3783
53.4779,-58.4155
46.9418,-54.2672
53.1422,-64.5648
49.1189,-54.7420
54.3391,-47.5214
54.6354,-54.3984
57.9207,-61.0819
53.2576,-42.9474
55.2355,-55.8570
53.3010,-50.4824
45.2495,-54.4255
57.2238,-56.6008
50.4183,-54.8360
57.7089,-48.3731
51.3714,-54.4403
50.9834,-53.7014
54.1555,-59.3088
43.3131,-57.7741
39.6801,-58.2071
43.6586,-54.7963
38.8968,-58.8294
56.6202,-56.8853
48.2271,-54.6647
53.4034,-49.1782
48.6142,-56.4337
53.6632,-58.2570
48.0360,-56.5285
52.1153,-53.3533
44.8674,-56.5226
51.8174,-55.3952
51.3457,-59.2028
61.5799,-47.5033
59.7611,-43.9195
51.0334,-45.3197
62.2089,-49.2440
52.8982,-55.2902
48.7704,-65.9930
49.7021,-57.0617
53.7452,-52.6997
48.9519,-48.4204
48.9075,-58.0026
47.8672,-52.3635
47.8734,-56.7370
53.1071,-52.4445
59.5555,-55.0834
52.9426,-49.5455
55.9556,-47.5058
49.3963,-48.0324
61.5062,-50.5189
50.9311,-54.4681
51.8508,-53.6513
60.4786,-49.8320
49.1070,-53.6140
53.9689,-50.1176
59.3339,-44.7247
51.2235,-47.2849
42.3669,-57.0844
57.3807,-54.4432
57.0658,-53.9624
53.1871,-44.6979
44.7776,-61.0670
49.9133,-55.3692
64.3233,-37.7976
65.2816,-49.1468
40.3112,-61.9174
54.3670,-53.2878
49.1498,-59.3639
53.1577,-57.2734
45.3061,-56.7170
50.9261,-57.6224
43.5551,-63.1534
48.1453,-52.9475
51.3039,-63.1232
57.6269,-52.3285
56.4517,-56.1441
50.2857,-51.9810
49.1383,-57.5894
49.0645,-54.2206
48.4017,-55.5989
52.5968,-48.7210
47.3980,-52.3218
50.9027,-51.2210
43.0130,-63.3791
54.0907,-55.3263
49.0874,-49.8916
50.1413,-44.4899
56.9010,-57.4536
57.9349,-49.8548
45.2841,-55.6498
52.1372,-56.1802
51.8192,-51.5779
57.7431,-46.5066
49.7900,-53.2397
58.4953,-54.0130
55.5544,-50.5682
47.4263,-47.4526
52.3252,-56.4607
56.2303,-56.4853
52.6333,-50.2541
60.5912,-56.5309
48.6553,-52.5972
49.7456,-55.5258
56.1942,-53.3134
64.9401,-52.2967
38.7246,-61.7561
58.6793,-61.3750
44.4511,-58.0721
42.5737,-56.2790
52.1412,-53.6600
53.3169,-52.8282
55.6408,-56.0230
47.8957,-52.8639
52.8235,-54.1227
55.9901,-53.5213
58.3323,-58.1148
47.8742,-55.9151
60.6515,-55.6335
52.9114,-64.3344
50.4776,-49.9950
57.4827,-60.5209
60.8505,-46.4470
50.2296,-45.7420
58.8106,-60.9903
52.8993,-56.3279
47.5926,-52.2515
49.9738,-57.1138
54.5929,-57.4218
59.3337,-42.6353
49.9703,-57.0175
59.1455,-46.2049
66.6513,-49.9335
51.5083,-50.5866
53.7553,-53.1615
52.4764,-51.9432
56.9725,-50.6588
51.4219,-51.1449
56.4543,-51.9185
51.5742,-56.0791
57.0909,-50.8342
61.2197,-47.1751
55.5716,-47.8755
48.4337,-50.9474
54.8754,-59.6304
56.9039,-52.9630
44.0749,-57.3979
60.8864,-54.7825
52.7690,-54.7242
55.7836,-50.0918
52.7652,-55.9308
50.1053,-51.8674
57.0609,-58.4875
51.5012,-46.3693
55.8799,-51.3505
49.7569,-61.5546
53.6559,-50.4625
50.0600,-54.5831
48.2449,-54.2802
50.2780,-55.6393
52.0926,-53.0525
53.7029,-50.6530
42.2234,-59.7918
45.9669,-59.0940
55.1105,-56.2181
51.6862,-59.6715
49.6861,-51.9796
50.3552,-51.8630
54.3969,-58.3075
49.8558,-52.1327
51.4404,-58.6840
57.6027,-55.0944
48.5312,-59.5435
59.5482,-51.7624
58.5418,-52.2200
45.0300,-57.1835
57.2154,-54.4091
47.6255,-54.5084
54.7795,-52.7807
46.8916,-57.5572
49.7419,-48.7597
56.2074,-47.7453
51.3872,-53.2251
42.9859,-47.9925
51.6580,-46.2833
57.1772,-51.2326
43.9860,-61.1809
58.1744,-59.9208
46.9205,-62.3054
52.0049,-58.3616
53.2738,-52.7825
47.5557,-52.4428
51.5433,-62.4399
48.6151,-52.2215
57.1423,-50.6706
56.7986,-49.0647
54.3219,-44.9681
46.5212,-49.8198
57.7640,-53.8429
50.8166,-56.8940
53.8947,-43.6782
52.2793,-49.9050
52.1193,-48.5221
50.4422,-47.9385
51.5761,-64.6250
52.0772,-53.2087
53.2704,-50.6307
51.0240,-51.0976
58.2739,-53.1367
54.0352,-52.1074
43.2093,-62.0426
49.6030,-58.2942
52.4733,-49.9404
48.7547,-55.1714
50.0172,-55.9713
45.7353,-66.1546
50.1439,-46.9117
53.0840,-46.4704
46.0221,-60.9511
54.0649,-49.3647
53.1797,-49.0606
47.7595,-56.3420
57.5386,-48.5040
57.7950,-54.1752
48.6574,-46.2505
62.6341,-47.0102
33.2731,-60.3582
58.7149,-57.2360
36.7102,-59.2451
50.5601,-62.6810
44.9412,-54.2962
50.5727,-54.6020
53.2033,-51.4927
53.7185,-47.5103
47.0953,-51.1462
57.6674,-50.1184
54.7094,-61.2211
44.2249,-57.0016
55.2225,-48.6086
50.9341,-58.3232
50.9455,-57.2691
46.6022,-57.7919
51.9354,-48.9711
53.6912,-44.7268
50.2279,-53.3713
58.5409,-46.6932
51.4888,-47.7321
55.0304,-44.0322
59.4615,-48.0917
57.3140,-49.2018
58.5406,-54.8183
52.1006,-52.5040
50.4077,-57.8997
65.1388,-46.5049
50.1041,-53.8323
53.4814,-52.6700
63.7757,-51.6677
48.6407,-50.4892
52.6941,-53.8625
49.3381,-57.9007
47.1219,-59.1179
55.1197,-59.9194
45.7381,-46.3176
51.1271,-52.1644
57.1036,-67.4196
57.8213,-55.1940
59.9747,-51.7425
56.1704,-45.6813
47.8777,-52.9977
53.3060,-55.9925
45.5096,-63.6562
54.4633,-54.9214
53.4916,-60.6095
56.0056,-52.1689
56.8198,-56.4626
60.6802,-59.6240
56.7185,-51.5375
51.8675,-53.6074
52.3057,-55.4512
57.9458,-58.0468
55.3857,-46.1425
52.2206,-49.9040
56.0016,-54.1574
52.9755,-49.9696
53.0948,-56.6899
50.7228,-54.1270
51.6203,-53.0752
49.0227,-56.7076
55.9987,-53.3291
52.1529,-45.5077
54.4928,-57.2206
53.9971,-54.6309
59.0410,-52.4226
53.3674,-55.2881
53.6493,-48.3789
52.6366,-55.4088
53.2237,-49.7026
47.9986,-48.5058
45.8805,-55.4849
52.6647,-52.5976
59.4592,-50.6447
51.5541,-44.9429
43.4557,-54.6929
49.9157,-50.6779
55.6215,-64.8585
61.1620,-52.5184
43.5880,-64.1300
55.8277,-53.3566
43.4726,-51.7082
42.7553,-55.7451
46.8973,-60.9194
56.5015,-52.9516
52.8714,-54.4730
50.8137,-53.9942
49.7163,-59.0561
61.2655,-53.3376
53.2356,-56.2269
45.0336,-53.6919
51.0433,-55.1691
58.2503,-58.3597
54.2082,-56.5128
52.8097,-57.5475
50.1315,-49.7186
59.7124,-47.4331
53.8580,-51.6581
51.4364,-43.0286
45.7415,-46.8771
55.6739,-45.6154
57.0455,-49.4335
49.6771,-53.7271
52.3196,-48.1217
40.1004,-62.1014
49.8389,-38.6454
68.1646,-44.9968
51.8104,-52.9240
48.5982,-48.9275
62.7336,-56.7936
56.8128,-49.8962
54.7407,-55.2109
46.0687,-61.5914
46.4040,-61.1207
58.4974,-54.0614
47.1605,-55.2463
49.1518,-61.1838
49.3823,-59.3328
58.0745,-55.6645
57.5709,-54.9634
56.6881,-45.4799
55.1682,-49.9496
52.6812,-53.1918
52.6399,-57.8075
56.3734,-58.1884
56.0800,-58.9545
44.8284,-58.2081
56.8540,-48.8296
52.0294,-46.0470
48.8979,-58.7175
44.6766,-55.3633
59.8947,-39.4593
59.3610,-36.9560
42.2110,-61.4357
50.5489,-62.4051
55.1667,-45.8366
51.2384,-54.2324
54.0894,-40.2253
51.7579,-37.2874
46.4737,-48.2526
59.0920,-45.3687
63.3711,-46.6961
55.1129,-46.5334
56.4180,-51.8984
48.8220,-65.7598
47.7445,-63.1631
59.0136,-47.0902
54.7976,-49.4200
47.8652,-47.5612
62.0873,-56.4078
54.5303,-46.8015
53.3578,-48.3385
46.3914,-65.4618
49.5847,-45.3979
62.2723,-53.5896
54.0581,-45.7247
51.1403,-61.6896
60.7139,-46.6264
53.9135,-59.2926
49.6615,-53.6042
56.4544,-44.1002
56.5855,-44.5246
51.2151,-60.5357
49.4876,-64.6934
63.1323,-53.0357
44.8747,-59.6723
47.3563,-64.3176
52.1238,-58.2859
60.7216,-51.5515
53.5758,-62.3296
51.8037,-53.9277
46.4632,-41.2110
63.7200,-41.3207
54.9054,-59.7761
52.2215,-61.3997
51.0273,-43.4189
44.9244,-55.1614
50.8400,-53.0458
51.1872,-48.8224
47.2646,-44.9760
60.0325,-47.9772
63.4926,-49.9850
57.4654,-49.3274
51.2204,-45.9705
41.2580,-58.8034
57.3601,-57.2989
63.0981,-50.7544
56.1069,-50.6848
46.4280,-59.9535
55.4774,-49.5535
49.3244,-48.3680
48.2508,-56.8360
47.4300,-62.4089
52.9244,-50.2855
59.6412,-54.8980
50.4942,-50.0137
48.4235,-59.8368
60.5777,-47.7912
63.8985,-55.5664
48.1113,-58.6063
52.9315,-54.0513
51.0699,-52.1966
53.6386,-61.1578
43.8387,-66.5044
62.6481,-55.0934
53.9832,-53.8000
55.3053,-54.8963
49.6201,-58.6897
62.2624,-51.4307
54.4637,-61.8912
47.7189,-59.7789
48.6847,-46.1150
48.4638,-58.5648
55.5967,-59.0715
52.1966,-58.1069
53.7527,-55.6433
52.9440,-53.4352
48.8822,-48.4920
55.1878,-41.9464
49.0418,-46.1394
57.3852,-56.1581
57.3080,-59.9980
55.2373,-44.1094
55.7332,-50.2639
51.4592,-57.6856
49.5658,-51.6805
67.1505,-44.7334
49.7620,-58.9887
46.0388,-49.2483
60.7307,-55.0435
52.0396,-50.3285
54.3228,-46.4802
43.9725,-65.0999
51.9263,-43.3341
60.4713,-55.0161
60.2781,-43.0988
49.2893,-57.7787
53.4025,-63.7623
56.3432,-54.2660
54.1714,-63.5524
55.6971,-53.8997
53.8889,-49.0293
50.4280,-49.2910
46.8074,-64.4287
60.4803,-53.5690
54.3403,-57.5346
53.6472,-53.9367
55.9602,-56.9750
55.6389,-57.2256
52.7299,-51.0783
46.0843,-54.4260
48.8655,-57.2712
48.0316,-55.1780
60.6110,-54.7382
57.1112,-48.7292
64.0455,-43.8766
49.8061,-47.5855
56.0762,-57.8660
55.3922,-46.3952
48.3926,-52.2226
54.9804,-55.2860
41.6438,-64.3674
55.5170,-39.7175
46.8746,-54.4392
56.8613,-51.6294
53.9771,-58.6799
58.7797,-44.2517
53.4487,-48.3760
53.2084,-57.9763
56.7351,-54.6184
49.2643,-53.5814
50.1882,-54.3055
48.5189,-54.7318
50.4270,-52.0436
55.3096,-56.7545
53.3074,-57.2217
50.7415,-52.1608
58.2011,-61.3595
50.4649,-58.1006
55.0165,-56.3665
54.1266,-52.3895
59.1864,-48.8606
52.3642,-56.3011
41.7194,-69.9922
61.7626,-53.6231
51.1763,-58.3304
55.6684,-57.7050
51.6462,-61.0911
57.1323,-50.5785
57.1389,-54.6752
51.5646,-56.1790
51.3853,-52.1283
55.9404,-56.1790
57.9932,-53.5186
51.9720,-53.8387
49.8073,-55.0505
57.0968,-44.7382
49.7207,-60.0017
57.4461,-41.9820
46.8076,-46.7273
59.3271,-52.9698
58.8400,-55.3825
55.2210,-45.9784
54.7066,-49.6670
45.4403,-58.7345
51.5575,-51.4624
57.5596,-53.0344
61.6993,-53.2532
58.3621,-53.1780
59.6096,-55.2372
46.5141,-52.8122
52.9821,-66.9273
49.2084,-60.8208
42.8814,-56.3638
59.8664,-56.6346
41.8019,-46.6729
50.9128,-57.4055
62.8902,-53.0050
48.7616,-63.8747
59.0545,-47.1534
51.0147,-53.4903
49.4587,-54.5120
54.7275,-55.2831
52.2203,-64.4097
58.7096,-51.1196
55.4886,-55.2621
56.8029,-57.4700
57.6782,-58.5859
51.1716,-54.1774
54.3975,-57.9175
44.4301,-58.5979
51.8433,-45.6611
56.6303,-40.2296
52.7148,-60.0527
52.1062,-58.5452
52.1000,-52.2671
50.4849,-52.5982
52.9034,-52.1576
48.5629,-46.4023
46.3828,-51.9923
62.3258,-41.6492
51.9098,-57.6901
55.0493,-49.4517
49.1894,-46.9033
59.6575,-53.7663
51.4758,-59.5294
55.2294,-59.9296
53.5786,-50.3778
37.1569,-57.4496
59.8886,-58.4393
55.5818,-53.3615
53.0416,-55.0040
42.4840,-65.3583
46.7761,-57.1207
53.9861,-59.6340
43.8055,-56.5962
54.1162,-60.9165
52.9800,-55.8496
44.5244,-59.4724
52.4489,-58.8383
52.3082,-50.7581
56.3082,-47.4385
56.4517,-56.4060
52.3540,-63.7831
58.3587,-54.0537
55.8920,-50.5354
39.9179,-63.3486
56.5429,-54.4326
50.6274,-45.6933
57.5427,-59.0151
54.1553,-53.3777
47.9433,-42.1729
58.0630,-34.8560
50.1883,-56.3896
47.4866,-53.0597
53.4541,-54.7830
56.3491,-56.5735
61.5187,-44.5476
50.3933,-43.4587
50.0364,-52.0057
60.0631,-55.0666
47.9902,-59.4859
38.1291,-59.2997
57.8645,-51.7748
48.3279,-58.5138
58.4082,-55.0878
52.6439,-55.8273
49.4355,-54.7802
41.8166,-50.8881
58.9385,-55.5484
54.8979,-48.6470
52.4306,-47.0133
52.0621,-60.4337
41.9143,-52.4650
47.9395,-58.0518
57.8802,-47.2283
54.9333,-58.1351
56.1480,-42.5680
54.6930,-56.2766
55.9466,-50.5791
49.8775,-48.6888
54.0304,-50.2289
46.8725,-55.1432
54.9303,-51.9743
56.9811,-57.4476
55.9750,-56.6863
42.9507,-63.9039
54.1684,-54.8161
49.5226,-50.8383
48.7830,-58.0291
59.1278,-52.3402
53.1357,-47.6557
50.0985,-48.6365
45.6086,-59.1725
48.0677,-53.8011
49.7721,-56.9521
52.2522,-53.4634
63.2859,-41.3784
48.6019,-48.6326
45.1241,-50.1552
58.9180,-57.1653
52.1338,-55.3982
45.1076,-63.4180
56.1916,-50.4981
51.3672,-48.5692
58.5856,-52.9214
50.1375,-64.9382
53.0533,-46.1014
38.1728,-52.1008
56.2040,-45.1176
54.2260,-44.2299
50.1069,-40.0588
45.2860,-63.1548
45.5466,-58.0806
48.6306,-57.3416
56.2701,-54.6952
54.0319,-59.8341
57.1981,-47.4902
50.3470,-50.0586
40.5660,-59.9291
51.9245,-49.1019
53.9842,-47.8145
55.1906,-54.9417
51.9203,-50.2919
44.3058,-53.4936
44.2631,-55.7482
50.0869,-62.3365
58.6517,-52.6734
50.9413,-53.8863
52.7650,-60.4984
62.5102,-44.0760
47.7268,-52.1486
51.7522,-50.2539
48.8834,-60.4110
54.0532,-40.9329
50.0342,-52.3672
60.9625,-51.3923
62.5389,-46.2538
53.7241,-56.1401
42.0749,-51.8280
58.8017,-57.0796
45.4340,-56.1054
39.2167,-63.7085
56.0202,-51.5831
52.3391,-45.4083
57.7651,-63.1330
51.8651,-55.4457
48.2399,-57.5288
50.3279,-47.0300
51.5763,-57.7074
52.5846,-50.5973
57.8965,-55.2407
47.6036,-48.6884
53.4705,-56.4036
56.2433,-38.7550
42.3699,-45.8890
41.9280,-52.3782
49.1303,-48.6658
43.0685,-48.8307
61.2127,-44.5402
43.4777,-46.5349
57.4030,-49.1362
53.8258,-55.6569
56.7924,-41.9077
45.9901,-51.9393
60.3842,-46.7731
59.8474,-53.4469
55.2008,-48.8050
48.2527,-57.7032
53.0384,-56.5187
57.9382,-54.9224
52.5552,-46.9600
53.7284,-44.9823
50.3053,-60.7121
44.5427,-52.7082
47.8508,-45.4096
61.2788,-44.9017
53.8277,-56.8058
60.7870,-46.3196
49.0622,-51.6775
58.6954,-50.8515
52.7514,-62.2644
49.2836,-46.4335
55.5373,-51.4533
54.6513,-57.9467
59.2933,-59.3782
39.6895,-57.6958
56.2019,-52.4152
49.4552,-58.7237
48.5850,-48.1508
57.8986,-48.7871
42.4043,-53.2689
56.3898,-53.4440
56.7381,-58.7574
46.2458,-53.9737
42.5629,-55.2819
56.5164,-52.9999
45.6032,-52.8842
53.9876,-51.4222
42.9930,-56.6358
49.5874,-49.6609
49.3508,-55.8985
55.9104,-53.2593
57.6047,-46.1931
49.6935,-52.9550
57.2444,-49.1355
61.0208,-45.7946
63.7680,-42.4538
50.9331,-54.0313
51.1363,-59.4531
63.9412,-52.4090
47.2111,-54.3437
56.1379,-49.0700
54.9461,-59.6264
59.3036,-41.6961
46.8052,-55.2146
58.7133,-47.2414
51.4916,-43.0435
52.7193,-59.2918
55.5500,-50.1952
52.9425,-53.7066
52.7917,-51.0051
54.2883,-49.4723
46.9273,-58.0380
56.3248,-58.1347
60.2955,-60.6937
39.7576,-57.7249
51.9631,-39.1245
55.9993,-58.6958
48.4171,-50.8956
57.2842,-50.0534
41.7871,-51.3939
60.2176,-55.4811
62.3175,-57.5987
54.3073,-46.7655
42.0039,-63.1126
56.2143,-56.3746
45.3648,-42.5616
56.7049,-47.6083
41.0168,-53.0241
55.3288,-50.4832
52.4179,-54.4936
53.6221,-51.9515
53.8338,-49.8422
49.3025,-53.9031
58.2947,-53.6013
58.8596,-48.4505
45.7362,-39.3125
52.4268,-57.0140
54.1085,-54.3259
63.0164,-51.1314
47.6934,-60.2991
39.6737,-59.6816
54.9933,-52.3270
48.0321,-51.3973
48.6662,-57.2219
49.0398,-58.6262
61.1138,-47.7194
56.7411,-56.3708
62.2937,-52.5118
49.9532,-54.7210
57.6239,-60.3369
57.1945,-58.3315
58.6599,-50.0987
58.0702,-51.4162
55.1166,-40.5079
43.6979,-51.9904
52.0513,-54.4802
46.0212,-57.0920
48.6296,-56.9525
54.8749,-48.9268
46.8448,-34.4431
60.8876,-48.4044
61.2551,-45.4763
58.5489,-43.6326
58.6528,-62.7761
52.6115,-51.6147
55.2151,-48.9934
60.3626,-51.3445
60.3443,-50.6597
48.6495,-45.9109
50.0807,-55.3525
58.9727,-55.2850
49.6614,-47.7444
44.1657,-52.2767
59.7499,-49.0577
59.7822,-45.0498
47.1943,-56.4596
56.9648,-52.4226
55.3112,-51.0801
68.2972,-48.8058
54.8518,-51.6546
47.0614,-46.8848
58.4107,-47.7823
54.7077,-54.9094
60.8490,-54.7342
50.8198,-53.8879
54.3008,-49.1520
51.1696,-63.4456
48.8635,-55.3045
56.9164,-58.7885
52.2699,-56.0433
53.9788,-56.4459
37.9544,-58.7577
57.5554,-49.6667
66.7620,-47.2603
46.6159,-53.4418
50.5371,-53.0178
43.7081,-58.0173
47.8620,-63.1019
57.2921,-47.0499
55.6203,-47.6241
56.5297,-55.2550
57.6678,-34.6697
49.4390,-53.6599
46.6592,-53.5782
47.0708,-54.7534
52.6661,-46.8004
56.3416,-46.4109
64.2042,-44.7566
46.7700,-42.2038
60.4547,-53.6057
47.9050,-50.6507
63.1613,-35.7587
39.5742,-48.6508
56.2707,-49.0970
56.0739,-57.0483
56.1869,-45.4967
51.5289,-54.7356
56.1833,-47.4279
57.7151,-54.8711
53.9660,-41.6679
48.8652,-46.8423
54.6812,-48.0045
50.8964,-63.8933
65.5653,-41.4598
45.1167,-54.8639
54.0731,-61.4944
53.3869,-61.9553
50.0788,-49.9540
50.8661,-55.6117
59.2277,-48.5621
32.4013,-53.8912
53.6478,-55.4762
58.4019,-49.1426
55.5244,-47.3852
63.9543,-48.3418
59.4649,-57.9416
60.6449,-54.9444
56.4049,-55.6049
42.4558,-58.9444
61.4041,-46.9893
53.4221,-49.9633
42.9072,-55.9394
57.6604,-60.9913
51.6901,-53.7107
46.5819,-52.7680
60.7906,-51.9301
53.8475,-54.6651
50.4125,-57.3976
52.0000,-48.6023
48.3968,-56.6061
49.0756,-58.4283
49.6467,-55.2385
50.6614,-51.8113
55.6630,-49.9982
59.6301,-51.0888
48.3017,-54.5558
58.0032,-55.2229
49.6718,-58.5383
46.6542,-62.5107
59.1854,-49.4141
57.8914,-53.5121
50.5216,-56.2522
45.9802,-64.1271
64.3311,-44.7216
50.3814,-47.4083
54.3973,-56.9922
56.8209,-59.1634
45.8473,-46.7958
49.7025,-52.5293
60.4513,-52.6731
61.1360,-50.8947
49.7824,-56.5696
55.1685,-56.0013
55.1086,-58.0686
63.1803,-44.1103
55.7892,-50.2976
49.3443,-52.8279
53.7718,-55.7847
48.9146,-49.4944
49.7785,-56.7140
54.6441,-55.5346
43.6972,-55.7795
54.0546,-51.3560
46.9048,-49.8432
45.4173,-48.5678
55.8255,-58.7014
60.8591,-55.1751
50.2321,-61.6925
57.1118,-54.6456
47.5356,-49.2838
45.6672,-53.4918
48.0080,-55.3555
50.5237,-50.3852
46.2604,-52.5837
50.9782,-45.3247
45.8924,-53.1995
53.3889,-54.3091
53.7675,-59.4003
42.3540,-60.3829
59.3949,-52.1017
44.9468,-61.6930
54.5795,-51.4217
53.3091,-55.7700
51.7812,-50.3760
50.0114,-45.6255
54.7328,-56.5966
59.2692,-51.1169
52.0180,-45.1136
53.2972,-48.2761
55.4636,-55.5567
51.4286,-57.4997
42.9769,-61.6023
54.1632,-46.2135
50.3592,-51.2802
58.9421,-45.5283
50.8744,-58.5497
49.9523,-53.7536
60.0248,-53.5590
55.0720,-48.3518
43.9877,-59.3529
55.8650,-46.6342
51.4287,-52.1438
54.7307,-55.0084
48.2104,-51.4670
51.1347,-57.0369
59.0179,-53.9843
66.2074,-46.1115
35.6413,-62.0670
62.1238,-53.7128
36.8660,-62.3140
49.1119,-56.5714
42.7121,-55.6168
53.9698,-57.0310
49.6964,-50.3220
41.6400,-58.0966
50.7377,-41.4924
56.2226,-60.4979
58.2338,-60.2485
48.4891,-57.2700
54.1914,-50.3861
49.7110,-63.0224
48.5506,-58.0723
52.8304,-51.7650
53.7615,-50.1633
53.5501,-44.3705
50.3812,-63.1288
52.3548,-54.3141
51.7977,-50.4502
44.8040,-44.4010
57.6720,-52.3165
55.4017,-45.5579
54.1445,-58.4127
55.1932,-51.7420
67.8732,-41.5177
62.3018,-43.7837
51.5390,-50.2933
55.3174,-50.0585
56.7902,-50.8490
48.0546,-45.8277
49.1487,-58.3688
50.1368,-55.2272
52.2104,-64.2355
59.4863,-55.4053
54.8502,-50.5064
48.4489,-48.8589
55.8029,-57.3032
64.9754,-52.3888
41.0528,-61.7977
59.9703,-53.7496
41.1272,-64.1445
47.6987,-58.1001
46.1382,-63.0697
47.9873,-53.7912
45.0204,-66.9752
45.6595,-56.8369
45.5648,-62.8153
48.8290,-58.0896
54.7639,-50.1269
45.0045,-59.3103
51.9683,-63.0137
48.4664,-54.1787
45.1084,-54.7812
50.3868,-54.8784
54.1422,-57.6533
52.6876,-52.8976
49.2723,-53.3996
62.5457,-48.6066
53.1106,-43.5074
46.0861,-55.6163
60.4474,-59.9075
52.6077,-47.3665
48.9861,-59.6573
48.0633,-61.2516
65.5349,-53.0988
56.1289,-51.1157
57.4609,-52.9037
60.0628,-49.7438
59.2138,-48.9948
52.5674,-49.9074
54.6554,-57.8402
52.8275,-53.3791
58.6106,-54.0317
56.3499,-49.1751
49.3488,-56.9216
49.4991,-58.3612
55.5421,-54.6645
65.6717,-54.8018
37.4904,-59.1987
54.0082,-52.8863
36.6185,-56.2905
52.7767,-58.7245
45.3370,-62.0107
50.6986,-57.5342
52.2970,-55.4386
47.5037,-53.0067
52.7648,-55.9965
62.1360,-53.9432
56.4621,-55.1014
43.6715,-55.9246
49.2768,-54.7200
58.6415,-55.9243
51.3594,-57.2328
60.1387,-51.0762
53.9287,-44.6782
56.1793,-52.0305
58.0704,-44.3598
47.8565,-44.6659
48.9894,-57.0515
58.1558,-52.8919
53.1514,-48.6704
53.4000,-57.9755
50.4677,-51.5224
53.4151,-56.8406
66.9656,-46.9411
49.2508,-43.0987
52.4162,-55.6501
56.8670,-49.3527
52.6888,-49.6564
55.5346,-48.0839
43.9015,-40.4114
55.8953,-61.2989
57.6027,-50.6013
44.4161,-48.0122
48.1793,-48.1031
56.5500,-54.7577
50.1612,-36.5063
53.5087,-52.8188
48.6804,-53.4211
53.8458,-46.7516
46.0524,-54.9014
49.0606,-61.7641
53.5384,-45.9287
45.9529,-56.0074
52.7022,-48.1608
54.2537,-55.0061
51.1724,-52.3515
49.1706,-46.0198
47.1952,-63.9200
51.8668,-54.2775
53.0272,-43.1078
48.4929,-51.0049
53.8923,-53.6200
47.1317,-55.2429
56.6402,-50.1506
58.0645,-55.4237
47.7191,-51.2745
32.6011,-61.1326
41.7009,-48.5097
54.3514,-57.6209
42.6479,-58.2650
53.4034,-62.5205
60.1708,-47.0091
54.0303,-54.1445
57.2254,-57.5516
39.3794,-54.5574
51.3685,-51.9357
51.6713,-41.6602
52.6530,-44.5762
51.6480,-45.2613
43.7228,-47.5255
54.3831,-56.6723
59.9003,-43.1525
46.7349,-49.0519
42.7360,-57.4734
56.8309,-56.0231
53.8786,-55.9841
65.6218,-52.0112
42.5196,-59.9883
53.1511,-55.3642
46.9160,-56.7908
49.1822,-48.6502
39.2041,-67.7412
56.3960,-54.6894
52.6327,-61.7444
43.6218,-53.2296
53.5448,-58.7601
61.3533,-45.2167
49.9803,-63.8373
44.5132,-58.9902
52.8564,-52.2846
57.8042,-56.6583
53.3656,-62.8202
47.5714,-57.0867
56.1714,-47.6276
55.2228,-50.1191
58.0860,-49.4140
53.5343,-52.4233
48.0569,-43.6329
57.5693,-48.0001
56.6805,-53.0012
49.7018,-53.1440
49.9062,-58.6243
45.6842,-64.0040
45.8276,-55.7391
50.1303,-41.2988
54.6936,-45.4279
60.0553,-53.0797
60.2576,-50.9035
44.3552,-49.8349
51.0708,-51.5324
58.0141,-56.8239
49.7510,-48.3752
51.3671,-52.7635
49.9065,-49.2086
48.3561,-56.9885
63.1336,-44.1264
63.8959,-52.4323
42.4149,-56.0748
56.8493,-53.9488
49.5766,-53.5535
50.5421,-55.8026
53.9148,-56.8502
56.1841,-51.0929
56.2006,-50.5370
50.3981,-46.8260
50.8799,-54.9009
59.1794,-54.1032
52.9159,-63.0885
57.3345,-52.3442
44.1060,-58.1129
45.6085,-57.4523
56.4451,-50.0817
58.7097,-43.3080
51.3162,-52.9406
49.2928,-51.8553
52.0437,-52.1029
55.4131,-56.5710
55.5610,-58.5634
47.2171,-49.4483
49.8171,-59.6127
57.3502,-39.2061
57.4514,-52.1243
56.2275,-56.0220
59.7082,-58.6618
59.6572,-41.2057
50.7502,-44.3343
47.7829,-64.9590
61.3572,-37.8093
53.1695,-50.9172
41.7539,-52.9304
53.0187,-58.1904
46.1012,-54.5168
58.7248,-47.0554
50.4942,-54.8613
54.3860,-54.0052
51.8413,-47.3034
57.1980,-54.3241
36.3344,-66.2855
62.1539,-55.1486
52.0879,-60.4140
52.4859,-56.1530
50.5025,-54.9751
46.1836,-51.8387
45.9274,-63.3656
52.7103,-46.1857
57.6611,-44.4611
47.0649,-59.1406
59.7123,-42.5772
56.9051,-51.9842
61.0590,-51.8984
56.6415,-53.0648
48.4794,-42.8820
48.6138,-65.9199
56.9683,-48.1041
43.7888,-52.2100
51.6115,-63.8616
45.9887,-65.1141
46.6420,-48.3471
50.0999,-54.4809
44.1889,-60.4938
60.5360,-42.7195
47.1372,-57.1717
47.1957,-59.8099
50.1639,-53.4411
54.5752,-57.2765
46.8601,-56.9046
51.5107,-45.4265
59.1439,-52.8376
49.9975,-52.3113
48.7879,-64.6107
48.1894,-55.6864
46.0352,-57.6608
54.1183,-57.9824
53.2492,-53.5652
45.8758,-43.7811
57.0658,-43.7041
48.7368,-50.4305
54.9944,-56.9016
56.1415,-63.3955
53.9592,-55.6653
59.6269,-44.9257
61.9158,-42.6684
45.8745,-52.9709
45.5865,-60.2779
54.0056,-51.7137
58.5661,-44.2215
47.4890,-50.6622
54.2448,-41.0756
56.7485,-54.9916
62.6589,-47.7556
59.6955,-49.1650
39.8864,-42.0951
53.4916,-56.3592
59.5000,-44.1972
50.7871,-54.7541
50.2873,-54.4404
53.9195,-47.7133
45.6579,-47.5694
55.5340,-54.6527
53.4700,-48.9097
49.0905,-55.6551
53.8514,-59.5515
52.7588,-55.5068
60.2926,-58.2795
47.9041,-61.1195
53.6269,-43.3128
46.4056,-58.1260
52.6447,-54.7899
48.2539,-57.7127
55.3934,-61.8054
47.9700,-44.6718
57.4610,-56.7872
50.5042,-51.3891
57.2815,-48.5205
48.8272,-44.0698
50.5826,-55.5124
32.6192,-50.6280
54.5909,-55.9852
50.3527,-55.2700
52.7598,-58.4328
44.7251,-51.1837
59.7306,-55.3490
49.9055,-55.9916
62.3949,-50.4779
51.7535,-58.8355
50.1712,-57.3435
51.2447,-50.6210
43.3458,-60.8498
53.0241,-53.9489
58.4315,-38.6737
56.9091,-48.3658
49.3635,-52.6802
53.7316,-57.9183
52.4739,-56.7992
53.0201,-56.9435
54.3107,-43.0766
54.1310,-35.3749
49.5530,-48.3350
57.0247,-47.8535
49.0835,-58.4380
56.2698,-56.4424
52.6611,-46.9157
41.7195,-61.5889
58.0132,-56.2485
48.2233,-44.4255
58.3335,-47.4610
44.8017,-48.5680
54.6223,-43.9446
57.5126,-47.4171
44.7479,-49.7677
58.2868,-54.6960
56.1933,-48.2744
48.8650,-54.0830
53.2676,-39.1307
54.5546,-60.9582
56.5257,-45.9615
61.0372,-53.8677
53.2474,-58.0882
55.8528,-44.4796
55.6134,-51.8999
55.8982,-49.4733
49.3576,-48.4518
54.1560,-57.7952
55.8174,-49.5993
57.2869,-50.5382
56.6577,-48.3110
46.6676,-47.5349
50.8310,-59.6512
59.6282,-48.2527
51.5954,-47.7496
42.0274,-56.8708
49.9500,-66.4023
51.8172,-45.1068
44.6857,-57.7607
52.2389,-55.4969
55.6236,-41.1114
55.3199,-42.2364
53.4596,-52.7313
51.5889,-50.3758
48.2127,-61.2464
50.8089,-58.6716
56.3457,-53.7893
56.0297,-53.7054
51.4576,-60.0118
54.0544,-42.5710
53.4215,-45.7047
54.3579,-52.1562
59.5623,-39.0074
48.8077,-51.2070
32.3808,-49.8933
54.0271,-57.4339
54.1299,-49.5831
54.7545,-47.7440
47.1644,-50.0143
54.9818,-54.9887
58.8905,-49.6205
67.1504,-49.8432
45.3265,-61.9913
55.0713,-51.6290
36.7595,-56.7898
39.4325,-60.3365
41.4766,-65.5580
50.8526,-50.5055
50.0082,-56.5639
52.0487,-48.6870
48.2712,-56.2419
51.1558,-53.8213
56.4249,-59.7343
49.2716,-54.5556
57.5846,-47.6581
49.8230,-63.9698
49.5007,-60.1175
50.8377,-51.4129
57.0882,-40.9935
55.1630,-47.4366
47.4566,-64.5125
47.7686,-58.0130
62.1489,-54.6046
46.4280,-49.8780
48.4283,-60.9425
51.6429,-55.1962
48.5508,-56.5136
51.9951,-53.1896
54.1924,-52.2013
50.2417,-58.3866
52.9720,-47.4388
47.6372,-54.3683
60.2776,-44.3949
50.3965,-55.5909
48.6765,-58.5070
54.6350,-52.8065
59.5376,-60.2892
53.8724,-54.3518
55.1347,-54.6751
55.5561,-46.9308
55.0554,-54.1023
51.0797,-50.3117
43.4228,-61.8164
59.2488,-60.0209
56.3150,-59.4667
47.8285,-51.8352
62.1048,-46.8590
49.3828,-50.8598
41.8378,-56.5685
54.8674,-51.0029
54.2486,-47.6388
51.1410,-56.2488
56.4086,-45.9773
48.2198,-55.2742
54.0481,-55.5669
61.3643,-58.0179
48.7677,-54.3266
41.8470,-60.4102
51.2157,-62.7264
42.2131,-53.9522
52.8203,-59.1618
43.7570,-63.1932
56.1280,-54.9154
55.8091,-48.9653
54.7114,-56.9619
52.8603,-42.8159
50.1114,-65.7987
51.3583,-57.4952
43.0819,-58.1244
63.6643,-47.1311
48.5237,-57.1913
53.1215,-53.3023
56.1129,-52.5682
49.9918,-50.6602
52.2679,-64.2461
50.7150,-56.1858
46.1126,-53.7613
58.1987,-53.2574
59.1232,-46.8780
48.9613,-56.6140
49.2009,-48.9998
61.4494,-47.3408
49.5637,-61.8840
59.6556,-49.8034
33.0642,-67.4458
40.3201,-62.7403
39.2986,-53.4265
49.5627,-58.9762
49.8303,-54.8843
56.4447,-45.0578
49.4735,-42.6198
57.1590,-52.6047
53.8110,-59.5930
43.6972,-58.6053
57.1908,-50.6941
54.6635,-57.5629
43.6119,-55.1829
54.4706,-42.3302
56.7659,-45.4328
55.1780,-54.2873
45.7969,-58.7109
58.8200,-50.6378
45.1367,-52.9544
53.2702,-48.6871
58.5667,-47.5129
60.4265,-51.5184
50.6897,-55.0108
52.5053,-52.0347
56.4892,-47.3466
60.2065,-43.0778
51.9141,-50.7329
55.5826,-48.2512
56.0913,-45.6976
50.8691,-45.5393
43.0672,-51.9715
55.6670,-51.9075
51.9897,-60.4941
44.6052,-56.8153
48.0867,-55.2003
47.7016,-56.8902
53.0873,-44.0563
61.0022,-50.2597
33.7503,-53.9396
54.2647,-60.0167
41.7304,-55.8794
54.1126,-55.7741
45.3994,-57.4992
49.1098,-53.7925
39.7276,-54.4303
52.9421,-53.8730
49.4342,-49.7100
58.1145,-51.8079
56.7058,-57.3913
50.6504,-51.8693
58.6560,-54.5405
45.6412,-62.6096
46.9622,-60.9356
55.6280,-53.3472
50.2670,-49.8529
58.2144,-45.6848
47.6098,-43.1439
57.9681,-47.4037
50.2533,-55.2636
56.7508,-44.2330
40.9297,-58.5269
51.7733,-57.3294
47.1319,-58.2924
52.8196,-54.7950
53.3643,-55.7202
51.9394,-41.4255
42.7150,-56.8492
53.2249,-52.3431
56.8061,-43.7578
43.6976,-51.2518
46.6859,-51.4887
59.0803,-53.7886
46.7295,-52.3994
56.2920,-50.3833
49.6971,-53.0925
45.2545,-57.2382
61.3995,-40.5826
61.1850,-52.1920
35.5979,-61.1137
63.6951,-50.7256
30.6316,-67.0864
52.2692,-58.1802
50.0947,-52.6628
50.9781,-54.6836
44.5147,-58.7551
52.8214,-38.2203
48.0959,-45.0124
58.1537,-55.4608
55.6745,-59.9368
49.6758,-55.5127
52.5308,-49.8638
44.0824,-65.5214
56.0196,-56.2102
49.2786,-54.2381
51.7020,-41.9534
51.2880,-43.9735
42.6728,-49.2510
51.2353,-43.7130
56.4054,-52.8571
50.4993,-50.9182
50.9559,-59.5550
45.6438,-53.7308
50.9065,-54.6741
49.7384,-56.1780
61.4596,-55.2272
46.9429,-51.5465
51.9381,-50.8350
55.9880,-51.1364
52.1797,-48.1816
55.2068,-47.1521
43.5374,-47.2590
53.3130,-62.6227
57.1996,-45.9296
48.4935,-55.4350
47.7267,-54.9037
48.4943,-59.0722
52.3433,-56.0498
67.9654,-55.6278
46.7546,-59.4793
51.4584,-49.7103
49.3669,-52.6358
50.6155,-58.1401
45.3259,-66.3253
54.7280,-55.5406
46.3751,-61.6250
53.6579,-48.0594
50.1311,-55.5771
58.4288,-55.9266
54.7179,-49.6345
48.1094,-55.2521
45.1016,-59.1759
47.5892,-61.7019
46.1833,-51.2002
47.9720,-56.6552
47.6883,-45.9753
55.6593,-46.3006
50.7433,-52.3919
57.8137,-44.7047
56.5267,-48.2914
41.2486,-50.0360
58.3765,-56.6856
50.7391,-51.9428
51.3690,-47.5020
41.0314,-65.3127
56.1441,-58.5563
51.6723,-49.1391
55.2457,-53.6061
49.9952,-50.3210
53.5565,-49.7747
45.9827,-50.6103
45.7378,-60.4266
50.0207,-55.7543
51.9585,-54.3266
46.4402,-52.0177
43.0805,-54.9130
52.2618,-49.7420
52.5774,-58.9845
59.1472,-52.3576
42.8316,-62.2611
54.4798,-56.7452
49.8645,-45.8917
53.6475,-47.9049
54.4075,-61.8326
53.0745,-55.4610
49.3804,-63.5569
45.6372,-58.2860
53.3827,-54.4063
60.5924,-60.8610
56.9893,-52.1229
46.5981,-58.8240
53.5855,-52.8354
49.4044,-61.4690
52.0739,-60.5455
56.5318,-46.4596
46.8927,-51.2350
50.4830,-46.0662
58.6653,-50.3783
55.4932,-45.4208
53.7392,-47.2480
51.1166,-52.7020
52.4051,-59.0364
49.2903,-50.5638
55.2134,-53.6234
53.9653,-58.9481
56.6306,-52.2872
54.8356,-49.4294
55.1452,-52.5895
50.4892,-48.1639
46.9190,-48.9752
48.0550,-48.8695
40.0815,-50.1929
57.9590,-54.1506
60.0854,-50.7322
54.2194,-46.2154
39.6801,-58.5372
45.4303,-51.6514
57.1360,-55.5645
60.6819,-53.2885
51.8017,-55.9209
58.8007,-57.6444
38.0301,-61.4673
50.7184,-51.5549
53.9969,-57.0521
52.9344,-51.5651
48.9059,-62.5251
54.8829,-43.3395
54.4720,-56.2506
52.7677,-59.7490
54.9545,-49.8137
47.2226,-55.5137
49.9995,-54.8135
50.7614,-54.7464
55.9447,-46.4011
53.7326,-50.2521
46.3411,-47.8712
67.5016,-48.8883
47.1766,-55.7217
60.3639,-42.9971
47.7125,-49.2511
52.9220,-54.2426
45.5291,-60.6823
48.6425,-55.7672
54.7348,-50.4209
48.9103,-59.5722
58.4907,-49.0853
50.0725,-51.9982
51.1533,-55.7430
52.0034,-48.7147
55.6683,-46.8770
46.6750,-46.2301
47.2065,-51.3930
53.0205,-59.4017
50.7814,-49.8642
53.7834,-53.2255
52.1704,-50.0254
52.4224,-55.0577
61.7960,-41.5323
65.8573,-52.6205
43.1772,-60.1836
59.4914,-51.0313
42.6694,-60.0845
47.0657,-56.9509
49.3303,-60.7521
53.3488,-52.4209
55.7031,-58.3230
49.4288,-60.3137
55.1625,-48.0712
55.1078,-56.6848
55.8958,-47.1798
45.5464,-61.9768
49.2748,-61.8802
58.7697,-52.0481
46.7579,-59.3790
59.9778,-51.7672
49.4679,-51.9271
55.8904,-44.1101
63.1606,-60.5756
54.1819,-56.9926
47.2202,-58.7838
44.3348,-56.7871
49.5223,-49.2867
54.7272,-51.3096
49.8698,-53.2967
58.4171,-52.4203
54.3519,-59.2243
60.1805,-47.0683
54.2976,-45.5121
48.8698,-56.8576
53.5904,-48.9375
47.1816,-52.2551
49.5790,-52.9718
54.3024,-52.9054
58.5001,-42.3077
52.0974,-55.0148
50.6848,-49.4568
47.8188,-61.1361
62.1175,-47.6790
67.8943,-54.3061
46.1501,-57.3083
55.5124,-51.5770
52.3399,-50.2208
46.1979,-56.3206
42.7986,-63.9820
56.6100,-56.2879
53.5900,-48.0645
47.7049,-54.7529
37.2295,-63.9281
61.7957,-49.0013
56.2452,-59.8065
54.9873,-55.4594
56.3006,-49.6151
51.4749,-51.6095
53.2206,-55.8728
45.3434,-57.9623
44.5358,-53.4422
53.2937,-57.2462
53.2252,-51.3033
56.7322,-46.0598
51.9974,-50.5304
50.3196,-61.3079
50.6968,-63.2611
43.3511,-52.0169
52.2207,-47.5155
51.0198,-56.0601
51.6860,-67.8660
52.4962,-43.6535
51.9442,-51.4470
58.1817,-55.0931
50.1490,-41.2920
49.6357,-49.3459
42.5060,-55.6951
60.7657,-55.5103
60.8009,-58.9686
52.0991,-52.0085
55.3819,-46.2783
52.8134,-53.7247
51.3896,-56.6930
60.7940,-53.9315
39.8638,-62.0531
57.5789,-59.8713
42.9167,-56.8732
25.6793,-64.9150
50.8136,-65.5714
51.9670,-53.0614
54.0213,-51.9240
55.5121,-43.8889
46.6459,-52.9670
54.4627,-54.1846
57.5285,-58.8594
54.5518,-56.2679
50.9492,-61.9654
48.4572,-55.2760
52.6193,-54.1906
51.8056,-48.6380
44.8759,-50.0652
51.9872,-49.8301
57.7131,-52.6447
56.1805,-62.5090
55.2972,-56.8466
47.9517,-59.5048
54.4990,-60.3053
42.2434,-50.0377
49.6435,-52.9667
57.2266,-52.9028
51.3811,-62.4842
58.4706,-45.0689
55.0063,-57.1483
57.2457,-50.8616
51.6552,-48.2778
53.4130,-47.7790
35.2308,-51.7365
52.5869,-58.0472
62.7541,-46.4522
57.0013,-53.6154
52.3207,-46.0753
56.4637,-57.0689
49.3165,-54.8528
68.5537,-51.0951
40.2402,-60.3476
56.6421,-45.8891
40.8021,-65.3734
53.0267,-46.8928
48.0208,-60.1304
52.5260,-52.7537
62.4217,-47.7889
49.2510,-49.5287
50.4140,-51.2596
60.4930,-55.9011
53.1017,-62.5924
56.1624,-53.2961
51.8616,-51.9405
44.8749,-53.3404
61.5814,-53.8295
53.0477,-47.8940
42.5345,-55.9406
59.4562,-54.1576
54.8710,-46.4748
52.1641,-55.6191
50.4345,-48.4702
51.8342,-53.8209
36.8812,-67.5960
42.5243,-48.0533
58.2348,-53.1711
44.2737,-61.9699
59.6429,-58.7385
48.5906,-59.7674
49.6021,-48.1156
50.9932,-46.1682
54.5177,-46.9632
49.6149,-46.6525
43.7361,-42.6367
54.1275,-58.2297
52.3257,-45.2032
50.8823,-45.0764
51.0527,-51.5295
52.0362,-61.6963
56.5033,-54.3364
61.6539,-53.4926
48.6799,-57.2657
53.6660,-47.7214
57.8591,-51.9600
55.5637,-52.3850
54.4149,-59.8907
57.6172,-50.2323
60.5881,-47.2790
56.3549,-55.0297
44.3657,-61.4239
56.8851,-52.1283
54.1296,-63.8850
48.5311,-50.9860
55.3048,-49.4488
42.9285,-59.3045
56.4747,-58.6898
47.7677,-53.4022
51.8773,-54.2606
55.4409,-51.8037
42.1643,-52.6496
50.5106,-49.8107
52.7556,-44.6883
51.4043,-57.2654
49.5389,-59.4537
36.6282,-70.6238
59.7098,-45.7852
47.0606,-62.0500
61.7185,-42.8211
51.8839,-57.2024
48.7699,-57.7734
44.5586,-49.5005
52.8284,-55.5960
50.1947,-47.5832
54.9283,-44.5777
52.3056,-62.8064
52.1033,-54.3944
44.7458,-47.5084
61.7046,-54.6671
38.7508,-63.0166
52.6447,-59.0798
64.5742,-51.2918
48.2164,-54.2034
50.7257,-51.9212
57.7274,-45.4651
53.9216,-54.7108
52.9777,-55.0432
53.6733,-51.1452
46.6677,-57.1588
41.8373,-57.8748
49.5208,-61.2241
58.2679,-53.1339
55.2611,-62.6763
54.2113,-56.0432
47.6047,-47.9820
42.3371,-53.0408
46.8284,-63.8795
47.4688,-58.0667
45.8580,-52.0607
60.3894,-49.8451
63.8395,-43.2861
46.8949,-52.4788
43.8277,-50.6208
51.8093,-55.1139
56.2311,-59.6323
55.2402,-44.3813
59.1350,-47.5679
55.2528,-55.3779
57.4932,-58.0116
41.3009,-61.0018
50.5630,-47.1410
52.0400,-52.9519
50.2387,-47.8526
50.0562,-48.4916
40.2279,-49.6553
63.1602,-50.0224
58.3376,-51.4216
44.0484,-46.9001
54.7119,-49.9532
49.0049,-60.1791
54.6102,-49.3788
66.7004,-50.5471
39.1015,-60.1945
56.7071,-54.9286
40.4303,-53.6214
54.7041,-59.3883
45.2138,-56.8902
53.0015,-54.6489
45.9540,-60.8590
52.1269,-49.4869
58.0394,-57.8452
51.9708,-61.5481
55.4724,-53.7527
46.9506,-60.8050
53.5342,-50.2921
56.2088,-54.1751
46.9462,-51.7875
52.8895,-56.5352
53.2474,-54.7772
53.9221,-51.1106
46.8485,-60.0309
55.4681,-54.6167
51.6323,-58.7311
57.2474,-53.2024
54.4108,-51.8404
52.9952,-46.9820
60.2941,-56.2521
48.1835,-59.1707
61.1917,-54.2298
50.7834,-56.6292
48.0694,-55.4167
50.8200,-53.6014
52.1495,-42.1788
46.2686,-47.3230
37.1988,-48.4118
54.6637,-59.8118
54.4055,-40.8074
47.7665,-46.1916
53.7099,-42.4136
53.9047,-56.1184
48.7606,-68.5807
58.9471,-55.7718
42.9273,-46.6868
55.5466,-55.1261
47.9500,-52.4702
47.0718,-51.5445
45.5683,-59.8864
49.6491,-54.9385
49.1433,-60.9577
49.7936,-58.3268
49.3320,-51.3427
56.4127,-57.3243
59.7884,-53.0186
44.2513,-56.3852
49.8168,-55.2734
43.9727,-63.2847
52.6387,-55.7609
48.1074,-58.0285
49.9705,-46.3242
56.6871,-47.4132
43.0999,-49.1974
49.0219,-46.3503
52.2028,-47.6574
55.5179,-48.0331
45.9597,-57.8976
43.9147,-58.0405
54.8595,-51.4349
55.2827,-57.3373
54.0135,-59.4763
49.7752,-50.9863
58.7351,-44.8409
56.9392,-50.3805
52.4864,-40.1481
50.8214,-47.4938
51.0139,-58.3283
51.0508,-56.8269
53.4516,-48.9367
55.7150,-48.6000
41.5490,-57.9295
39.8125,-52.6174
59.7595,-47.5672
64.7829,-52.4833
42.9560,-62.0078
59.5510,-48.9581
39.4380,-59.0312
48.5953,-53.0334
44.3058,-59.6200
49.3247,-54.3589
56.2786,-63.8953
48.3726,-58.8178
40.0626,-64.5456
58.6576,-47.7300
53.6867,-59.3708
42.2856,-57.9668
51.2660,-50.3675
50.8548,-52.9763
53.4203,-54.0692
53.7392,-51.7925
55.2139,-42.5479
57.4129,-53.4414
49.4050,-49.6991
50.3587,-46.1408
47.4771,-53.0378
57.5525,-53.4987
53.1562,-63.6030
56.9080,-53.9523
52.4720,-52.1258
48.1016,-60.1615
56.7001,-62.5819
51.1886,-52.1693
51.0447,-57.3437
52.8817,-52.7965
54.7322,-47.2171
50.0569,-46.1915
48.3803,-45.1943
50.5843,-57.0159
56.5668,-52.1461
55.6407,-41.0743
56.3292,-41.3808
53.6424,-48.4898
50.1300,-56.1210
66.7185,-52.6056
44.1835,-63.3908
50.2596,-52.3544
49.0825,-55.0512
50.8369,-63.2959
45.4819,-60.0857
52.1778,-57.7164
58.8190,-46.6070
52.3824,-55.0153
47.5726,-64.3856
60.4939,-51.6220
57.7422,-59.1013
55.6497,-54.3838
49.6153,-46.2239
51.3557,-56.6411
52.0173,-61.1633
49.3564,-55.1919
41.3957,-50.1997
59.9702,-53.5879
51.1305,-48.4166
50.9201,-50.6893
52.1929,-51.8509
52.4899,-57.2259
52.1889,-57.3991
49.4773,-45.3074
56.0125,-53.4857
53.2462,-61.8913
57.3103,-58.7215
54.9742,-47.1894
45.4560,-47.4479
54.6934,-58.0331
54.2210,-44.0897
47.3294,-50.1263
45.6578,-54.1236
56.2501,-54.0849
59.0014,-58.8483
49.7011,-48.7354
54.1033,-53.9606
50.8731,-58.3029
53.4807,-50.3327
68.5829,-51.1744
33.7577,-61.1516
56.7849,-53.5730
51.0683,-53.0545
52.9513,-57.3560
57.9180,-54.7510
50.9351,-56.5623
56.1381,-48.0149
47.9897,-51.1837
42.8482,-63.6925
57.8789,-58.4147
55.1019,-53.6628
56.3881,-55.1220
45.9001,-59.2113
47.0878,-51.7787
52.7705,-51.1296
53.8776,-46.6934
51.9283,-51.9926
60.0179,-43.1847
54.0723,-51.0698
56.8372,-52.1148
53.4717,-53.8886
47.2070,-52.7538
42.9647,-66.3087
36.3439,-58.0749
51.7932,-59.6476
56.3063,-51.6003
49.1684,-56.6415
55.0827,-50.7183
55.0866,-42.3847
51.7625,-58.1733
59.8773,-47.2204
47.9055,-50.7294
46.0357,-55.1790
49.3726,-51.7818
48.9112,-51.4134
54.5877,-49.5922
52.5109,-46.9467
52.9353,-53.3202
44.7519,-56.3498
57.6312,-52.0933
41.7243,-58.4734
56.0615,-64.2355
49.9963,-58.2078
53.1865,-53.6042
53.2798,-56.7739
49.2531,-50.8614
42.2113,-56.1481
52.1897,-46.5815
53.0371,-56.1883
51.4107,-57.5541
56.9445,-47.6927
36.5078,-61.3408
61.2283,-48.0162
59.4185,-46.3490
48.1065,-45.0478
50.7561,-53.6074
61.0186,-49.8966
46.9976,-53.9420
53.9098,-65.5476
53.4608,-56.6268
54.0606,-49.2071
53.2623,-53.9854
57.9253,-56.2475
57.5824,-45.1514
49.1355,-58.1102
50.9377,-52.5541
54.6995,-44.2402
50.7995,-58.2864
54.9940,-57.1837
56.2611,-52.1183
56.0945,-55.0690
46.5893,-55.7134
56.6784,-67.7134
45.8145,-51.7388
52.7326,-59.5593
51.9867,-52.5813
50.9003,-51.9027
44.6563,-45.9918
55.0976,-55.0853
54.1315,-52.4358
55.6919,-51.5530
56.1200,-55.5326
43.5547,-61.4928
47.7394,-59.7250
44.9900,-59.8682
50.2418,-56.3013
50.3928,-57.1806
45.1701,-58.7326
52.9569,-53.1199
46.6592,-51.3530
53.8057,-55.6943
55.2958,-55.3490
57.8963,-54.0197
56.4150,-55.0494
48.4935,-54.0174
54.1214,-60.4811
59.5998,-47.1473
49.9757,-49.0015
47.4652,-66.0381
63.4526,-44.2639
44.5584,-48.4596
50.9727,-50.7982
54.6941,-45.2665
50.3212,-50.4158
51.1816,-52.0330
55.2736,-40.4012
51.9005,-51.4732
57.4222,-48.7071
49.7733,-59.7749
55.8125,-52.4299
55.0445,-53.8547
46.4460,-55.4529
57.1488,-53.4565
50.3360,-54.3753
35.2304,-58.6580
58.4948,-53.6654
49.3778,-47.2046
42.0394,-53.5227
48.3917,-52.2773
60.3782,-52.5947
44.3854,-65.7729
59.9520,-55.1914
46.6709,-57.8563
57.6705,-49.0406
49.6074,-47.5432
57.1711,-54.1503
42.7703,-59.4563
51.8155,-48.8962
52.9553,-45.8758
55.8506,-51.5866
53.9519,-50.3619
45.5903,-56.7110
56.6013,-53.1190
49.1828,-57.5311
44.4981,-61.7182
54.2623,-47.7845
47.7154,-54.8702
65.3521,-46.5254
48.4798,-62.9767
54.5934,-50.2443
61.3290,-51.3269
54.4319,-51.9120
46.6440,-55.2066
54.3744,-50.0060
56.3729,-48.9344
50.2422,-54.5880
45.4609,-51.0420
43.1674,-54.1282
54.6153,-55.5726
55.6407,-57.9995
51.7011,-49.0144
51.3941,-48.3976
57.3527,-51.3873
55.8116,-49.6620
43.9226,-51.4400
50.9812,-50.1423
60.8472,-51.4252
57.2577,-53.4411
52.4241,-41.5341
64.0083,-48.0426
44.9103,-54.3023
55.5801,-53.1916
45.0810,-57.3928
55.2313,-53.8702
41.3581,-48.2659
54.7511,-57.2390
54.0234,-57.9595
53.4479,-50.1936
48.6990,-48.1233
54.5347,-49.2407
55.0572,-58.6707
42.5494,-53.3001
58.6073,-54.5010
41.9015,-63.1829
41.7475,-59.8565
44.1358,-55.8655
53.2482,-49.5775
54.2389,-49.2259
49.6543,-55.3179
55.7656,-45.9770
52.5588,-45.5514
54.6525,-41.9657
50.3834,-57.2259
58.1276,-50.1800
54.6039,-51.0142
60.3304,-54.0905
46.7026,-61.2084
50.6785,-47.3632
38.8261,-52.9802
55.8833,-55.1937
53.2514,-45.0792
53.9036,-49.1931
55.0954,-47.2890
56.9558,-55.6530
45.3132,-57.3068
58.2495,-53.7129
44.2637,-44.5648
49.5097,-51.4418
55.8570,-44.5709
65.1601,-51.8676
43.5093,-51.8213
59.0472,-50.6231
36.6173,-58.5922
33.8061,-64.4629
39.5314,-61.0302
50.6914,-57.4594
50.8580,-56.2232
55.7958,-45.3363
49.0666,-55.1842
54.4069,-54.0547
56.7610,-59.6953
49.6066,-57.3731
58.3796,-51.5061
51.8608,-61.0762
47.0246,-62.0759
51.6026,-54.5809
49.2257,-34.9995
58.8487,-43.3995
52.3432,-49.8948
55.5767,-48.9957
55.7226,-45.6692
51.7029,-54.0967
56.4616,-54.7533
56.5365,-53.8128
61.0141,-49.8326
53.5826,-50.4860
53.7589,-59.6020
57.9021,-53.1489
43.5923,-64.0754
50.5750,-63.4510
56.4150,-43.3960
52.5226,-50.9245
47.2372,-51.5804
57.0526,-45.8588
60.5448,-55.5990
53.3118,-42.3027
40.4403,-55.6733
59.3357,-56.1615
59.8903,-47.4844
65.0837,-47.8479
43.8869,-60.9410
55.5365,-49.4214
54.2134,-50.8044
50.6599,-52.9039
45.9249,-55.0952
51.8142,-55.9313
47.4957,-54.9124
48.9662,-49.9612
55.0101,-49.7634
57.8370,-48.2935
54.5650,-58.4486
60.1188,-51.0248
52.7542,-48.5368
37.4550,-62.4507
51.6098,-58.3572
54.2545,-52.6055
39.2350,-54.6155
51.3036,-57.9707
56.9080,-48.4550
63.4978,-44.4087
45.6859,-56.2532
55.5850,-51.2087
47.2125,-60.8519
52.9681,-54.3319
43.3590,-56.6933
59.8465,-47.1927
52.9318,-53.2897
44.2626,-52.6457
47.7473,-63.3435
48.3987,-58.3763
57.4170,-41.9896
55.3057,-50.0326
43.3736,-52.5202
58.2504,-51.2906
54.1384,-49.8841
50.4857,-52.2836
45.8341,-58.0383
51.3324,-55.7215
48.2354,-58.6934
64.1731,-52.8899
42.8188,-65.1562
59.2407,-52.5759
39.8131,-60.2731
43.4065,-56.0147
42.1034,-55.0431
51.6475,-56.1293
49.1387,-57.7524
48.2851,-54.1748
48.2996,-48.5556
52.3687,-57.5380
52.4943,-60.8739
50.3389,-48.1524
56.2263,-48.1946
44.0415,-53.3979
48.4949,-64.3033
49.8606,-49.6732
44.4375,-47.7175
61.3872,-46.1209
45.9987,-54.9697
59.0917,-47.3876
55.0026,-48.2074
47.4160,-47.5932
55.3166,-60.6420
50.8387,-53.5659
50.0180,-57.2587
55.8867,-47.6227
43.4963,-59.0313
59.0508,-48.4392
46.8811,-55.9215
61.8968,-50.8021
53.3360,-48.6655
52.6736,-50.3383
43.4466,-54.4768
49.2875,-63.6201
56.7129,-55.0570
54.0336,-52.1549
49.3225,-53.8060
54.4760,-57.6258
57.3278,-44.1229
68.8929,-48.2316
37.5226,-64.4344
58.0028,-50.4613
51.2638,-54.8427
49.2981,-62.9640
44.1032,-55.7603
50.5002,-57.3755
53.2833,-53.0723
48.8409,-57.3481
48.7154,-54.3766
59.8748,-56.5192
55.4037,-62.7949
46.5517,-56.5481
56.4763,-52.9508
45.8092,-63.2748
53.1130,-53.3321
57.1131,-51.6628
46.5036,-48.2911
62.4526,-53.5917
59.9145,-47.8887
56.0722,-48.6958
56.8331,-50.0521
49.5364,-51.7359
52.9309,-63.0176
43.6237,-52.8663
57.6004,-54.8291
53.9544,-52.0181
55.8934,-53.2150
47.5712,-53.1129
56.2039,-51.9559
56.7500,-53.5104
50.9510,-46.9402
53.5424,-44.3915
43.2110,-53.0124
52.1301,-60.9036
56.3760,-51.7190
57.2795,-46.7939
49.3289,-47.5383
48.0813,-54.8660
50.9258,-58.4993
61.5570,-52.1685
37.9737,-65.0748
55.4251,-61.1647
51.6316,-58.4886
29.2344,-58.1462
49.5884,-57.0399
52.6087,-52.2558
49.6634,-63.6814
50.5756,-52.8994
56.8728,-47.5007
58.5707,-56.1589
53.1277,-50.2143
54.2779,-57.0260
51.3251,-55.7483
55.2303,-56.6922
51.0645,-50.2141
54.8644,-41.1440
44.1050,-54.2468
52.7357,-46.8537
49.9166,-65.0966
56.5792,-54.4269
50.3940,-48.7351
46.3683,-51.2202
62.0296,-54.0553
50.0991,-58.7117
49.8550,-53.5103
47.8156,-59.4074
59.6127,-51.1608
53.6249,-52.5599
54.1766,-52.8892
51.9644,-51.6227
58.0338,-49.9931
47.5522,-55.6963
51.0346,-62.1418
47.2963,-53.9840
38.8398,-57.0050
54.8351,-48.8857
49.2234,-58.1086
46.6814,-47.6038
59.1986,-47.9951
54.8814,-51.4631
48.5867,-53.2343
62.6763,-58.7723
47.6238,-55.7149
48.4110,-45.5927
56.3485,-57.4946
42.8115,-52.3144
45.4428,-58.9787
53.1177,-48.9749
58.7623,-57.7499
55.8252,-53.3405
53.8472,-49.8207
51.5857,-56.7806
50.9908,-60.4056
42.1672,-58.9571
51.0702,-59.2035
47.7467,-56.5860
46.5229,-46.3569
51.5558,-49.3178
56.5302,-57.7834
55.9378,-50.9796
46.0452,-48.4026
50.1270,-51.3528
57.1325,-45.2962
48.5528,-58.0247
51.6508,-56.2849
48.8030,-54.3985
46.1906,-64.7423
56.4772,-54.6534
51.8819,-52.3270
54.1478,-52.7317
58.6119,-50.1665
49.7938,-49.9356
54.9240,-58.5363
53.0670,-55.3487
43.1411,-55.6817
47.7612,-57.0982
53.5652,-48.5422
46.5937,-47.1313
49.8661,-59.8914
50.8937,-52.8347
55.4553,-55.8037
53.5983,-61.0393
51.9534,-59.1459
50.5046,-53.1680
53.8371,-53.7168
43.8910,-52.0061
50.5551,-54.9999
57.3146,-43.4128
56.6285,-48.7878
51.9827,-62.5650
55.6178,-55.6741
45.3364,-59.2943
56.3019,-57.0501
50.8911,-53.7066
50.1852,-53.9184
47.2919,-60.1936
60.8862,-41.4274
53.6795,-46.8595
47.5356,-59.8401
51.3065,-60.0130
52.8644,-50.4947
56.7329,-43.3138
59.4328,-51.0940
61.2334,-47.9697
50.6621,-59.5471
48.2270,-49.0397
55.8192,-57.3451
60.6454,-47.1808
48.0939,-51.8142
57.0345,-54.2386
62.6972,-50.1888
41.6633,-53.6173
53.6796,-47.6733
53.6053,-54.0926
43.1972,-57.3240
56.3074,-59.6555
45.5647,-49.6637
41.7610,-54.0477
49.1181,-53.1099
57.7161,-55.8653
56.1876,-56.8864
57.0249,-47.6835
50.4892,-61.4165
50.1233,-49.9934
51.6169,-57.8244
50.0583,-52.5377
49.1488,-59.4081
55.4505,-47.9461
52.9088,-54.1312
49.1546,-59.2242
53.2921,-56.3852
47.1911,-60.1366
58.4163,-47.7292
62.5046,-46.6447
50.8889,-55.9795
51.8075,-59.4248
57.3096,-50.2979
56.6327,-45.5208
56.0725,-42.9880
52.6218,-47.7529
45.6703,-45.2447
55.0132,-43.2145
58.6622,-59.7943
51.6271,-44.4291
50.5813,-56.6888
49.4339,-59.1406
54.8933,-61.3736
70.1286,-42.5538
52.1730,-48.9575
60.2507,-49.0707
62.2861,-52.8536
47.4710,-52.5253
55.4471,-54.9767
50.9342,-58.5642
42.6822,-49.3619
47.6721,-61.7203
60.4488,-56.3489
39.3666,-47.3151
62.5492,-58.2700
49.3874,-53.8897
55.2934,-46.8697
54.8391,-48.1468
47.3513,-50.5628
47.3291,-56.0339
51.2710,-54.2727
51.0485,-49.0335
47.2590,-60.9162
50.0328,-61.1987
51.5796,-54.5714
50.2860,-55.2320
55.3639,-47.7439
49.8152,-59.1262
54.9686,-50.9957
51.0660,-55.1090
55.1932,-56.5541
54.2718,-64.4928
58.2475,-42.2293
52.4075,-46.0174
45.5588,-58.0806
55.8570,-48.8472
48.0639,-43.4564
54.0202,-50.9919
48.6401,-60.1246
54.9554,-49.2558
55.4673,-54.3105
44.4891,-56.9707
64.1065,-43.8889
56.2453,-39.2695
59.2733,-49.5581
53.1910,-53.9763
52.8697,-57.7115
49.3543,-51.8489
56.2997,-53.9017
43.6693,-60.1862
55.2472,-52.3689
52.8828,-52.5831
41.0870,-44.0651
50.9566,-53.4706
65.2848,-56.9562
49.4172,-56.1547
61.6229,-46.8324
52.6591,-45.3529
51.4790,-55.6845
51.1663,-46.1998
50.7708,-59.0019
50.6075,-51.6102
63.7367,-50.6191
66.1408,-57.0561
54.0819,-55.7644
60.5716,-48.7931
54.1687,-54.8451
37.5103,-58.8924
53.6911,-50.0947
54.5591,-60.0154
56.9619,-51.5543
48.4276,-59.1585
53.9811,-55.9619
50.9095,-50.4424
61.6390,-58.4773
61.3742,-43.6069
40.5977,-49.5113
51.0107,-53.1879
52.8089,-59.8428
48.8793,-45.8466
44.8356,-59.4955
53.9940,-54.8120
50.2703,-55.2419
53.9063,-56.2612
56.5708,-47.8970
49.8429,-55.4535
54.0886,-55.0915
41.8993,-55.4611
47.0737,-59.7706
51.4003,-53.8007
55.5134,-47.2173
50.4909,-59.3346
47.8907,-46.9104
42.9477,-50.2647
60.9130,-54.0532
40.9505,-54.5237
51.7911,-55.6094
54.8176,-52.1174
60.6277,-38.9354
46.5475,-47.8214
50.5131,-56.6301
50.0419,-51.9468
50.6891,-53.8821
55.5050,-57.8735
58.5859,-57.0926
56.5493,-50.1279
52.4414,-60.1446
51.0591,-59.5588
55.8070,-45.1807
48.8737,-62.9965
53.7200,-59.1734
59.2572,-54.3565
58.2911,-47.5207
53.0834,-47.5794
57.3075,-52.6019
56.1163,-47.6006
44.7879,-45.4061
53.8266,-44.6105
60.9925,-53.5672
56.3364,-47.1766
53.4881,-55.3346
51.8049,-52.8278
51.0244,-55.4669
63.5186,-43.6327
53.4352,-55.7929
58.3076,-45.9229
57.0140,-57.1548
47.7756,-53.1342
52.5510,-58.7747
51.0693,-54.0525
50.5995,-53.9643
53.4542,-55.1030
55.0761,-48.7631
43.8802,-49.0393
62.8744,-66.3762
46.5093,-56.6391
43.9831,-64.8104
57.5757,-49.7657
48.9757,-57.4658
45.0155,-57.9560
45.9358,-63.1045
55.2093,-52.0695
51.5149,-60.9486
52.1278,-56.2519
55.0534,-55.7177
49.7372,-61.8915
53.5767,-50.6877
41.0706,-61.0885
45.4987,-61.3226
55.3955,-51.1998
53.3004,-57.3759
55.9741,-58.0301
57.3576,-52.8502
56.0025,-48.0926
58.5923,-66.4064
58.3327,-54.0932
44.1731,-53.7183
49.9907,-55.9278
48.4020,-48.6888
64.6829,-43.2135
47.0840,-62.1105
53.8594,-54.3802
50.6898,-55.3021
47.2147,-53.3044
57.6201,-50.0607
56.8423,-51.9943
54.4502,-55.1979
52.8134,-51.9808
58.7929,-57.0695
48.4195,-52.4048
48.2105,-53.9729
55.8043,-50.4537
55.6027,-38.7671
49.3350,-46.3885
46.8886,-57.6969
57.8192,-53.4186
44.9927,-58.5320
59.2115,-52.2312
56.4833,-53.2928
51.5512,-47.2999
57.3168,-61.5887
52.3492,-50.0578
49.3818,-55.8023
58.7571,-46.9496
61.1469,-40.6943
52.9069,-60.0479
51.1673,-49.6403
50.8201,-55.0706
48.5893,-53.7308
52.6070,-54.3897
58.1411,-38.7250
54.6995,-54.3067
56.7228,-47.2151
50.9780,-49.9852
54.7577,-59.3207
56.2825,-52.9391
47.1747,-53.5279
56.7631,-50.7154
60.1189,-46.7278
53.0943,-46.8591
57.6173,-51.3080
45.8119,-63.3915
61.6863,-52.7190
65.6920,-35.5487
51.0832,-57.0692
56.1800,-46.3045
57.6196,-49.9807
45.0391,-51.1576
49.2362,-52.8724
51.8148,-59.2907
55.3518,-45.2879
57.4638,-49.0933
43.5025,-49.7938
47.2023,-58.7647
60.8039,-43.4547
63.5892,-55.5412
40.3372,-65.4133
58.3396,-50.0887
50.5287,-59.3785
49.9677,-62.1079
40.4739,-64.6121
52.6571,-56.6691
50.5593,-58.0421
46.9197,-58.9276
46.9951,-55.1197
58.4734,-54.1315
55.3888,-59.4833
47.5535,-59.6868
57.6485,-42.4439
50.0016,-55.9787
51.2305,-61.2234
56.4850,-52.1747
52.8634,-34.6291
48.9091,-45.3244
50.3113,-55.7210
53.4810,-49.6097
50.7614,-51.4436
53.3274,-52.8074
55.7137,-56.1856
44.5107,-61.8094
49.4592,-52.2958
57.3746,-59.9727
53.8042,-66.4228
59.0096,-50.5607
46.0946,-61.6085
58.2502,-49.7869
57.1024,-55.6213
52.3041,-44.0238
47.3930,-49.8119
52.9719,-57.1348
44.1308,-57.0712
54.8044,-52.1412
53.7163,-49.2892
46.3223,-49.5282
45.4046,-59.7276
51.3320,-55.5049
55.5775,-55.3842
55.2217,-53.8218
47.2226,-57.8417
41.2585,-53.2926
46.5987,-64.8345
52.7101,-53.2404
46.1499,-55.1829
51.1374,-47.4495
56.1895,-44.3986
57.0015,-55.3858
52.9842,-62.7886
49.3445,-57.7215
53.0707,-49.9049
47.2116,-61.2213
52.0289,-60.2336
42.7000,-55.8749
52.2898,-49.8862
50.8511,-47.1708
52.0706,-56.3534
60.8148,-48.9702
53.0508,-49.2760
53.4959,-54.0266
54.7902,-50.4828
56.7862,-53.2629
55.1920,-62.9141
57.2873,-45.6716
53.5250,-49.0246
61.4513,-49.3035
57.0340,-58.0088
50.8163,-44.2028
58.6324,-55.3723
42.7829,-53.9773
52.2670,-64.6282
51.2194,-49.7172
40.9463,-57.0111
45.8091,-63.8144
49.5110,-57.9599
48.0271,-44.1561
58.8707,-54.5636
61.1842,-53.9198
51.8850,-61.4986
55.8414,-49.4545
49.0746,-53.7169
45.8398,-60.6236
51.2015,-51.8461
53.8214,-54.3560
47.6289,-61.1131
56.5115,-42.4560
46.4225,-51.1578
58.2299,-49.1509
55.6258,-59.8690
45.9202,-62.2256
57.9147,-42.4214
45.5619,-61.9315
51.2806,-58.0716
45.9978,-61.4892
53.3744,-47.2130
55.3025,-47.2305
55.9408,-48.3977
63.1610,-53.3693
49.6346,-44.1114
55.6739,-45.1229
48.3775,-58.9893
54.8406,-52.6293
45.2541,-50.7479
50.1356,-54.3936
56.4900,-45.2872
58.3467,-55.1156
