21.8560,33.4609
13.0870,27.5929
22.8380,16.4015
-1.0460,21.3330
19.1707,20.0546
-4.4417,9.9114
-40.8231,-21.9898
-26.6522,-16.0820
-22.3001,-21.6437
33.1677,44.4436
18.5337,37.1117
29.9348,39.3928
22.4574,30.4032
7.4263,22.0977
19.2846,17.7532
14.7020,22.9691
21.6822,26.5448
-48.6475,52.1208
-45.6395,53.6282
-53.0720,54.9799
-47.4720,53.7550
-38.6394,55.3614
-54.6718,55.2129
-55.3754,51.4932
-48.5835,46.6332
-50.1094,47.0817
-55.2151,52.0401
-58.4087,53.6064
-55.0252,51.5681
-49.1109,59.7261
-44.9487,50.7893
-52.7200,47.7625
-48.9911,52.2528
-61.7189,55.9548
-45.1536,50.6591
-59.4860,45.6262
-48.4105,50.5110
-49.8538,50.7180
-56.0640,50.9812
-46.8779,52.7943
-53.7109,55.7931
-50.1564,48.8532
-42.3704,57.4663
-47.3376,58.6051
-49.3783,54.9895
-62.4419,44.3142
-47.8599,48.1277
-52.2463,56.3184
-48.6792,46.1887
-56.1329,42.5353
-40.9142,57.8137
-59.2649,50.0722
-53.1613,44.7849
-48.4312,60.9996
-58.4727,42.7704
-51.8108,46.5125
-48.1140,46.6971
-57.8199,50.4247
-49.8189,56.2695
-48.4369,60.2589
-43.2966,55.4094
-47.5378,55.2214
-53.4314,59.1785
-55.1221,45.8698
-57.6543,49.5127
-51.7753,41.6359
-59.0145,55.1185
-52.2744,54.6150
-50.4968,48.8249
-62.5442,43.7388
-50.7359,53.8431
-53.6061,50.7928
-56.8283,51.4720
-52.2205,50.7463
-52.2968,57.0903
-62.1983,48.3267
-45.6348,52.5682
-51.6715,62.9226
-50.3917,51.2000
-54.3667,57.0143
-56.4793,53.1198
-55.5418,48.9454
-55.6603,61.3871
-45.7002,50.8136
-56.1915,48.8648
-61.6586,40.1877
-51.0181,45.0824
-47.5076,54.2219
-55.2575,51.6543
-43.3036,64.0235
-42.9800,56.7981
-52.2542,50.1785
-45.1616,59.0005
-49.2391,57.0149
-48.3170,43.5998
-44.3775,56.0301
-52.8764,52.4954
-44.6352,58.8608
-53.2901,60.5404
-46.5413,55.8353
-53.2670,52.6542
-54.3776,50.5537
-58.2427,48.4645
-48.0629,51.2069
-48.8409,53.1068
-51.2788,49.1937
-54.4675,49.2214
-54.8989,58.2170
-54.0466,58.7491
-48.7701,60.4158
-51.0321,55.8423
-47.4166,52.4260
-49.2555,54.8919
-43.9435,61.8781
-56.9272,54.6086
-52.5290,50.5930
-49.9070,53.9240
-57.7010,48.5852
-54.9380,51.4805
-50.5286,50.1043
-53.0166,54.0704
-58.7029,52.1992
-58.3775,57.9052
-37.3997,60.3198
-50.6892,55.1481
-65.2688,40.8230
-52.2081,51.2800
-51.0364,49.3128
-50.3369,55.1376
-36.8241,61.8401
-43.8314,53.3425
-56.1363,51.0954
-39.9861,62.1066
-53.8456,49.5938
-55.8202,47.9755
-52.5817,42.4197
-50.2430,53.6993
-49.0523,59.3728
-50.5570,53.6447
-43.0747,62.4886
-53.5454,46.5055
-54.9279,55.2845
-58.1921,45.5233
-51.9137,53.2693
-49.9727,55.0890
-55.5966,51.7612
-47.2481,52.2567
-44.8180,48.4486
-46.6631,49.7488
-54.9428,56.8988
-61.5996,48.7541
-49.6414,47.0461
-58.8543,56.9605
-59.2212,52.8013
-45.8672,54.0712
-47.2253,48.8008
-57.4593,51.6604
-46.7037,54.1911
-36.9965,66.5694
-57.1384,49.2466
-55.9251,50.3494
-49.6922,49.9800
-52.4558,48.4911
-47.1214,57.1297
-53.3490,46.8418
-62.7813,42.2840
-49.8891,54.6094
-50.1285,52.5635
-52.1583,53.9855
-49.1950,57.8380
-41.1836,45.7682
-53.3050,56.2850
-48.4437,62.0054
-53.0677,49.3392
-55.0683,48.1080
-56.9113,44.8184
-53.2849,37.9802
-52.9962,53.2656
-49.1821,50.6722
-45.0588,62.6753
-54.9028,45.9843
-49.3181,63.3106
-52.5105,54.4379
-47.3583,57.8019
-56.4392,51.4939
-49.4062,49.2304
-53.0636,49.5119
-52.8907,52.2090
-56.3212,37.3928
-44.7347,63.7955
-53.6046,45.1101
-55.2872,53.9116
-47.9713,55.2112
-61.3818,55.3587
-45.8041,55.6486
-46.5514,58.5676
-46.0093,55.1845
-45.8647,57.5841
-60.6278,44.5280
-47.5911,49.0692
-55.1753,55.8010
-46.3533,47.8864
-53.1842,56.0706
-45.7079,55.3088
-50.4172,45.6313
-63.3466,37.4880
-54.3325,52.1388
-50.8508,55.5898
-56.3642,57.0569
-51.2666,56.2652
-42.9370,53.1767
-52.9036,57.2533
-53.6646,56.7770
-47.3447,56.7497
-54.2354,47.2811
-46.3092,43.9708
-43.5576,47.8185
-56.5879,55.9806
-46.5330,51.2410
-38.7096,64.7273
-58.4339,44.9122
-55.2249,48.7397
-56.1814,51.5964
-54.4640,49.5491
-50.1433,42.3297
-45.0990,55.6136
-53.8392,50.9413
-59.2464,54.7588
-59.2623,51.3421
-47.5481,57.7189
-58.1924,47.3176
-52.3459,45.9190
-37.6228,58.5556
-58.8101,54.5997
-46.7076,46.3250
-58.9378,47.4681
-44.2284,62.2084
-50.3333,61.7146
-58.0401,41.4294
-42.5551,53.4279
-58.6556,57.7899
-50.8462,48.8477
-47.6655,61.1817
-52.0174,49.5394
-46.6249,54.2083
-56.6942,44.7091
-54.3603,45.6390
-49.9109,60.9732
-45.5540,55.4535
-59.1969,49.8429
-57.5935,54.0120
-56.1732,50.5937
-64.9033,39.4079
-53.7482,58.5541
-60.4600,48.4024
-43.9054,49.3305
-39.8678,57.3861
-51.6166,54.3308
-49.5397,56.3174
-52.2004,63.1922
-52.0426,51.2721
-49.3946,47.6219
-56.3327,55.4315
-56.1681,52.4495
-62.4223,33.7535
-50.0466,45.4854
-57.5020,48.4116
-52.8573,46.8370
-50.6852,51.1088
-61.6159,51.1614
-59.4993,47.8453
-52.4403,50.8234
-40.9469,56.6361
-56.7775,56.6063
-55.4069,51.3139
-56.1755,39.8462
-41.3476,60.7436
-61.9823,51.8277
-50.0976,50.8070
-48.4238,49.6639
-56.1085,51.9798
-45.3267,54.7413
-45.0615,52.2573
-40.8694,61.0301
-53.3678,42.2818
-61.9359,42.1287
-53.2033,51.8024
-45.9048,51.6516
-56.6445,45.0739
-49.8144,51.9253
-47.6005,50.6263
-48.9521,58.8461
-51.3501,58.7166
-48.6973,49.3454
-55.0084,45.4946
-54.8671,43.0076
-42.0402,56.9374
-48.9870,57.3517
-47.7998,56.1201
-47.3655,65.0347
-53.3230,45.3093
-64.5371,46.4232
-56.1324,50.1952
-49.8390,53.6302
-51.3162,45.2900
-43.6398,65.4330
-50.1681,47.2171
-59.1833,48.5035
-59.1556,53.5041
-53.4179,48.6723
-56.8888,45.2924
-56.3956,55.2565
-41.8156,67.9550
-59.9054,53.8260
-57.2432,53.2917
-53.8992,49.3468
-51.7429,48.4753
-53.8898,51.9404
-51.5622,36.2989
-54.3641,48.1171
-62.2508,48.9712
-52.1519,51.1922
-48.1548,59.2470
-43.8221,59.7466
-50.0410,47.2579
-61.6663,41.2925
-53.7802,52.7195
-45.0093,52.6005
-45.2249,58.3199
-52.7619,52.4543
-45.4726,57.5800
-49.6499,57.0236
-55.0589,56.0603
-55.1785,53.9641
-49.7043,48.7072
-45.5039,48.3605
-45.6563,51.3038
-51.2369,58.5481
-46.5102,50.4652
-42.6060,61.8776
-59.1710,45.3432
-59.4809,47.7451
-46.4257,52.8258
-44.5785,52.5359
-48.4701,55.1115
-44.2638,57.1649
-44.7497,58.4936
-57.3333,60.1723
-50.8395,58.3473
-53.8669,54.1506
-59.8330,39.9532
-60.6097,48.6753
-50.8627,50.6443
-49.3888,54.1889
-51.9660,55.9593
-43.3045,54.8208
-46.7768,62.1806
-52.7570,51.4400
-56.8128,45.6700
-53.5002,52.7837
-52.9618,59.1603
-41.4449,53.2617
-59.0195,57.1855
-47.5400,61.2134
-50.2841,43.6763
-56.2259,47.9475
-53.4300,53.3376
-53.4793,54.0819
-48.4675,55.9166
-49.1244,51.9068
-38.2327,52.2933
-48.5692,56.7377
-56.1432,56.7760
-52.9691,49.9148
-47.8515,55.4181
-53.3937,47.4271
-50.3006,52.3419
-48.2766,59.6901
-50.2556,56.7250
-46.3639,59.5461
-53.2816,47.8996
-59.5116,48.8940
-57.5298,51.0137
-49.0957,49.6097
-46.4113,50.9999
-52.9160,58.9326
-46.4342,41.0461
-56.7065,46.1059
-55.3583,48.9996
-46.4527,53.4871
-53.1139,48.3305
-54.1583,54.4230
-48.4643,61.9758
-51.4765,57.8780
-59.6922,56.1851
-42.0670,57.7090
-42.1263,66.9220
-56.0207,53.0064
-38.7164,57.6394
-42.2387,55.7567
-44.8416,51.2499
-52.4514,50.1177
-52.8560,64.2957
-49.2126,60.0597
-61.1418,40.8421
-56.0282,49.4531
-50.6628,57.6307
-51.8984,51.4848
-46.6001,59.6906
-43.6438,58.1319
-46.1249,46.2582
-45.7910,58.6025
-45.6266,64.4451
-49.5890,53.6905
-50.1754,46.1821
-59.0747,48.7089
-46.7457,45.0511
-47.6295,51.0843
-55.7791,48.4486
-42.8248,62.5765
-59.4282,49.3872
-46.9410,55.7248
-60.8866,40.8315
-52.4255,50.5078
-52.1308,48.1729
-51.7915,55.2977
-50.2282,50.9623
-48.3894,56.4371
-41.0809,55.7816
-54.1634,58.9115
-48.6888,55.9317
-58.3996,47.2478
-55.7825,52.0217
-57.5293,55.5024
-48.8057,49.1950
-54.6364,32.0109
-49.5414,59.4589
-60.2173,40.4158
-50.3784,48.2154
-47.9939,46.3917
-55.9574,55.1201
-56.7858,46.4590
-51.6341,49.5911
-41.4993,57.2563
-50.2385,53.7870
-57.2422,45.9549
-49.8928,52.0618
-57.2626,54.6097
-54.0387,59.1808
-65.8241,29.6808
-41.6696,61.3956
-61.2026,48.0192
-51.8379,38.9017
-57.8083,58.2133
-58.7752,59.0094
-49.7943,52.0582
-56.7341,51.9210
-60.8058,45.9751
-47.2115,53.4207
-54.7896,54.4761
-47.8878,51.3774
-55.9812,51.2747
-45.2315,61.0418
-51.6618,57.1266
-56.3243,42.2978
-51.4308,39.7667
-59.0618,54.0870
-51.4682,55.6027
-52.6704,41.8069
-56.7996,54.4294
-54.5184,55.5331
-49.1382,44.9581
-49.1502,51.7271
-58.3607,53.8834
-45.5923,44.4942
-48.8801,57.2329
-55.9376,53.9483
-55.1854,51.5251
-54.0670,52.0313
-57.0524,46.8230
-62.4210,55.5961
-49.8735,50.2380
-53.7751,48.7137
-53.5594,54.7509
-48.0684,53.4943
-58.2096,45.6768
-52.4152,47.5442
-52.8377,51.4246
-39.2913,54.1807
-49.6268,53.1104
-53.6611,62.7805
-56.4236,54.8033
-48.4867,53.1791
-62.8024,50.2523
-55.4127,41.9807
-46.3383,46.9037
-53.5288,44.9400
-52.9642,52.6974
-29.3315,59.7898
-39.9018,60.8529
-50.6546,56.2477
-47.8082,60.4374
-59.2188,41.0340
-46.9247,53.9887
-52.7853,42.2126
-52.9580,51.8891
-57.1037,54.5179
-52.8334,63.0517
-47.7292,60.6989
-61.2259,59.6454
-48.0343,55.1499
-48.5622,45.5114
-55.7140,55.4309
-48.4038,54.1059
-53.9703,57.9414
-58.1452,50.5113
-44.7500,50.8885
-55.3405,52.6021
-58.5320,49.7776
-62.2207,50.7750
-61.2243,52.6410
-49.9531,47.2277
-56.8340,58.8413
-47.7724,54.5217
-51.5623,51.2652
-64.4477,43.1902
-55.2412,43.6729
-55.8579,49.8563
-49.8056,52.7775
-42.3073,62.6124
-47.2065,58.3246
-49.8614,59.5666
-53.0151,45.6499
-63.5896,48.7272
-52.4313,39.1860
-56.4894,53.9433
-64.6405,49.9361
-52.0558,55.6829
-46.5614,56.4154
-53.4812,58.8801
-46.3994,50.5476
-48.1568,55.1178
-55.6570,54.8328
-51.8584,51.1481
-52.0784,48.0115
-48.6559,50.8235
-48.2173,58.0228
-56.4735,57.2979
-36.9063,50.7025
-58.2812,62.0681
-44.8506,59.6686
-57.1085,49.9319
-51.2865,56.0697
-57.0968,57.2837
-59.9250,56.2117
-54.4087,49.7739
-50.3410,54.3821
-55.8758,56.6281
-57.7777,42.4745
-50.1385,55.1455
-55.1881,55.8540
-51.5591,53.6704
-57.4689,54.4088
-56.3059,53.3651
-56.0704,40.1533
-57.8097,44.8953
-56.3626,51.3241
-46.0952,52.9596
-57.5263,57.8746
-50.5561,53.3909
-46.4985,52.5541
-47.7041,52.7028
-53.3255,62.9985
-53.1839,46.1684
-48.7824,54.2019
-46.0010,51.3466
-51.3118,50.5910
-54.5584,44.8127
-42.5507,64.8908
-45.3127,51.8975
-55.1770,47.0910
-54.4622,47.7736
-42.9268,56.0405
-51.6667,47.1938
-47.1078,55.8993
-42.0018,59.3660
-47.7548,40.7070
-57.3599,46.6640
-62.6557,42.9648
-47.3938,48.8445
-57.3857,47.9178
-55.1967,51.0493
-43.7176,60.3753
-56.1320,55.5320
-59.1332,54.8044
-45.7236,55.7834
-50.8735,49.7247
-40.0493,53.9238
-57.6813,47.7331
-53.4103,48.3542
-54.2851,48.8227
-42.2896,62.2760
-58.6092,53.2580
-46.7118,48.5308
-53.0030,44.5257
-47.5078,44.1796
-46.9270,53.4982
-44.9045,56.5144
-47.9438,55.9013
-47.6611,58.3511
-48.5278,52.2277
-49.9572,52.7295
-53.3842,65.2906
-57.9040,50.9197
-49.7763,42.7748
-47.3044,51.7405
-48.6017,44.5921
-49.7585,50.5038
-43.2413,54.9140
-47.7920,60.2755
-48.2336,50.5140
-53.3979,49.0416
-52.2064,54.8828
-41.3917,51.0936
-51.4076,48.0022
-50.0012,55.0217
-57.3990,43.9509
-50.7667,55.6878
-39.6493,54.9563
-54.8246,53.2286
-48.0786,57.7306
-41.7177,48.1319
-48.3236,59.2871
-54.5169,55.2239
-52.4948,56.9085
-54.9115,54.1165
-54.6876,59.7603
-61.3062,60.4477
-47.8376,39.0865
-45.5694,54.0242
-54.3934,56.7284
-52.3436,52.6262
-47.9627,64.8675
-48.1779,60.9006
-54.6231,49.0006
-65.2591,40.3693
-47.7637,49.9953
-46.2830,50.9801
-53.2923,59.6691
-43.9659,55.4502
-53.2329,41.2548
-50.0773,55.5826
-55.5158,61.3933
-48.8178,46.5209
-50.5831,43.7693
-58.3073,49.1376
-52.8519,46.5740
-37.1684,62.3925
-49.6875,55.6459
-51.5426,60.0229
-54.8031,55.9627
-60.4744,50.4334
-58.3595,57.4952
-57.7795,47.4223
-35.6120,61.5029
-55.6249,48.4819
-54.1428,53.6498
-47.1414,46.5856
-51.4006,43.9770
-56.9007,46.7652
-50.5664,32.9716
-58.6554,55.1182
-57.6253,53.2921
-38.5840,51.0976
-62.3390,47.4888
-38.1862,50.5396
-46.4050,56.6974
-44.4211,56.5928
-39.3778,52.5648
-45.9946,53.5399
-52.2453,55.3971
-51.2490,59.3261
-55.6703,63.4743
-58.2311,45.7370
-54.6829,50.6666
-40.2464,55.1368
-45.5762,50.5133
-43.7387,59.8009
-54.2858,51.1795
-51.7539,49.4103
-37.9102,51.1897
-49.4655,51.2455
-59.3238,39.5261
-45.8126,53.3483
-48.6491,58.5528
-55.5510,49.4310
-49.9878,46.8594
-50.5023,52.1166
-55.1561,51.9720
-61.4709,46.8171
-54.6357,55.5688
-53.9908,38.4582
-51.6108,57.0446
-56.9071,53.7475
-50.7166,59.8366
-44.9318,48.2802
-55.2366,52.8093
-45.5305,48.3818
-62.5490,32.9297
-58.1375,46.2654
-48.9423,52.5056
-57.6021,52.5968
-57.5431,52.2436
-56.3885,50.6660
-55.0057,49.2402
-54.6982,57.3874
-54.4211,47.1977
-64.7477,48.5331
-57.1108,48.0797
-48.5169,50.8477
-51.6166,50.9161
-46.4498,56.4372
-55.2588,46.8132
-57.5627,46.5262
-53.4096,48.8568
-33.1045,55.7947
-48.1563,51.7577
-40.0754,59.4102
-51.6134,53.1162
-48.2850,55.6803
-44.8618,56.4748
-49.9966,54.4805
-52.4686,53.5335
-48.5855,50.2654
-49.3573,60.1711
-51.6296,49.1796
-55.2751,49.7714
-54.4981,51.9754
-56.5078,54.9356
-64.1792,39.2370
-47.2005,65.6872
-61.2194,51.3737
-53.6111,54.3170
-53.7993,45.4832
-54.0259,55.3625
-48.3973,56.0983
-56.3553,46.1439
-43.8028,48.9748
-54.1744,55.5011
-62.4441,44.2892
-53.5712,54.4965
-55.6460,47.4083
-60.2352,54.0276
-37.1963,59.2290
-53.5453,48.6485
-42.0618,60.0751
-57.8513,50.6853
-59.4610,54.8290
-52.7258,61.6101
-51.8620,53.7306
-60.6254,50.4580
-51.5643,50.2992
-57.4047,48.9987
-60.2824,43.8422
-52.4352,45.0846
-37.9289,55.9837
-54.5438,51.9265
-50.7687,53.4101
-59.1914,47.9147
-48.2774,53.4126
-43.9838,51.7797
-49.7061,52.3151
-50.1745,47.8962
-48.0331,48.7951
-44.4656,64.2202
-48.6007,56.4492
-56.8776,47.7872
-54.0720,56.7994
-58.9572,52.7699
-61.0439,52.5565
-56.3932,52.9159
-51.7300,49.7274
-53.3505,57.7621
-56.1190,47.8002
-51.2725,51.9477
-49.3004,49.4281
-55.8236,56.6121
-42.2553,56.3810
-59.9595,46.8374
-59.0577,42.7584
-50.9774,51.9737
-58.8487,55.0398
-50.5362,49.8407
-50.0447,58.4261
-57.7128,50.2082
-47.9345,59.4566
-44.4702,56.6651
-58.1348,58.2091
-44.7564,58.7454
-49.4418,47.5813
-56.9577,61.8772
-53.1235,52.1303
-60.0722,47.7298
-51.3651,52.5461
-55.8960,49.2703
-45.6942,51.9073
-47.7949,49.9632
-45.4254,57.2837
-55.9655,48.7086
-51.5060,52.9859
-45.3803,47.9787
-55.8253,45.5514
-54.4244,52.1548
-51.7863,50.8117
-44.8232,55.9260
-56.7274,54.5150
-63.8717,44.9814
-61.0088,44.1130
-57.7624,52.7207
-63.3439,40.4277
-54.5733,61.5699
-52.6331,49.8918
-49.2667,61.0428
-46.0872,57.4565
-50.9277,58.7222
-53.9265,49.5249
-55.3603,51.5346
-49.9441,45.9102
-53.6520,55.1089
-58.8246,46.2673
-53.2814,51.3046
-55.2559,62.4200
-52.0447,54.5532
-43.3489,56.7113
-57.2123,43.7629
-34.7937,55.3902
-57.2114,51.5941
-48.5226,45.5289
-44.9788,47.6022
-48.9408,51.1410
-39.2037,60.4159
-53.0676,61.2475
-49.3300,48.0094
-57.2801,55.3209
-55.4463,53.8309
-45.2440,56.7397
-50.6866,63.0931
-42.5650,62.7291
-39.2280,57.2587
-56.9965,47.5631
-55.7644,52.3806
-58.8977,42.3899
-57.1975,46.0279
-47.7905,47.0180
-43.1436,62.8189
-50.1948,51.0136
-57.0381,54.0648
-46.9722,54.5105
-57.1330,51.0032
-66.4500,38.6501
-48.5772,63.1240
-54.4404,44.2657
-57.4161,56.2430
-53.5536,55.8874
-53.8531,49.2143
-50.8434,45.8241
-58.9284,51.5903
-47.8515,43.8199
-57.3799,46.3241
-57.3773,47.8716
-54.5361,54.5503
-51.2240,65.2088
-49.8669,47.1023
-51.0002,55.6876
-55.3639,48.3361
-44.9064,59.3186
-49.0500,57.6987
-54.5414,52.1048
-45.2101,57.4046
-61.0799,48.1490
-52.5670,62.4047
-48.7871,57.4375
-57.9754,56.0634
-55.6469,55.0575
-56.9235,47.6262
-51.2710,54.5416
-47.1852,55.2423
-49.4961,58.1447
-53.0959,52.0716
-51.0336,49.3429
-48.1800,47.2594
-58.5437,42.1967
-54.0977,54.6585
-54.1396,52.5558
-47.7746,58.7030
-55.4082,57.9737
-54.1955,46.7645
-47.7131,53.4575
-57.7908,49.2824
-61.5649,44.2195
-50.1041,50.3352
-53.2018,47.7600
-52.5016,57.0500
-57.8744,51.8208
-54.8176,52.8931
-51.0446,48.8197
-62.3444,46.6874
-53.4404,41.7555
-51.1908,54.8884
-62.5270,49.5075
-54.6133,54.6461
-51.4936,60.3302
-52.9606,54.6500
-50.7339,49.4809
-59.7392,49.7495
-60.1140,57.4888
-51.2119,56.4538
-46.6463,54.5846
-45.4659,53.5197
-52.6112,52.5959
-50.8042,58.4094
-53.2438,55.4809
-56.5089,52.4886
-50.8987,44.7966
-60.9014,48.9059
-48.9439,52.7836
-47.6497,53.2698
-43.9649,57.7897
-60.0775,44.8771
-55.4998,45.5330
-53.9078,43.3333
-50.4184,47.1301
-60.1470,50.5713
-45.2101,47.9551
-43.8336,51.9310
-68.0204,45.1205
-55.6685,53.1231
-56.3235,52.2246
-63.3306,49.6037
-62.4550,41.6124
-58.9992,60.5202
-57.8577,42.3813
-61.9955,62.7195
-53.6106,53.4347
-54.4776,53.1840
-55.4194,43.9033
-52.9607,50.0579
-47.8668,41.9812
-39.5009,54.0487
-59.2507,43.4879
-59.9929,42.9792
-58.3362,50.4367
-55.0078,59.7637
-55.3020,48.7995
-59.8953,49.2584
-49.8307,51.4001
-51.4721,54.5047
-46.7073,64.0215
-51.3443,47.4725
-49.6008,54.6113
-47.2684,59.6923
-56.0226,54.7945
-54.1683,44.9268
-58.3274,52.8606
-52.3149,58.7396
-48.7806,55.9267
-58.3779,50.1595
-49.9531,58.0025
-55.4678,50.1209
-57.0684,40.5378
-51.3157,53.5271
-57.3754,42.6417
-54.6190,35.8826
-54.2949,46.4733
-51.5143,59.4297
-41.9867,54.6300
-48.5749,60.4751
-52.6861,50.3478
-59.2887,43.8701
-63.1107,47.4705
-47.1905,59.4180
-52.7817,55.3450
-40.7071,62.4766
-52.4978,58.2542
-56.5061,41.5338
-46.9320,50.0250
-61.0901,52.0784
-51.6951,49.6388
-58.4825,46.4979
-51.1334,51.0773
-48.9718,56.9268
-54.4043,46.9770
-53.0059,52.1683
-55.9875,56.3806
-53.1424,49.9037
-54.6092,62.4635
-65.3969,51.4115
-57.2089,60.1986
-54.4259,56.1723
-52.7636,36.1255
-60.1731,57.6912
-55.0885,47.4007
-53.7174,51.6364
-63.3341,44.2288
-48.2695,52.3830
-40.2967,53.8378
-43.7646,50.9382
-40.7753,59.7206
-55.8650,46.2135
-53.1787,49.0271
-46.5779,52.3020
-50.2755,51.0949
-55.4073,51.5226
-44.7165,55.9076
-42.2288,61.9173
-53.4256,53.7921
-50.3521,55.5646
-56.9686,49.4555
-58.0592,53.9828
-64.4337,44.8196
-55.5921,54.1288
-55.3302,46.0730
-54.2507,67.7642
-55.6648,52.1960
-44.8064,52.2489
-50.1439,45.1237
-52.5823,51.4416
-44.9502,47.1444
-55.8682,46.6746
-61.6271,42.8334
-48.9771,50.0856
-52.7270,59.2999
-48.9072,54.0818
-47.8005,56.0739
-64.0169,47.2890
-41.4083,52.9006
-57.8773,60.7359
-51.5541,57.5209
-43.6930,50.5998
-48.9842,49.7169
-50.7864,55.9798
-52.5014,59.4270
-54.9532,54.9905
-59.6996,53.8243
-54.6030,49.8514
-34.1434,57.0729
-41.5419,50.8397
-44.7173,59.0635
-58.8712,51.5121
-52.0244,55.2051
-45.9133,49.4561
-50.9901,51.1518
-53.6466,48.5073
-46.8307,51.6454
-47.4822,53.1670
-50.6640,54.3184
-57.0901,61.5488
-58.0936,53.6954
-51.7938,55.4846
-63.1166,47.1953
-63.8967,53.4450
-65.9268,46.6237
-49.4578,53.5631
-58.2064,50.3724
-50.5002,59.9810
-51.3940,49.9725
-48.6472,45.6746
-49.5793,49.0752
-57.8119,45.0093
-58.8746,50.7432
-53.9386,46.5171
-57.0166,51.1532
-51.8208,61.1607
-42.3621,56.6056
-61.9868,53.9301
-44.2426,57.5576
-48.0428,58.7959
-51.7349,41.9904
-49.0755,48.2189
-50.3477,57.8302
-49.8854,50.5875
-44.3513,57.6192
-53.3432,47.4374
-45.0575,56.5935
-57.4570,45.1746
-47.8884,52.5419
-47.1765,54.3481
-41.7742,58.7296
-56.4057,49.6675
-51.0987,54.7092
-33.2841,49.2214
-57.6353,38.7721
-56.8681,57.2796
-51.3804,55.4919
-44.9306,56.4741
-57.5779,54.0836
-56.7625,38.2303
-60.2420,50.3855
-49.4796,57.3231
-53.6006,56.5610
-56.6617,49.8195
-61.8380,42.7152
-52.1169,55.0678
-51.0330,47.9162
-54.0825,51.3039
-52.3949,56.9475
-45.8509,50.2430
-59.3609,50.0726
-45.2842,52.8113
-54.8424,50.8118
-45.7046,53.1461
-47.3140,59.3391
-47.0566,55.4230
-44.3711,58.5701
-56.6533,53.1142
-44.3015,49.2711
-55.0185,50.7316
-51.8016,55.6348
-53.5015,49.7999
-48.5505,55.6521
-48.1267,57.7357
-58.6430,47.4147
-58.7797,61.6319
-43.7649,63.0235
-55.0411,46.9459
-60.3418,49.4953
-56.2521,48.3015
-51.0351,52.9228
-57.1143,54.5728
-50.0638,52.3953
-46.5961,51.5693
-47.2619,54.5036
-51.1884,60.5011
-49.2900,52.3967
-42.4580,42.4533
-52.1437,56.8936
-50.6783,51.9412
-51.0661,50.9806
-51.5575,55.6002
-50.3617,56.5397
-51.9051,55.7274
-60.7935,45.4885
-60.7731,52.0356
-51.9134,50.9845
-45.3047,52.0110
-52.0341,53.6761
-54.2534,44.0278
-50.8652,56.2354
-41.7020,62.3193
-49.8372,59.7004
-46.4264,57.3507
-42.0185,54.1064
-49.5530,49.4240
-44.2448,58.9763
-55.1319,54.0733
-41.6928,56.5295
-59.4293,61.2371
-43.9039,49.6569
-47.5110,48.7017
-57.3158,55.9624
-48.0271,59.0201
-58.0489,49.0205
-55.8944,58.1374
-51.0339,61.0242
-60.5819,41.8949
-51.7054,45.9561
-49.7265,50.1707
-47.2982,57.3345
-59.1812,49.4635
-45.9667,57.4699
-38.0208,51.1760
-54.9918,47.4837
-50.2016,56.9819
-51.9556,51.8106
-53.2685,51.1172
-56.0085,49.7016
-45.9810,56.1833
-46.2879,48.9883
-59.3425,56.0953
-48.6915,56.7750
-57.3640,54.0994
-59.3105,39.9925
-51.8789,57.3186
-53.7975,48.6887
-51.0671,55.2369
-53.6873,55.1156
-50.5960,45.7988
-57.5381,46.8087
-58.0698,58.3736
-51.0993,50.8187
-48.0160,55.8022
-54.4019,56.3769
-35.4004,57.9311
-44.6650,63.3617
-60.4597,52.5999
-50.9171,59.8084
-43.1192,63.7416
-49.1351,55.5198
-42.3255,57.7383
-45.4564,60.5296
-51.4480,51.6403
-45.3617,54.3012
-49.2771,68.5080
-41.0196,59.9343
-56.2470,45.8948
-63.3206,39.5366
-55.4956,42.1632
-48.4790,56.2772
-53.0340,48.7522
-50.3237,56.8368
-54.6109,49.8533
-50.5016,53.3442
-58.2591,51.3522
-57.6015,52.8907
-51.5140,44.7684
-46.3222,51.8460
-51.4777,60.3259
-44.4462,53.8944
-50.4462,55.3521
-42.3614,59.5333
-51.2689,53.7326
-40.8928,58.5617
-56.5110,62.7795
-41.1732,55.1893
-44.8695,52.5862
-46.2557,47.1207
-61.3366,52.0210
-52.5588,53.9933
-47.2707,52.5599
-59.4108,48.0462
-53.2366,52.3591
-53.0805,48.7269
-44.6421,51.6203
-56.2933,55.0871
-50.3609,53.7078
-50.3672,55.9311
-41.3141,65.0767
-52.2562,62.6322
-51.2059,46.1259
-53.7933,48.7348
-55.0628,56.5472
-51.7798,47.6564
-50.0883,59.6851
-44.4609,57.4662
-51.7919,51.3924
-58.1915,48.2350
-52.1831,43.7106
-51.1148,50.8922
-39.4901,58.2575
-43.7537,56.6959
-48.4504,51.7924
-59.3037,48.2483
-56.9203,50.1208
-59.9409,49.0347
-56.0636,47.1332
-47.8773,39.0542
-49.5946,52.1673
-52.6440,52.4227
-33.5417,64.0117
-44.3190,61.7461
-51.9151,46.1404
-51.3026,53.4623
-56.9616,46.7936
-50.8271,54.5889
-54.5729,39.8425
-44.4887,43.7414
-54.7801,51.3312
-54.0960,57.8296
-51.9631,53.3445
-55.8783,55.9900
-56.9883,47.9449
-55.4780,55.0242
-45.8206,58.0397
-59.7548,55.8680
-57.0403,54.2689
-51.0510,47.8518
-38.4677,64.0529
-44.3349,60.9167
-51.0136,50.7082
-48.9358,53.4537
-54.3573,48.7749
-51.1313,51.3520
-58.3457,48.1391
-57.5455,54.5914
-48.7940,43.3857
-59.3803,42.5548
-58.9609,52.3050
-50.0794,56.1976
-53.7490,50.7694
-52.4408,56.0015
-49.6814,52.2684
-52.3852,57.1338
-49.5503,55.8832
-50.9475,44.1284
-50.7741,55.7088
-48.6587,50.1686
-55.6738,46.2457
-56.3264,62.8203
-46.8236,62.1094
-50.3701,61.4275
-62.9733,47.2668
-58.9711,58.0003
-51.7189,50.2197
-52.3701,53.3853
-52.4843,58.5172
-49.6180,58.5392
-47.7605,54.1646
-54.7005,53.0135
-58.2362,42.8412
-48.3644,53.0928
-62.7833,40.4633
-60.3726,52.8547
-49.6909,60.3261
-47.6842,55.4283
-50.5280,54.8115
-41.8270,49.9205
-51.1644,58.2029
-53.3191,47.9142
-48.1984,57.8355
-54.0758,50.0150
-51.1846,56.1024
-49.8787,51.4434
-56.0548,58.1849
-52.7141,50.9169
-56.0772,41.6985
-51.2182,48.5548
-49.0663,62.2195
-48.8230,53.7295
-51.2875,50.4387
-49.7376,53.5361
-42.0096,48.3392
-39.8208,56.3102
-52.6416,54.1496
-50.3641,47.7834
-34.9660,58.3327
-62.6999,49.0378
-47.9942,57.6838
-53.9751,63.8830
-51.0970,59.7761
-54.3929,54.9401
-53.9874,60.1604
-60.5390,49.5821
-51.0609,54.4896
-59.9362,48.7191
-54.0984,61.3668
-53.3334,52.8700
-47.3394,53.4143
-48.2856,53.2861
-50.2110,42.8763
-54.0000,53.3595
-53.3262,45.4071
-58.5558,52.5069
-53.9801,52.1954
-48.6185,56.0564
-53.4971,50.6974
-44.5279,55.0748
-59.3560,52.9428
-54.8414,50.1303
-43.2599,52.2634
-50.8442,47.0155
-52.1771,53.3873
-51.7179,56.5298
-59.8819,55.2414
-53.9766,44.6256
-51.2429,49.9134
-37.5983,58.0723
-42.2933,57.0528
-49.7343,58.7985
-56.3804,42.6715
-59.3285,41.6885
-51.6670,60.6999
-38.3958,58.8569
-56.6678,43.5171
-49.0995,45.9966
-52.3044,54.3803
-45.5914,51.4111
-41.7854,61.7572
-53.5864,56.2962
-45.9338,59.0825
-55.8863,60.2113
-42.8704,53.2914
-45.9830,52.8281
-49.6605,64.7480
-53.9292,58.1816
-47.5841,51.3986
-48.5763,48.0881
-56.4571,55.8930
-55.4286,45.0209
-58.8147,51.6169
-61.5304,49.6547
-55.6917,58.4550
-57.1061,55.1376
-42.6978,53.4098
-51.4824,57.9249
-48.2523,48.9778
-49.7352,61.2921
-52.1248,56.0155
-60.3673,62.1071
-49.6534,47.8131
-51.3652,57.0114
-60.9798,50.5341
-49.5408,50.6705
-60.4673,49.7100
-64.4023,46.6223
-49.4557,58.6293
-38.9151,58.3821
-46.9827,54.9158
-44.7867,61.7672
-54.2483,50.9807
-56.7445,39.3112
-42.1223,52.8099
-40.5468,57.8720
-57.7583,45.5430
-46.6240,50.4836
-52.8141,53.5669
-50.9741,53.4839
-52.7197,48.7779
-58.5342,52.6923
-54.6871,50.5922
-63.3956,50.3734
-53.0734,60.7725
-64.7575,44.4986
-51.9063,66.6046
-53.6778,49.9511
-57.4847,53.6255
-56.3573,48.7157
-50.6077,48.1521
-55.8780,56.9956
-58.5170,45.4260
-57.1038,46.2937
-49.9792,51.7825
-53.3550,57.2140
-51.5627,54.8111
-27.0676,64.1771
-52.0236,45.3277
-41.4621,57.5438
-54.1849,52.1436
-54.3095,44.4230
-43.3221,55.8138
-45.7023,49.0320
-54.9187,59.6747
-49.9079,54.0726
-57.2009,48.0093
-59.0220,48.0937
-57.3512,46.2319
-39.4062,55.1755
-49.0553,54.4056
-48.0827,59.9475
-54.5309,45.4474
-50.6282,49.7963
-40.5211,62.4064
-48.8652,54.8540
-56.9364,45.4007
-44.4005,44.5796
-37.7979,61.0426
-46.5517,55.2353
-48.4075,66.6276
-56.5647,50.6397
-56.8626,56.3930
-57.6837,49.5816
-46.4742,53.9322
-47.2931,51.8078
-56.5102,57.2548
-50.6506,49.0551
-45.5246,58.1822
-49.6875,46.6508
-55.9394,54.7166
-48.7001,58.7452
-59.9959,51.5588
-61.8296,36.8090
-48.1041,54.0564
-58.9835,47.9955
-54.2601,49.7704
-53.9082,57.8254
-48.0669,45.2060
-53.5570,48.4620
-52.1751,55.7237
-61.7782,51.5954
-59.8265,58.0469
-50.9465,51.2010
-53.6511,60.8388
-51.1742,50.8287
-45.6922,55.9486
-49.6005,50.4265
-49.8257,58.5085
-48.4525,53.5254
-48.3408,55.2886
-50.5874,56.5567
-53.0989,50.8700
-56.0810,42.5996
-53.1518,51.8095
-62.3260,45.9225
-54.8502,46.0155
-51.9762,55.0639
-54.0150,55.6894
-38.8377,51.0382
-56.2976,58.7221
-43.2950,54.5554
-54.5838,46.4822
-61.3542,47.2136
-46.7621,51.9104
-52.7451,48.0815
-47.9424,62.2966
-51.5478,59.4855
-55.0713,47.6744
-48.4240,49.1754
-57.7963,57.8405
-59.5265,46.4398
-57.3928,45.4912
-62.4279,51.5727
-55.6819,58.1762
-55.5602,48.3525
-52.9566,55.4041
-57.3050,50.9372
-50.3201,51.9909
-60.1089,52.8705
-55.4266,52.3916
-55.9355,55.7964
-61.3654,51.7650
-57.5745,40.1885
-64.2758,55.9036
-50.6285,46.5639
-58.0383,48.1512
-58.7324,45.7367
-56.5840,52.4943
-49.9665,48.4813
-51.1675,53.4101
-50.1494,55.9902
-57.6357,42.2136
-57.6968,48.8444
-48.4303,59.0482
-63.0025,37.4183
-47.0067,56.8811
-53.8274,58.2660
-48.5262,64.2003
-42.2513,56.6286
-55.1530,56.1891
-50.4606,50.3023
-56.9869,40.8934
-65.1849,37.6062
-49.8522,56.4031
-52.8815,48.3813
-48.2769,60.6886
-51.3356,56.9003
-58.6474,47.2691
-51.1920,65.4247
-54.6078,56.9044
-57.3618,46.9462
-57.8330,55.3222
-51.8516,53.2078
-52.3269,51.7778
-58.6998,50.6416
-51.0915,54.2007
-53.0923,54.7731
-47.7741,45.3315
-52.4318,55.8337
-55.2916,50.9532
-51.9754,52.3250
-54.3113,54.6627
-50.3308,49.0705
-51.0866,54.3307
-52.8323,51.0292
-61.4153,51.2723
-49.4727,46.3061
-60.2523,51.6063
-53.8841,58.8829
-52.3020,51.5355
-56.4169,51.5870
-56.9084,51.3158
-56.5902,57.3834
-51.2481,45.1887
-63.4047,41.0143
-50.4581,59.3634
-59.2010,56.8459
-51.2776,55.1934
-44.3508,55.4156
-60.3442,58.1454
-47.3736,58.0885
-58.8455,43.9583
-61.1582,52.0246
-54.0291,53.1821
-60.4379,50.8382
-57.4107,55.1297
-48.3340,56.9993
-44.7769,55.0316
-53.1145,52.1856
-58.5508,51.0878
-47.4083,48.3691
-49.5184,63.2718
-61.9864,53.6376
-51.0281,58.3891
-57.7320,53.8923
-51.6596,50.3072
-47.5249,50.6784
-64.1238,44.1020
-58.7873,52.0056
-51.7980,56.5493
-45.4084,53.6684
-36.0857,57.6238
-47.3751,55.7819
-48.6757,55.6560
-50.7497,56.2911
-53.4589,65.5634
-46.6661,58.6354
-57.1639,49.5292
-49.7029,55.5390
-50.1386,43.0603
-46.8952,55.7547
-57.0595,46.7286
-57.8237,44.3514
-39.7001,46.1433
-59.9615,38.7080
-54.0555,59.9066
-46.5049,54.4877
-47.2861,55.8284
-54.5186,57.6488
-54.9157,53.2189
-52.7354,55.7631
-49.3522,55.8195
-60.7648,42.1752
-52.0052,54.5231
-56.3186,42.4984
-53.4415,57.8162
-51.2403,53.5520
-49.4479,48.5271
-45.1781,57.5476
-56.8530,44.1846
-43.3736,57.8606
-47.1752,62.3806
-56.1311,57.8890
-42.3100,57.1084
-46.6094,60.6569
-53.5368,62.8661
-43.9766,61.8798
-63.2993,50.4393
-52.4317,41.6278
-50.9913,56.5430
-52.3462,58.9978
-54.2115,48.7005
-46.3896,59.1823
-44.7497,51.4788
-56.3074,49.4967
-49.1788,66.3963
-45.4212,62.3848
-57.3966,49.5332
-67.1586,40.9674
-51.5433,48.8277
-48.0866,51.2428
-40.2384,59.6512
-46.9124,58.6085
-46.3148,56.7136
-54.0121,54.4083
-55.2509,56.0647
-56.7732,52.8735
-56.3727,39.3769
-55.1470,52.4763
-44.4658,58.9513
-53.8602,46.4309
-51.6764,51.7273
-40.2722,56.7719
-59.5704,49.2364
-59.4355,51.8471
-54.4141,57.8949
-50.2374,52.6506
-48.4771,50.3306
-57.3738,48.1823
-40.7848,56.9692
-52.1349,54.7569
-40.1021,53.1848
-52.7634,57.2963
-52.1508,53.1852
-38.7780,56.6103
-44.8850,57.4910
-50.9288,49.9571
-61.0336,52.3068
-47.4542,43.6464
-52.8286,52.1232
-42.4169,48.6592
-54.2615,52.0108
-50.8687,49.0715
-37.9433,49.9327
-49.5027,62.9862
-55.0073,61.5159
-47.2857,69.4027
-60.8986,46.8132
-54.7361,58.8204
-47.8913,54.1303
-50.6551,54.9443
-55.4278,51.5506
-42.0610,56.2666
-46.8071,51.6291
-46.0878,52.8396
-49.3253,56.3803
-44.7046,49.1796
-40.7218,49.8664
-61.1807,44.0647
-57.6318,50.8974
-54.0669,46.8666
-41.4288,63.2325
-43.3225,57.7461
-56.0274,53.5342
-52.1911,47.1318
-66.3814,51.3930
-50.3203,56.6677
-50.9452,56.0099
-54.8627,46.1512
-54.1051,47.4021
-45.4551,52.0494
-47.1760,59.7030
-61.1492,55.1298
-48.8749,55.3576
-36.3535,54.1789
-49.3219,55.2827
-40.5758,63.5964
-64.0446,54.4410
-56.7189,49.8576
-51.1607,55.6401
-60.9816,45.4316
-58.7064,47.4985
-46.7214,66.9269
-47.0867,52.7552
-53.9843,55.9266
-50.9668,58.7153
-50.3819,53.1768
-63.4148,44.7834
-63.1485,47.2077
-48.2187,47.7066
-47.4134,54.3378
-51.3500,51.6962
-37.9817,59.2820
-51.3128,49.4554
-48.8479,55.8039
-54.4856,56.5746
-48.4864,52.6231
-48.9748,44.5021
-59.9140,51.4677
-48.2052,53.2994
-52.0140,50.0182
-48.4005,56.8609
-51.9322,53.9150
-61.0198,58.9037
-58.4470,40.6043
-52.2115,54.9079
-42.1190,56.7521
-46.6881,56.7762
-46.9290,58.2005
-54.2668,48.3140
-51.9671,52.5769
-49.0763,59.2402
-54.5341,56.7252
-53.7281,49.6401
-41.2366,59.6393
-51.0043,60.3057
-42.9883,56.7676
-62.3733,53.3297
-50.4114,53.4412
-49.1224,52.1109
-55.0232,44.5021
-48.6032,50.5298
-48.0447,51.4161
-56.5462,49.7717
-54.3349,55.1785
-56.4020,61.0463
-40.4787,65.3365
-63.1196,41.5577
-58.9168,43.8355
-53.0478,49.8533
-45.6606,56.0348
-60.5330,55.3070
-40.9135,57.3568
-42.4949,46.1414
-50.3306,54.7330
-53.3087,50.5354
-61.6186,51.5969
-52.2442,40.5100
-60.7908,46.2885
-45.9667,56.2743
-53.5281,60.5976
-48.0748,53.4584
-54.1598,50.5357
-46.5817,58.3540
-49.6871,50.9740
-68.2443,50.1770
-46.5673,52.8686
-47.4855,50.1143
-51.6869,49.5403
-58.8097,48.8190
-47.6668,59.4347
-45.2014,55.0000
-58.1192,53.8020
-42.0357,59.1658
-44.9730,60.8855
-49.4207,47.9375
-47.9633,55.0232
-53.9747,51.0408
-57.5212,49.3345
-50.7746,52.0164
-49.0473,57.7904
-58.5148,43.7355
-46.6417,60.2752
-54.5799,56.2964
-51.3177,52.7443
-44.7152,67.8733
-43.7438,63.9215
-56.6592,47.1413
-58.7086,48.8486
-57.1316,46.2823
-49.3373,52.7101
-58.8053,51.4020
-53.1724,57.1532
-50.3270,50.6586
-49.3076,55.3153
-49.6497,53.0819
-42.5636,60.3288
-43.5236,44.2853
-49.7026,55.0063
-45.7066,48.2775
-50.1228,50.4833
-57.2831,51.3480
-51.1798,50.7138
-53.3442,51.8417
-52.2434,46.7704
-52.0216,47.7321
-54.8209,49.9441
-53.1037,46.6348
-52.1393,50.9644
-57.8224,48.5423
-59.8116,53.4816
-34.4031,60.5126
-53.2339,54.5968
-42.1803,58.3948
-45.1001,55.6577
-57.3518,46.0624
-56.0460,52.7120
-53.4807,56.8118
-61.0480,50.4450
-47.3238,56.9775
-47.1490,62.2386
-59.4644,47.1688
-48.9209,54.4026
-55.7236,54.0411
-58.4890,52.0981
-55.9699,62.0431
-41.2429,60.5369
-56.9122,45.7503
-60.7108,43.0820
-50.2748,47.5722
-46.4248,51.1525
-43.3809,52.0723
-45.5028,51.2748
-45.9089,53.3331
-49.5575,54.6992
-53.7053,59.0347
-56.5481,50.8607
-56.2340,41.6343
-47.6289,52.0917
-47.0319,48.6268
-57.1862,49.9510
-53.0937,54.5928
-53.2845,57.2907
-47.1767,55.8081
-59.9765,46.5882
-42.0798,63.2302
-49.1941,48.3521
-48.0286,50.7980
-46.8857,51.8530
-50.0438,52.5862
-53.8768,57.0971
-48.1727,60.8944
-58.2429,55.5038
-48.3846,52.9331
-50.3179,53.9997
-57.8305,50.3319
-45.4646,56.9091
-60.2796,56.0263
-48.7933,50.4889
-46.9577,62.4161
-58.1138,45.6067
-52.4127,44.8168
-41.5365,57.8194
-57.1082,55.5273
-49.1006,50.5310
-59.1767,50.0741
-48.7051,61.1219
-54.2310,45.6970
-61.6545,41.1309
-55.7371,49.5411
-51.6000,54.5198
-51.4896,59.2076
-42.3185,51.5912
-44.1082,50.1647
-50.2564,57.2830
-47.1494,59.2469
-59.6713,48.1341
-56.2489,43.6924
-55.7579,47.3432
-52.8752,56.1190
-52.2461,57.1199
-45.3194,56.2220
-48.0448,64.5554
-60.0712,53.3152
-54.4665,56.4362
-66.9081,44.9306
-53.1461,51.8016
-54.0667,43.6070
-53.9273,50.5704
-55.1609,50.7768
-57.4123,61.7036
-44.0144,55.4649
-52.6180,55.7200
-51.3758,53.2318
-40.9575,56.1468
-53.6106,50.6624
-51.3966,55.5563
-55.3723,54.9838
-47.3332,48.9991
-49.3455,59.5912
-48.3968,53.2519
-52.2905,44.9483
-43.6775,50.8666
-48.2052,50.4641
-57.4850,47.6608
-57.3587,58.4225
-45.0404,56.0730
-52.8981,53.4091
-61.1206,45.1692
-47.9158,54.8560
-49.0884,51.5764
-51.5649,52.3041
-32.0858,62.8587
-46.8069,59.4871
-49.4633,57.5741
-45.7051,60.3720
-54.8033,53.9808
-48.7333,48.8494
-50.0860,46.9648
-47.3955,52.4773
-55.1524,51.6544
-41.6650,50.7089
-41.0096,60.5382
-48.7547,48.4270
-49.7706,53.6076
-58.2158,48.8897
-51.7077,54.0067
-53.2805,49.7962
-48.9666,57.8419
-57.9073,53.3260
-57.2946,51.9775
-51.2305,55.6323
-51.5162,54.2801
-48.2854,55.2435
-47.1441,56.4062
-50.4630,63.9354
-60.0899,52.5949
-54.6116,54.4061
-52.3221,52.0659
-41.8671,68.8463
-49.7260,51.9157
-48.6753,50.6924
-54.0463,61.1168
-49.3371,53.5035
-48.4461,54.7499
-54.5034,61.2815
-46.2666,57.9914
-54.7748,44.4746
-50.0961,55.6049
-49.3663,52.7403
-45.3181,53.0518
-60.1887,47.1783
-54.4966,50.4044
-42.2411,54.0712
-46.5036,51.6733
-53.2110,56.6186
-42.4597,57.7665
-49.7049,53.2785
-47.1645,55.5607
-47.1143,58.9753
-49.0459,58.5558
-53.4423,52.1515
-48.1875,54.2100
-53.6394,52.6749
-61.8760,53.0157
-53.1344,49.0724
-50.2725,50.7064
-52.0220,49.5859
-47.9141,55.2715
-45.7980,51.6337
-51.4650,53.2688
-51.5921,53.6596
-47.9095,53.9637
-56.0927,50.1797
-51.0611,56.7543
-49.4380,58.3811
-44.6065,63.0028
-58.7989,55.1578
-46.8587,51.5177
-45.8275,59.0786
-50.9816,47.5377
-47.5845,52.3963
-43.7017,58.0573
-54.1914,52.3016
-46.3594,55.7592
-52.8860,57.9279
-42.7040,53.7291
-50.2785,45.4108
-57.5311,43.0443
-50.8572,50.7515
-50.3304,58.0579
-52.5086,58.0638
-46.6689,54.7752
-47.3946,53.0748
-54.0192,58.5022
-54.0373,50.6944
-50.5344,54.9011
-54.2744,43.1920
-45.4484,48.6019
-58.2866,46.5658
-53.6033,51.1948
-40.9704,58.0447
-47.6073,63.4616
-59.1020,43.0813
-58.7463,55.4713
-52.3408,54.1561
-48.7991,56.9281
-45.1231,44.9449
-47.9408,56.5967
-49.6680,56.4907
-54.4027,55.8570
-44.6991,47.8302
-56.9706,57.8526
-54.1577,49.8310
-53.9437,45.8084
-56.7167,53.3752
-60.6326,54.3334
-49.0180,52.5108
-50.4187,48.4127
-53.0699,55.1740
-57.3636,48.8844
-64.2084,48.5624
-64.8099,42.1081
-58.4106,53.2567
-54.7194,44.1060
-54.8432,48.3543
-48.7352,58.5878
-53.1177,51.6408
-64.6200,48.2620
-49.8352,54.5408
-55.8115,48.4219
-52.0013,56.9132
-47.5978,57.0924
-51.6148,49.1714
-55.3186,50.8455
-44.7990,62.3450
-46.3325,54.0499
-49.2394,49.9488
-56.7252,49.7569
-55.5809,42.6841
-47.3021,56.0919
-46.3369,57.6066
-48.9608,61.3707
-57.5408,52.5406
-55.1099,59.5705
-54.7146,53.0633
-56.1094,44.7128
-48.2762,58.0503
-51.3402,61.2654
-46.4289,54.3061
-55.1687,49.1313
-43.5016,41.7887
-48.0534,61.9373
-45.2109,44.8376
-46.1881,53.6809
-59.3439,53.0046
-40.7878,54.1881
-53.5480,55.5844
-49.5589,50.0032
-53.2647,56.8483
-57.2711,47.1889
-47.6083,50.2320
-43.4449,58.6297
-49.0575,53.0705
-63.3942,52.0148
-54.4355,53.0247
-53.3679,55.6992
-52.0344,52.8251
-49.3513,55.5700
-49.4362,58.4269
-46.0198,53.5719
-50.9056,55.0368
-51.6841,52.5132
-42.1429,58.7925
-46.1864,52.8062
-49.5167,55.6737
-42.0444,52.0415
-40.8604,52.9591
-57.6065,54.5475
-59.8611,45.7026
-57.1312,40.4153
-54.4722,57.2114
-43.0396,51.4473
-60.1121,52.1056
-55.0326,51.6936
-57.6403,53.5243
-56.6421,56.0598
-50.1843,50.0759
-53.9335,48.9576
-52.5808,50.4746
-53.7722,57.1226
-40.4609,55.9333
-54.2040,52.4738
-58.7893,50.4002
-36.5958,53.9890
-50.7573,56.3233
-42.1862,54.2696
-60.8468,54.1062
-50.9529,50.8188
-50.2233,52.7324
-53.2044,55.0515
-50.1840,54.2244
-48.1514,57.7180
-41.3932,62.9689
-55.5011,48.0805
-43.9266,56.1839
-50.3950,58.8145
-55.6285,54.1322
-58.5119,53.7409
-54.1248,46.6132
-50.5205,52.5009
-58.4264,57.1232
-41.1239,52.5629
-52.5909,44.8690
-53.8887,58.0036
-53.8657,51.1315
-49.1993,57.9694
-47.3619,49.3521
-55.3848,50.7615
-58.0283,46.3412
-62.7825,48.4523
-45.5086,55.4205
-49.8537,55.3938
-47.6551,55.1100
-58.9658,39.1597
-53.5326,58.1465
-49.1133,46.7193
-42.8470,53.4174
-46.9199,56.3070
-58.7217,41.3344
-60.4410,55.2517
-35.8032,54.8656
-51.4200,52.4493
-45.0409,57.1275
-44.9063,54.0944
-53.1096,43.6827
-55.5446,52.5441
-46.5587,52.2928
-53.1706,45.5524
-44.6607,57.2189
-60.2963,51.5698
-53.3287,53.5574
-57.2821,56.4546
-59.1632,53.2563
-54.6384,48.3276
-48.5319,55.9957
-45.7746,53.6346
-54.1361,55.1951
-55.1458,52.4958
-53.9403,45.3314
-49.1786,52.9371
-47.1612,58.4879
-36.8816,56.7996
-54.9022,66.3766
-52.7926,56.2194
-56.7770,33.4682
-55.8482,52.7449
-53.8988,36.5414
-45.5123,55.8012
-50.9110,46.5139
-52.2311,48.0463
-49.2723,53.7214
-47.6836,56.3407
-43.7445,47.8988
-48.4249,54.9951
-54.9429,56.8725
-50.8616,54.2373
-50.5997,38.9187
-51.5233,39.2403
-55.1594,51.3759
-52.7440,53.7190
-56.0089,40.0894
-52.3919,55.7405
-48.2112,52.1900
-57.7704,57.3604
-40.7133,57.8126
-52.8316,55.0715
-40.6723,54.9399
-57.9912,54.2871
-46.8127,60.9456
-48.3367,48.5623
-45.2828,45.1716
-49.5104,46.9656
-53.6275,57.0203
-47.8621,52.5408
-48.1979,56.5087
-34.2607,57.2769
-48.6425,53.7239
-59.5384,49.7585
-50.0936,46.5421
-50.1704,50.4549
-42.3757,61.4504
-35.4847,59.9179
-47.8016,57.2231
-51.9062,57.1866
-51.2900,63.3494
-47.7428,56.6907
-53.3887,49.6965
-45.9334,48.0583
-47.4518,55.2912
-52.7310,50.2355
-45.3929,58.0209
-49.5893,62.2968
-50.6225,50.9361
-48.7674,53.6623
-50.9970,50.3660
-47.8695,57.4422
-48.7837,45.9721
-49.6705,50.0578
-56.8967,58.4059
-56.6375,52.9427
-60.4734,55.0176
-49.5675,56.0139
-56.4573,52.7049
-57.2442,45.9015
-50.9617,60.5791
-58.4162,53.3875
-48.9711,53.1065
-48.5739,57.0786
-44.3920,59.9859
-58.8416,46.9887
-54.6701,50.4409
-55.0408,53.1324
-53.8072,54.0524
-40.6426,52.3356
-47.4611,52.2375
-47.8528,52.0714
-53.7791,42.5623
-54.4978,41.1150
-46.8788,59.7177
-40.7440,53.6580
-48.5046,52.9076
-44.5067,54.7293
-45.0340,57.0898
-48.0929,58.9447
-56.6985,60.6306
-61.6472,48.2527
-53.2644,53.0613
-44.2590,44.9728
-40.0331,61.2437
-50.8875,48.4872
-38.4688,59.5250
-42.1842,55.3244
-53.5841,51.9816
-44.5660,50.5407
-43.8953,56.8462
-50.6265,52.8375
-53.3554,42.8130
-60.9061,46.8194
-41.3788,48.1812
-50.0382,49.9669
-56.3097,46.7033
-45.9310,53.0033
-59.4699,43.5009
-57.6171,48.7519
-39.9582,63.9599
-55.1562,54.4061
-50.9296,52.8022
-48.3928,52.6592
-54.5200,54.4471
-54.9414,49.0788
-44.9612,62.2845
-49.9276,53.3914
-48.6999,52.4230
-39.7771,54.8984
-58.5030,48.9396
-51.8490,55.3863
-53.7735,40.6399
-45.6018,42.7434
-54.3442,55.7282
-52.4201,57.8320
-57.8915,50.5547
-59.7111,52.6672
-39.8179,59.7988
-42.5644,56.2227
-51.2296,65.6722
-52.9654,46.3614
-52.7584,55.1350
-45.8336,51.9153
-45.4898,38.5308
-39.5174,50.1716
-51.5607,57.0910
-41.0576,58.8042
-51.3324,47.4122
-58.5668,41.4277
-43.7532,53.4116
-50.8789,46.4276
-52.3811,55.1858
-45.4909,62.0781
-49.4588,44.7631
-59.0683,50.1984
-57.7761,50.7453
-50.2324,52.5880
-50.8293,54.0679
-52.8558,49.8534
-52.2969,56.9172
-54.0144,45.5300
-60.3620,57.2965
-44.7729,64.8538
-54.3018,56.0219
-53.4665,47.5567
-50.4587,60.9494
-51.2769,45.7935
-54.6401,52.9836
-49.4359,52.7009
-57.1257,44.3281
-55.0246,40.5323
-56.3601,43.2056
-43.5632,56.7601
-53.4737,62.5223
-45.9992,53.0826
-60.6220,44.5125
-53.3809,52.3297
-45.7922,58.7710
-46.8775,55.8110
-49.6995,50.6902
-49.4047,41.9376
-53.3231,59.5951
-45.3082,47.9940
-59.7796,45.6613
-54.0299,54.6998
-56.6109,52.7240
-54.5037,48.2380
-56.0139,45.6807
-53.2421,49.1278
-41.5825,51.5692
-51.0272,44.9534
-52.9191,54.0544
-40.5871,66.4220
-43.5991,49.8277
-60.3431,35.2812
-51.5088,59.6312
-53.1542,50.2382
-56.1994,49.6830
-56.8382,55.6665
-49.3372,59.3264
-47.8906,52.1302
-53.8754,51.4772
-38.0270,57.4606
-57.8854,54.6975
-51.4021,53.7515
-46.9762,55.6271
-51.6631,53.5529
-53.4014,46.0039
-45.1801,51.9879
-52.8099,48.6066
-58.6621,48.2865
-57.1107,43.9687
-36.7308,55.7085
-46.6792,54.6696
-41.6764,56.5245
-52.3799,58.5813
-53.8757,50.4438
-48.7793,45.2159
-47.7731,53.3007
-52.7451,66.6242
-41.0896,56.6805
-51.7810,55.4356
-50.8376,56.7560
-59.5947,43.6765
-50.1009,50.8960
-47.9173,55.0451
-50.8338,58.7794
-55.8220,46.6412
-57.2921,44.4375
-53.9956,46.8616
-47.7156,50.1279
-51.5545,50.6192
-51.1481,56.1519
-51.3276,45.6652
-55.6854,45.1829
-59.0400,55.8927
-53.8345,49.8616
-45.4787,54.5474
-50.5431,50.7512
-61.7426,60.1533
-59.4226,44.4699
-61.4006,49.3718
-56.9620,62.5000
-54.1040,54.7886
-44.0420,49.9036
-49.8251,51.9008
-54.6058,60.0605
-58.7531,54.0153
-55.9605,52.9755
-60.0492,54.6538
-52.1354,52.5326
-61.8748,42.1280
-49.3953,44.4419
-50.2162,50.7836
-43.0449,54.1273
-56.4870,59.8885
-47.2819,55.9015
-41.6683,47.0592
-51.5178,54.0434
-50.8634,62.5023
-49.7039,55.8931
-46.0659,61.9734
-50.1150,56.8901
-50.5463,44.0441
-47.5102,50.3068
-54.4572,55.4139
-51.7249,50.0628
-52.1420,52.9819
-58.7923,44.0834
-47.0189,58.1399
-49.3205,47.5948
-45.6169,50.7175
-51.3981,58.4097
-48.5436,41.8903
-59.7632,47.7717
-59.8122,52.2049
-48.0032,52.6289
-50.9531,55.6599
-52.3418,52.1907
-53.0052,61.1961
-58.5962,45.1611
-61.2732,44.2596
-51.6546,51.8832
-46.9994,57.5371
-53.2793,42.4148
-45.8373,51.5978
-52.7955,53.2720
-53.0991,53.2163
-36.0517,57.1608
-60.7658,58.9386
-54.9481,51.4279
-60.1246,43.8392
-59.9593,47.5295
-60.8242,42.9927
-48.7406,52.8878
-68.2541,38.8299
-48.8433,52.7760
-49.1101,40.8671
-53.6854,44.5438
-50.4844,61.5290
-46.5774,56.3247
-52.1978,50.7846
-51.9619,59.2122
-54.7819,52.0162
-49.4171,53.0662
-44.8082,57.0183
-55.6452,51.1756
-57.2866,50.6236
-57.3083,47.6377
-58.9045,50.7911
-45.6614,49.6676
-47.2143,50.9956
-56.2304,49.4318
-56.8534,41.3669
-55.0946,52.4091
-42.3343,55.9870
-45.8234,59.1890
-45.0063,60.7296
-41.2726,57.7193
-50.0276,54.2606
-43.5293,58.2209
-60.2951,55.8299
-48.2198,49.8521
-53.5793,53.1296
-47.6247,52.4244
-47.6789,50.3013
-53.4627,63.3844
-52.7545,53.6658
-48.5729,57.2155
-62.6837,64.0404
-46.2247,53.3960
-60.3529,49.1257
-48.9582,51.7501
-50.2287,47.2170
-46.4908,53.2367
-63.0029,51.9861
-42.9534,56.4193
-48.1266,49.4900
-49.0170,51.9036
-57.5325,54.3160
-50.3814,55.0013
-47.1931,47.2955
-56.3986,60.1305
-56.9400,54.1641
-45.5772,63.3027
-51.9228,52.7022
-58.3990,44.9701
-52.7359,51.8598
-54.3190,44.7945
-51.3301,62.9035
-53.1291,46.6996
-50.1962,53.1366
-51.1482,60.2637
-52.2426,48.9672
-59.8249,58.3193
-44.5383,58.9770
-48.0782,46.6489
-42.2063,56.3920
-49.0397,52.2782
-49.4043,57.2161
-53.4915,56.1140
-53.7376,55.7577
-39.9752,60.1020
-44.5393,52.6701
-56.8996,38.1094
-51.1782,51.9210
-44.0871,62.2588
-53.6728,55.0359
-45.9011,53.8429
-56.4437,60.6521
-50.5268,41.0891
-56.8376,52.2589
-50.3763,59.7888
-60.3141,50.6463
-49.8151,58.3404
-58.3703,55.2823
-44.7733,64.6823
-46.4198,47.4884
-45.0182,56.0322
-52.6051,58.2908
-49.2129,56.1991
-52.6921,43.4289
-48.7998,49.4860
-49.9420,49.8555
-58.5462,44.0364
-36.3995,63.3107
-53.4872,54.0421
-50.9190,54.1097
-59.3012,44.7948
-53.0370,55.2214
-49.8743,44.8471
-50.8018,45.2742
-50.4179,60.1752
-58.4769,32.2594
-60.1579,51.9794
-40.5816,58.9727
-55.7220,50.4317
-39.3168,52.7679
-52.4530,47.0448
-45.8037,58.2578
-52.1805,54.2402
-56.1157,57.7070
-51.0319,56.3733
-54.3007,54.4252
-55.6832,54.0826
-45.1770,53.1917
-45.0766,56.7270
-53.5551,55.2711
-55.3366,48.5290
-46.6819,64.5026
-46.8910,55.6991
-61.2789,43.4837
-60.1582,48.5660
-58.2448,43.3219
-49.7218,53.2481
-43.8502,51.3967
-39.8751,56.5590
-54.6340,53.1866
-48.5450,58.2912
-53.5497,46.0336
-53.5321,60.1241
-55.0317,33.1971
-50.0642,41.6808
-39.2706,54.3942
-49.1800,53.0827
-49.1243,54.0612
-43.6965,55.1421
-50.1127,53.4431
-58.4418,42.1852
-62.1070,51.8350
-44.3190,55.0055
-53.2782,53.3267
-51.8974,57.5137
-53.0499,50.7928
-50.8639,63.1042
-46.7376,55.3513
-54.4410,53.4762
-49.8475,52.0480
-35.4741,59.0322
-40.2969,50.9123
-51.1755,47.7149
-57.0641,53.5520
-51.0462,52.0924
-50.6003,55.3803
-51.8785,49.5877
-56.8778,42.3913
-48.4061,63.7990
-52.9608,52.6876
-53.0432,49.5842
-50.9561,58.4143
-43.1878,60.5081
-58.5093,51.0627
-64.2580,43.5843
-51.3401,49.4837
-52.4902,47.4935
-44.8257,60.0414
-29.1622,62.0997
-54.4412,56.7555
-52.5482,46.1493
-51.0249,58.6174
-59.3583,51.7158
-48.4546,41.9101
-51.8325,49.3989
-49.0823,45.8511
-57.0557,60.8408
-51.2366,49.6804
-44.3297,61.5405
-55.5109,51.9534
-56.8830,49.7425
-57.9426,50.3021
-41.2210,52.9367
-54.0140,52.7094
-54.3866,53.3800
-58.3741,46.9488
-61.2881,49.5812
-41.3697,60.2070
-51.9554,52.6325
-50.0160,58.7831
-42.5758,50.7203
-51.7496,51.4121
-54.5538,50.3026
-53.8997,52.2845
-47.1076,51.3593
-45.7925,54.5290
-49.7336,52.8157
-53.7007,55.3104
-58.5837,52.3303
-54.9213,56.3552
-57.9139,41.1992
-43.2049,52.7596
-49.9797,61.5284
-53.4772,53.1435
-65.5007,46.6282
-48.2976,41.8373
-47.5510,47.6017
-51.3556,44.5297
-31.3951,59.0353
-44.5079,61.8035
-51.9145,48.0330
-47.6901,53.7033
-60.9950,44.7126
-54.3674,39.8961
-45.0828,50.4403
-51.4252,53.7084
-50.5964,59.2552
-54.4115,53.4450
-49.3629,62.9864
-60.6764,50.5266
-54.8375,57.2557
-51.6130,50.8359
-48.8083,53.6470
-47.9060,52.3276
-56.5496,49.2964
-43.1963,55.4127
-57.5744,55.1181
-48.3102,48.6028
-55.1108,56.4522
-49.8224,56.8276
-47.2833,53.6522
-52.0822,51.7955
-54.1060,48.2234
-50.4935,57.5501
-50.0628,51.0581
-35.6539,59.0476
-51.0739,57.8370
-54.4548,48.1227
-44.3730,58.1586
-51.1465,52.2148
-52.3192,53.0166
-55.0508,64.0274
-47.0813,59.7815
-57.0019,52.8765
-63.1338,39.5832
-45.0809,42.8115
-50.8231,46.8698
-51.6894,55.0991
-38.7646,57.1864
-49.9284,57.2064
-53.5406,54.1046
-48.9557,55.2383
-57.0941,46.2709
-50.7713,42.1983
-48.6725,51.4655
-56.5226,51.7303
-55.7847,44.7142
-50.8294,51.5293
-44.9196,54.6056
-51.2156,48.6041
-56.4607,54.9447
-53.1394,50.7170
-49.2197,53.5583
-46.6583,51.6330
-50.6260,51.1403
-54.5555,42.9585
-53.4291,60.3859
-30.7520,57.2315
-50.4167,55.6218
-50.0358,56.7865
-44.5311,51.4342
-51.0665,48.1811
-57.8101,51.7884
-54.3102,59.2061
-46.3259,51.0354
-47.0472,55.1134
-58.0882,50.1441
-55.1727,51.3082
-46.4985,54.1387
-55.0445,55.0017
-50.5268,50.1426
-46.2179,60.6158
-46.6668,61.2127
-55.3650,49.4506
-62.5498,43.8567
-49.1821,48.1231
-50.2289,51.4192
-48.6496,55.1450
-46.2641,54.6154
-49.6874,59.1791
-56.9842,52.9944
-56.1295,40.2409
-55.7096,56.9700
-59.6735,40.0778
-44.3980,50.6517
-40.9228,55.5103
-52.8672,55.2932
-48.3154,52.5124
-49.0434,59.8252
-44.2644,52.0455
-52.7415,47.2741
-54.4011,49.3857
-52.7733,56.3857
-48.0319,44.1171
-47.6755,45.4611
-60.0815,50.7921
-54.5333,49.2192
-56.7022,44.9955
-53.3297,51.6677
-54.5837,52.3400
-46.2706,52.2647
-41.9512,48.0280
-54.3606,48.0529
-48.5576,47.3260
-63.8998,45.7706
-44.3496,57.7336
-49.4301,49.9131
-50.7043,46.9201
-47.2415,52.1662
-52.8864,53.0721
-53.1145,46.3142
-45.8799,58.5370
-52.4234,57.8762
-55.5590,48.6612
-61.4279,38.5008
-54.7154,47.9522
-55.7697,51.2622
-40.8408,54.8705
-33.3337,64.7628
-39.0161,56.5257
-53.7951,53.5241
-50.8036,51.9358
-52.7511,54.8022
-56.0980,42.8969
-52.9435,50.9210
-48.6077,49.2658
-51.0728,47.4431
-45.7906,59.6001
-45.8925,60.1855
-48.7597,52.2379
-49.8835,46.7732
-54.6456,52.5487
-50.4964,46.8068
-50.1190,49.2163
-54.0088,50.8284
-55.9376,47.6729
-54.0312,50.6393
-51.7678,47.5342
-54.1738,48.1092
-54.1047,48.8821
-56.7682,53.1266
-46.3828,56.2076
-58.5130,55.6779
-49.3276,57.5116
-49.3855,57.4041
-57.1427,50.9535
-35.9332,58.6189
-48.1758,49.9914
-46.6646,61.0388
-54.4392,52.0187
-49.1322,61.1430
-57.7135,50.2951
-46.0496,46.3332
-58.0853,46.8912
-49.5049,51.1756
-58.4035,48.7092
-46.9345,57.0079
-59.2716,47.5947
-52.8007,52.0161
-46.1774,49.6749
-50.0388,51.3108
-53.9913,59.1078
-57.2721,52.7193
-53.4254,52.4759
-54.1273,56.5759
-54.9756,52.9075
-42.9691,54.0782
-54.6342,53.9616
-50.1915,54.9893
-44.2002,58.0750
-48.8672,45.6315
-53.7480,57.2291
-54.7448,46.3508
-48.5410,43.2381
-52.4601,57.1911
-54.3248,46.6629
-61.4940,44.4063
-50.7582,56.4956
-46.7905,51.5589
-51.2823,51.1741
-52.8144,55.8901
-48.1146,59.6142
-55.5492,51.9859
-51.4372,60.6732
-35.9514,57.0135
-52.7799,52.1447
-56.6227,47.0903
-50.3331,52.0460
-48.5499,53.6975
-51.7047,48.0808
-42.6986,59.9986
-57.5915,52.0222
-53.9134,48.2561
-55.0254,40.4845
-48.3009,47.3466
-52.0067,57.2097
-47.5439,51.6811
-59.5130,34.2916
-47.9034,57.6571
-41.8816,57.6727
-47.4100,58.7550
-54.8914,59.7080
-53.2690,34.4542
-48.1629,60.4408
-46.7535,52.8821
-54.5440,49.5668
-51.2897,45.5028
-42.7338,61.5725
-54.1050,58.8373
-58.5485,48.2876
-60.5918,47.8173
-52.6740,44.9101
-53.4139,56.4695
-54.0875,48.5449
-52.7162,52.8982
-44.6288,52.4612
-51.9117,49.3219
-49.8438,44.1092
-50.9864,55.8811
-60.5270,52.0649
-62.5670,49.0544
-44.9702,58.9429
-65.0609,49.4799
-54.6363,51.3916
-47.3358,53.7698
-50.2718,54.9279
-49.4236,53.7803
-49.0524,49.4277
-51.4355,38.4585
-50.8545,47.7605
-40.0806,51.6136
-47.5965,50.2550
-59.7372,45.3139
-53.3108,45.1834
-56.9096,41.5379
-50.8088,60.8638
-54.2994,48.8187
-56.3311,47.8173
-48.4206,51.6834
-60.0356,37.0402
-43.5353,59.9520
-54.9232,59.5900
-38.2037,56.1632
-55.1051,50.3637
-47.3510,48.8966
-50.1472,42.2985
-48.2694,52.6359
-46.6563,55.8509
-44.4655,51.3453
-58.7527,49.8170
-56.2538,50.7469
-39.8829,51.4267
-50.4191,52.7883
-48.9146,54.3945
-56.7529,45.8513
-40.9823,57.3453
-42.7680,50.3310
-61.4053,46.4385
-43.0740,57.9758
-64.1493,43.9183
-59.7061,49.8917
-47.6110,53.6060
-62.3672,56.3930
-43.1118,55.5822
-44.4600,52.6480
-53.7323,56.4460
-52.1299,41.6369
-48.4255,63.4952
-55.0477,50.7971
-52.4783,52.3761
-49.5204,47.6256
-57.9696,44.8878
-50.7142,55.0024
-56.2615,42.8122
-60.1402,46.9675
-53.1690,57.9623
-51.4827,39.6448
-52.9963,51.5491
-47.8898,59.0994
-49.5828,49.2276
-47.9441,54.9728
-54.2150,61.8111
-36.4282,50.6625
-52.3985,47.4537
-56.0618,50.1085
-50.3002,41.8277
-54.9587,57.2300
-45.4103,50.6683
-54.1282,62.1464
-64.5166,52.7901
-57.4773,52.8499
-61.3808,38.8373
-55.4655,46.3264
-45.4916,56.8358
-49.2437,53.8976
-42.5778,57.5300
-53.6239,55.0219
-48.5059,52.1940
-54.1542,57.2604
-53.3902,39.6793
-51.6232,55.9290
-50.5459,51.5225
-51.5575,50.9786
-54.4282,55.6993
-38.5992,50.9556
-48.0436,65.8965
-55.1592,35.8847
-47.6629,52.1090
-42.2743,49.1961
-50.8144,51.6563
-55.5028,51.0728
-59.6199,50.4638
-51.1195,60.6234
-57.7288,45.1439
-62.8999,47.3772
-48.0073,53.7082
-49.7313,49.9051
-61.7351,49.8763
-45.5682,54.3831
-48.3227,47.5516
-46.7049,58.6027
-52.3904,58.9183
-51.1851,57.3904
-47.5192,45.5458
-51.8350,44.2950
-48.0279,50.1001
-59.0158,56.1364
-45.1903,51.0825
-43.7392,67.0662
-59.8006,51.7455
-60.2239,53.0245
-56.3217,51.0105
-46.0639,53.2216
-50.7187,49.1169
-53.8445,54.3120
-48.1807,55.9611
-57.5447,59.3253
-55.9751,57.8028
-48.5482,57.6209
-52.0199,55.8657
-43.1144,62.0309
-40.3458,46.8945
-53.4763,59.3663
-47.8089,55.6167
-48.9761,55.1577
-47.5224,53.8483
-40.8304,48.5226
-48.0737,56.8352
-48.7378,60.0486
-51.8703,55.0131
-53.5518,48.8414
-52.4464,54.8278
-38.1348,54.1398
-53.4153,48.4634
-64.2116,46.5905
-53.3874,48.3825
-53.5424,51.8059
-48.5550,53.1168
-57.8562,53.3256
-53.2598,56.6822
-53.8688,51.3234
-51.9736,62.2253
-56.6757,45.4277
-51.9953,46.3986
-50.3501,49.9082
-49.6498,52.8104
-49.1705,60.7150
-54.6944,51.9055
-42.5324,59.5481
-54.1629,50.5786
-49.4278,46.1084
-48.2977,54.5840
-47.7522,47.7104
-51.5294,49.5874
-49.0870,56.0676
-49.9674,45.3076
-61.4020,53.0536
-51.1370,53.3910
-45.3151,52.1500
-54.8681,50.0568
-47.7224,53.8732
-45.8442,60.3166
-55.0329,51.0506
-51.5456,57.7499
-50.0367,52.2638
-50.7708,44.6642
-51.9813,51.8157
-51.1902,48.2828
-50.1312,58.8595
-54.9820,55.5697
-49.6954,56.6243
-59.8316,55.8410
-43.3465,60.7019
-55.5694,47.8929
-55.5886,44.7683
-53.3790,51.3021
-54.2602,57.0048
-47.9566,52.3259
-45.0807,59.7232
-51.4535,55.7322
-47.2752,54.7743
-56.2932,59.3026
-55.9212,54.6654
-51.7493,46.6075
-44.7962,46.9794
-50.6163,51.8982
-61.1188,47.6589
-58.2732,47.5566
-50.2290,56.3339
-53.1978,47.6870
-58.9727,41.0576
-55.0252,49.1557
-48.2044,43.5527
-59.9656,46.7961
-52.7574,59.9151
-53.8756,42.7441
-61.0613,52.0654
-55.6769,48.0410
-46.9943,53.2598
-51.1482,42.6393
-53.1491,53.7161
-44.6749,57.7824
-52.4284,57.3297
-56.7153,60.6988
-39.0203,60.8768
-52.8188,54.4536
-49.2340,51.4395
-49.5728,56.7775
-45.0828,53.3009
-53.3246,52.3253
-50.2884,51.9739
-54.4482,56.1828
-54.1681,50.7184
-46.6772,48.0724
-53.9623,49.3078
-60.5865,50.8343
-50.1964,56.6593
-57.9993,47.9185
-53.7699,55.6826
-51.2606,55.2562
-46.5605,57.5959
-53.1200,57.8483
-46.1640,54.7375
-61.0972,49.3030
-45.9719,55.8055
-54.1182,40.1538
-38.8683,62.7785
-47.9921,52.4234
-49.7107,57.2027
-52.1067,50.6346
-54.8836,50.2314
-57.9417,56.3845
-48.9235,50.9543
-46.2366,49.6105
-49.7397,53.6858
-56.7199,47.5881
-51.8790,57.4556
-41.7553,52.8847
-56.4284,52.0267
-51.2329,54.6757
-53.5186,48.8507
-58.9637,53.4360
-58.2893,54.9187
-56.6201,55.6726
-51.4694,58.9883
-54.3360,52.1903
-66.5929,54.2659
-55.1952,46.0754
-39.3299,60.0058
-57.7640,56.4357
-48.5227,53.1489
-51.3996,60.5635
-49.9290,51.0214
-47.8686,48.2410
-56.3944,43.4418
-52.8864,53.3788
-46.7111,54.7594
-41.8736,49.1344
-53.0003,53.1720
-62.1353,57.9849
-53.0074,58.0742
-54.3085,54.5239
-60.0401,48.5525
-53.7039,44.3908
-43.6679,54.4930
-40.8520,48.2535
-46.9423,59.3022
-51.9474,48.7372
-54.6282,56.8516
-55.5162,51.8385
-52.9028,43.9484
-54.6179,57.7660
-49.7278,52.8047
-50.8509,42.8900
-52.5064,45.8301
-60.8873,44.7836
-63.6728,53.5037
-48.3549,53.9191
-53.1960,57.0866
-57.2649,50.6841
-53.2129,50.3142
-55.8663,43.5708
-59.9180,47.3300
-46.4933,52.6875
-56.5179,54.2627
-50.3906,59.4119
-49.6652,49.5135
-58.3740,41.5120
-47.2954,56.9351
-56.2187,56.6353
-38.5472,57.4542
-52.6792,42.9899
-48.1549,56.5790
-48.6440,46.4457
-62.0100,41.2155
-49.7863,54.7201
-44.8242,49.7592
-41.8888,48.3095
-43.8181,57.3706
-35.1248,61.9434
-49.0456,59.0087
-58.5606,54.8061
-58.9463,44.8457
-50.0362,62.1076
-46.2200,42.8118
-47.4561,55.3304
-51.3345,56.8320
-41.3912,52.0440
-49.9540,64.1922
-47.1373,52.4256
-43.7923,47.6904
-50.3637,52.5170
-58.6459,54.5604
-53.3562,45.0072
-47.1628,50.6373
-52.8730,52.3024
-56.2658,50.9733
-59.8968,40.2538
-56.1849,50.7743
-57.6246,49.6547
-54.5242,52.3672
-42.1792,51.6556
-63.6871,50.3353
-51.3139,48.3419
-54.5830,47.9169
-44.0691,50.8375
-52.0862,60.4098
-58.8049,41.0055
-52.3756,49.9540
-53.2473,56.1925
-45.3730,54.9621
-52.7159,50.4355
-58.2210,54.6270
-42.8774,55.9527
-51.3208,44.6383
-56.5052,55.9979
-44.1146,56.5944
-52.4601,47.9207
-47.6492,51.5949
-49.3313,60.6252
-54.0241,51.7886
-59.9622,50.2178
-59.6673,42.5554
-55.0964,50.2449
-38.3863,49.5527
-39.5958,50.7767
-46.7463,52.2332
-41.3965,60.1849
-52.1045,59.7962
-56.6246,50.1567
-54.2369,56.3292
-45.2743,53.8563
-48.3835,55.7986
-51.3644,44.4507
-45.9838,54.7641
-52.9540,51.1775
-51.4633,48.8868
-50.1745,59.1540
-54.8218,58.6705
-60.7464,46.9408
-56.3019,53.3283
-42.6854,55.1676
-56.8527,60.7681
-48.4040,55.9721
-43.9701,56.8604
-36.9297,51.0729
-54.6453,59.6077
-49.9678,44.8914
-51.8630,60.3987
-52.6126,50.9937
-42.9453,53.4770
-52.0404,55.0542
-50.6252,54.0057
-54.2583,44.7387
-62.9916,37.7342
-59.4515,41.3665
-51.8098,52.1684
-47.5019,54.9146
-40.1332,63.0994
-51.9824,53.1863
-50.3174,58.8869
-57.3952,49.0141
-58.1263,53.3481
-56.3059,39.3715
-46.7323,48.4904
-40.7068,53.9655
-60.0076,48.3192
-48.7489,56.1943
-42.8655,61.9686
-52.3856,55.2187
-49.4160,51.4646
-47.6913,52.1794
-41.2460,48.9765
-49.8390,50.6217
-46.4631,56.5259
-56.0607,45.1010
-56.9741,51.8894
-53.3207,53.0345
-52.0074,55.4153
-48.6499,57.0876
-46.1470,54.6989
-48.7008,50.2499
-52.3917,60.6508
-56.4118,54.0164
-49.9562,56.8827
-48.2544,55.6349
-50.8844,50.4781
-47.8283,44.7664
-48.8357,57.2602
-52.2525,53.3406
-54.1489,51.3191
-54.1026,65.3683
-43.9115,59.8668
-58.6596,44.4132
-64.0325,39.7895
-52.3383,46.6750
-44.2439,56.3868
-53.5687,56.0665
-39.4581,60.1725
-39.2738,54.6494
-50.1799,55.5973
-51.7215,56.0528
-52.4965,51.6308
-47.7943,45.5256
-50.3490,49.1266
-52.8872,52.7662
-50.0259,51.7647
-48.4647,59.0165
-46.3878,56.5559
-56.9107,49.5552
-60.3052,38.0439
-52.3285,46.1168
-47.9596,48.1402
-52.9658,53.2041
-46.1280,56.7157
-51.1335,41.0928
-57.6988,42.0126
-60.6725,48.4843
-41.5702,56.8462
-54.0009,50.0443
-57.2453,52.1888
-41.4500,60.0098
-50.8049,55.8389
-56.2671,53.7701
-51.1152,50.1424
-56.8504,45.6171
-57.5279,47.5275
-52.0423,51.7246
-50.0944,57.9151
-55.3731,57.6646
-51.7546,56.0274
-61.3254,56.6004
-50.5098,54.8085
-60.9839,40.9351
-48.5893,50.0929
-56.3100,51.4229
-52.8466,55.3496
-53.9357,51.3234
-51.7862,59.9289
-50.4163,51.1125
-51.7978,46.9871
-51.2158,59.5105
-59.1894,48.1809
-56.1148,50.7475
-50.3619,47.9739
-38.1319,57.7879
-51.2736,59.0228
-51.0951,51.0107
-45.0828,52.1409
-50.1420,49.4142
-61.6242,49.9797
-39.6097,58.7530
-53.6195,48.5698
-40.3385,50.5907
-59.3115,51.4426
-39.1667,52.7139
-59.1871,43.8137
-54.3763,56.1748
-50.9788,48.4613
-52.6460,45.7081
-56.2495,46.4013
-54.2024,54.6998
-57.6091,48.2754
-53.9913,57.1782
-49.2474,53.8841
-49.3740,50.1671
-53.7015,54.8734
-58.8217,55.3641
-48.8219,54.4107
-55.2263,48.0469
-49.1100,60.4254
-51.9271,54.1309
-61.1565,39.8629
-52.1792,52.6224
-54.9630,55.1074
-56.4927,55.1064
-53.2337,52.3899
-63.0557,42.9170
-57.1112,53.3354
-50.2644,51.7718
-51.1918,49.6784
-45.9928,58.6493
-51.1285,52.8328
-51.0930,53.6685
-58.3851,46.7636
-42.2011,52.7582
-50.2378,47.1012
-48.6595,54.0140
-60.2628,46.2556
-48.5026,49.2637
-44.1222,54.0581
-57.5190,55.3782
-55.6963,43.1219
-48.6551,45.4781
-47.4799,66.4652
-50.1871,49.3255
-60.3155,36.0796
-58.2259,56.3694
-48.6424,49.1624
-53.0306,51.4272
-49.8157,50.1134
-48.4321,63.5495
-57.3696,50.7897
-53.2411,48.1620
-48.3530,47.8562
-50.3924,53.3646
-47.2125,57.9309
-45.7188,50.1822
-43.4666,55.4098
-54.9997,50.9763
-43.1634,56.7659
-56.0261,59.0241
-44.2026,44.2755
-53.2001,41.1388
-42.6567,52.9616
-50.6192,57.9124
-47.4012,54.2821
-56.8946,52.1217
-47.8708,56.0333
-35.3465,56.7893
-42.7927,59.7440
-50.5910,65.7824
-53.7657,49.2179
-50.8292,57.1807
-47.9965,51.7472
-61.3410,52.9409
-52.0218,55.6977
-53.3125,56.6927
-39.5690,55.4172
-58.5597,43.6309
-60.7257,53.0968
-58.5635,55.6447
-55.7407,49.5574
-52.1831,56.8879
-50.2157,54.8675
-44.4851,55.1915
-45.5804,57.9597
-59.6126,48.7709
-48.1430,52.8437
-52.7097,44.2122
-56.6913,51.7275
-53.1628,57.5221
-44.5418,58.3544
-51.1345,54.8119
-45.3672,50.0388
-56.3605,51.6754
-51.1411,50.2730
-51.9344,55.5347
-49.3298,48.2554
-56.7873,49.7582
-46.8892,48.9559
-56.6287,55.1806
-53.4927,58.5071
-57.5704,38.4674
-60.6019,35.2788
-52.4258,50.9328
-47.4139,49.1755
-54.4836,37.8276
-44.6401,58.7157
-38.0789,51.0982
-54.1976,52.5528
-57.5263,57.9832
-53.4348,51.7064
-51.6657,58.8175
-39.9003,48.6365
-50.4086,50.0554
-51.3336,51.4572
-42.4270,61.2873
-47.9097,54.9825
-53.7933,50.0782
-54.6658,51.7433
-58.7444,32.7820
-47.7601,59.5440
-51.3809,46.5512
-48.9980,56.6464
-47.7357,49.2670
-42.1704,50.2736
-57.5158,52.8425
-47.3040,56.0567
-58.6930,45.7540
-59.6791,47.0975
-38.9766,58.0941
-59.1413,55.2282
-57.6378,50.7604
-67.2768,48.5225
-59.4649,55.5078
-49.0575,61.2362
-56.3073,45.4758
-49.4217,58.8650
-51.4341,58.0288
-47.3756,58.1388
-54.9848,48.9447
-49.9652,59.1294
-47.3130,56.7379
-50.5756,53.8546
-47.9625,50.8801
-49.5058,58.5418
-55.1372,44.3417
-57.5968,48.9869
-52.8480,58.2455
-59.3815,48.3281
-54.7902,36.7440
-54.9612,53.4634
-54.3046,49.2646
-46.2756,46.4851
-51.0894,61.1862
-50.4111,48.5417
-50.9798,55.1306
-57.4610,59.2381
-45.0231,62.0019
-38.0904,53.1379
-50.2362,62.1516
-53.2770,55.5880
-48.7798,49.0046
-49.9366,45.1237
-59.8319,50.4593
-55.9681,50.1634
-46.4834,52.8242
-54.5744,48.3349
-52.6346,48.4392
-52.4667,48.4385
-48.6173,53.9928
-61.1397,49.8022
-46.3245,54.2285
-60.3353,43.4790
-52.8254,57.6288
-50.3055,64.1217
-56.7493,47.1933
-45.4796,54.6078
-57.8670,57.5765
-45.6736,53.2454
-51.2576,55.1209
-48.7664,56.9528
-44.9355,56.5513
-48.6014,49.4451
-53.3646,55.5969
-54.7543,60.2035
-36.0668,57.9228
-53.5715,50.4272
-49.3082,56.4227
-49.2865,53.3864
-53.1703,49.3163
-54.8083,61.3539
-55.2727,54.9891
-44.5065,50.8734
-42.3581,63.1914
-50.0239,64.9297
-52.1129,53.4048
-56.3212,54.5765
-41.4205,57.8413
-48.9196,56.2491
-56.2336,59.1362
-56.3297,55.3008
-57.0727,47.1672
-50.4886,39.1378
-54.7890,54.3916
-54.7187,38.6836
-47.8192,45.3936
-60.3283,48.4147
-48.3186,48.7396
-56.7364,49.0526
-46.3816,50.6127
-57.1256,46.5107
-49.7708,54.9736
-53.6732,54.7514
-46.8600,52.6837
-49.3564,55.0483
-42.4217,42.8389
-45.1601,52.2090
-57.4940,56.0360
-47.8142,57.0147
-47.9087,58.3731
-57.6141,51.3169
-48.6038,54.2949
-44.1826,54.2731
-52.2587,53.8807
-50.3235,59.3902
-42.3968,54.0772
-54.3559,47.8690
-53.9759,54.5760
-48.9543,50.4889
-57.6111,31.2596
-54.1285,49.8517
-47.5327,55.3630
-43.7605,51.8862
-59.2604,49.0032
-58.6460,51.6691
-53.6136,53.8456
-55.5367,51.2301
-47.3511,60.7211
-54.1958,45.1844
-58.6826,55.3642
-57.6870,47.8281
-44.4492,55.4424
-58.6060,40.3130
-54.6014,54.1887
-48.9418,55.3987
-48.8832,42.2199
-60.3282,47.8582
-50.3165,46.7390
-56.5262,47.4719
-51.1255,53.6498
-53.1823,54.0184
-54.9534,51.7807
-45.5505,52.5362
-51.7766,54.4450
-52.2810,54.9242
-49.3936,50.7470
-50.6731,55.0829
-47.0392,53.5860
-53.7791,58.5118
-54.3696,44.8250
-54.4964,54.8166
-42.3688,63.0626
-34.2873,63.1042
-56.9893,53.6517
-58.6549,52.6044
-53.0954,52.5581
-52.8463,49.3910
-55.1842,53.1913
-44.0689,61.3557
-57.5379,46.9605
-45.1679,56.1381
-45.9815,58.1743
-54.6571,55.4309
-38.7900,60.5295
-57.4525,59.8644
-54.0984,54.8361
-60.9675,51.6675
-47.0093,62.0243
-51.6736,52.1062
-56.8965,56.0373
-58.3347,40.7667
-50.9746,55.1158
-58.2895,45.5688
-58.0708,48.6812
-47.0163,51.4324
-50.1217,38.7581
-53.2092,48.8252
-49.4907,44.0509
-54.1331,57.1168
-54.0579,50.1021
-43.8340,61.5349
-53.7424,48.6088
-44.7496,51.8077
-56.4057,55.3046
-54.9810,57.6529
-43.6827,47.2547
-53.1806,51.7517
-52.9247,54.6891
-49.0332,59.1941
-61.7994,48.8891
-56.0219,50.2176
-53.7781,50.8103
-44.4375,52.4320
-48.9488,53.4826
-41.9166,58.3238
-58.9495,51.4258
-57.6061,49.7274
-35.4378,55.1361
-47.7714,52.6582
-58.0560,40.4286
-43.3054,51.2983
-46.7013,59.0299
-57.1667,50.5728
-64.3945,42.1821
-57.7025,49.5829
-59.6353,51.9036
-64.7620,49.3526
-50.0378,57.9905
-59.9793,45.4475
-54.6450,51.8985
-58.1782,48.9549
-54.3047,54.8146
-45.9775,46.3148
-55.5410,51.1282
-48.8214,52.9689
-55.5877,42.1257
-57.7453,47.9136
-46.9482,47.4967
-49.7066,59.1656
-41.4317,57.7416
-51.0352,53.0771
-61.8161,52.4675
-34.5009,58.2789
-51.6543,59.9158
-51.3642,47.1792
-44.4159,59.3510
-49.0239,49.7748
-49.3519,49.3333
-48.6893,56.0994
-49.6188,49.7846
-52.9800,53.8647
-53.8331,46.0219
-50.0012,49.2849
-47.9246,50.1352
-46.3402,56.6651
-62.9697,40.0528
-51.2432,43.4495
-38.7296,51.8932
-37.9372,59.6668
-56.9823,54.6688
-50.4366,46.2028
-44.8898,58.7771
-61.5400,47.1636
-63.0428,48.7130
-60.0477,54.7588
-56.4864,54.0142
-56.6677,54.0143
-56.6117,55.6544
-59.3706,48.6751
-54.3942,59.3052
-55.6096,48.3807
-44.0381,56.4722
-43.7113,60.2091
-52.9988,51.6613
-48.3594,52.1701
-61.5525,50.8172
-53.5821,49.7256
-62.8297,48.0084
-60.8603,51.0650
-43.7736,60.2046
-52.8308,54.3252
-58.3532,54.8208
-39.2221,62.3323
-54.3730,56.0530
-63.9340,49.0210
-45.4420,52.6184
-50.9816,53.0968
-47.1466,52.7116
-43.0275,54.4481
-52.4816,52.1303
-56.5626,45.0809
-53.0225,45.7425
-43.9312,54.7526
-48.1303,58.7735
-47.4471,55.0355
-57.0263,49.1917
-58.1804,49.6838
-41.4955,53.8654
-44.0643,56.4282
-50.0973,54.7963
-45.0051,52.7238
-48.0369,54.9048
-54.6324,52.4744
-44.2664,48.1083
-56.1466,60.5670
-41.5217,59.5843
-61.0922,41.8152
-56.1909,56.2245
-55.0152,53.3802
-54.9998,55.3270
-57.6894,48.5186
-54.8122,62.6006
-50.2279,50.6966
-48.0477,52.6737
-45.7955,56.1025
-55.8065,51.3533
-52.1628,45.7791
-54.3748,51.9605
-62.2953,47.6298
-55.4793,52.7828
-49.7192,54.4785
-54.0919,48.5053
-47.6410,56.8922
-62.2259,45.9892
-53.6333,44.7424
-48.2248,50.9673
-52.0645,46.1944
-54.8162,53.2760
-46.3203,56.9287
-56.5745,58.9835
-54.1853,50.4813
-55.8913,45.9297
-41.6166,55.9624
-41.4745,60.2004
-48.1484,53.3956
-48.7866,47.5677
-52.5538,53.1811
-53.2065,54.1434
-47.6602,58.6273
-53.8020,61.0776
-40.7548,51.4865
-44.3500,58.1246
-50.7583,45.9536
-58.9697,43.4886
-41.5049,60.0344
-48.0707,58.9260
-51.4279,56.1312
-56.1455,49.2773
-54.7158,54.3065
-48.3028,53.8261
-50.5506,54.0846
-54.0062,49.7593
-48.7044,61.0821
-48.4674,51.4004
-54.9933,58.5471
-49.8983,57.1490
-48.7085,52.8914
-50.7568,50.7580
-47.7706,53.4633
-37.8936,59.4053
-51.2491,57.1938
-50.4387,59.7911
-48.3125,44.6137
-47.3628,59.5954
-49.3100,52.5712
-51.2312,45.4785
-42.0880,59.4785
-53.3477,54.1023
-45.2292,60.3238
-46.2918,68.7746
-53.0266,55.4993
-57.8265,43.6742
-56.9514,43.4114
-52.6922,49.1819
-54.5396,55.1617
-53.7622,52.4127
-48.2618,59.5558
-47.4253,61.6640
-52.7243,51.6765
-55.9121,56.2238
-52.5063,48.7687
-53.5468,46.3489
-36.6155,48.8091
-47.5962,52.4230
-46.4362,47.0377
-43.3339,58.4801
-46.4124,59.6523
-47.2870,45.8539
-58.8544,38.9693
-50.4859,57.5385
-49.4695,47.7545
-42.5024,44.6301
-52.2755,46.8809
-59.8632,46.8298
-50.5733,59.4873
-45.0197,61.5840
-53.4747,46.6028
-49.4820,53.4792
-53.9575,57.7182
-53.9454,54.3365
-49.9585,59.6700
-57.0389,50.8692
-44.0209,54.2445
-36.4482,67.1956
-60.1065,47.3572
-48.8927,46.7136
-44.2097,51.9309
-56.7705,53.2001
-50.7738,53.5555
-58.6966,59.3217
-58.3699,49.5995
-57.6121,45.3014
-60.8390,47.5311
-44.8772,54.2790
-44.0263,52.3849
-61.7648,57.0179
-54.7753,44.2710
-50.8766,46.5581
-48.9248,49.2865
-51.6921,54.2013
-52.1811,52.2428
-48.9567,43.8844
-60.3942,49.4537
-60.5678,46.2828
-52.2061,61.5706
-53.4284,50.7129
-53.7313,52.9187
-55.7586,52.1429
-56.0890,53.1710
-56.1434,48.6602
-46.8149,49.6138
-55.1558,56.0192
-48.6075,53.1495
-54.5813,53.2420
-53.9195,56.6767
-38.8289,53.2338
-51.8371,54.0223
-53.7738,55.4401
-36.0486,60.7243
-44.5370,47.4230
-38.8887,69.9130
-58.7381,52.8068
-49.6256,53.0155
-50.2645,57.8111
-52.7408,49.0673
-51.3366,47.0845
-44.1265,58.5493
-49.0089,53.4845
-52.5972,55.1074
-51.1681,59.1405
-46.8725,58.7942
-60.4617,46.9276
-56.7578,50.5667
-57.2515,48.7327
-50.3555,51.9065
-49.2812,57.1651
-34.9957,57.8009
-50.2455,47.8147
-50.0449,49.6662
-55.9893,58.5386
-49.6006,57.3037
-55.6948,42.2266
-54.1948,47.5208
-50.5031,46.0411
-54.7947,50.2662
-51.0525,56.0872
-54.5869,56.5525
-49.9323,54.7224
-51.1591,46.9825
-58.2824,54.2394
-45.4634,47.5412
-59.1199,44.9455
-51.2722,55.8687
-57.9204,45.5838
-56.6247,56.5039
-42.9888,61.4742
-50.1841,54.1848
-51.0557,57.7368
-49.6426,62.3390
-51.9783,45.7347
-37.8767,51.2805
-63.6865,52.0458
-66.9683,44.5518
-47.5442,61.4958
-57.8774,44.3269
-54.8604,37.6665
-55.5481,47.8134
-50.3171,55.4196
-53.7782,45.3871
-57.7074,58.7496
-44.1987,59.2260
-52.9396,52.7812
-62.3339,46.6831
-52.6469,50.8230
-49.7337,52.1802
-53.9371,57.7107
-24.0782,62.7254
-45.1812,57.7698
-55.7875,53.8541
-49.8157,57.1391
-58.7758,45.3593
-56.1314,46.6930
-40.1595,52.0621
-31.6473,56.7778
-49.4276,53.2429
-45.2259,56.2685
-52.7082,60.4509
-49.3875,43.2639
-55.3764,61.2363
-55.0318,53.6496
-47.9563,52.7971
-49.1398,49.6173
-38.8885,52.3609
-45.1783,56.2261
-50.4078,54.8699
-45.9735,51.9184
-52.3903,53.6365
-54.8392,50.1244
-58.7453,53.0203
-44.5145,56.6381
-50.8942,54.3159
-49.8173,54.7893
-46.6819,52.9314
-45.9206,63.4611
-38.6209,51.7555
-52.1205,50.3547
-46.5856,58.0154
-52.0777,53.0850
-44.2434,52.9824
-54.8797,53.4244
-45.2269,57.4585
-54.7160,42.2779
-62.5100,45.9491
-58.0590,50.9662
-53.8545,48.0203
-40.7312,47.7595
-51.7766,57.9513
-46.5034,57.1691
-46.3441,59.4794
-56.3921,59.5779
-56.5309,51.0652
-50.7577,52.6226
-41.5854,47.3305
-48.1127,49.1145
-54.5243,48.0365
-47.8936,54.1643
-44.9962,66.3316
-52.4372,45.0490
-52.0194,50.1804
-45.5972,58.6745
-54.4107,50.9190
-53.0504,38.7530
-49.7930,48.1778
-54.0849,49.0860
-52.7092,56.0288
-56.4095,43.2976
-57.4930,54.1734
-50.8879,54.2676
-59.2190,43.5924
-50.5805,48.8134
-59.6332,61.0801
-56.2827,53.4172
-52.8325,50.5935
-44.9398,53.8357
-58.2853,47.9634
-54.4941,46.8501
-58.0465,51.8827
