13.2776,6.8787
38.0852,41.0496
65.6566,50.2988
47.4521,31.6151
55.3833,57.9102
33.7200,30.7508
49.6612,45.6847
50.0656,58.9564
73.3439,51.6952
53.7088,40.6231
4.6538,2.6893
44.2830,33.1729
63.9232,58.2458
-23.8045,-36.9457
-41.5215,-33.5880
-22.2071,-14.7236
35.3214,25.1583
16.0485,-1.1760
-43.7129,-37.7804
-61.1587,-52.3456
-51.4925,-55.7175
-18.5858,-32.0800
30.0800,39.3626
41.1309,44.0138
36.4497,42.5910
-28.7648,-54.7735
-62.2067,-59.7047
-33.2765,-43.4211
-49.6154,-47.1668
48.9924,-54.2245
49.1088,-49.5503
55.3943,-59.3326
52.1252,-59.1336
46.7299,-60.1856
53.7120,-63.8774
48.5053,-50.9691
46.4823,-49.7740
45.1276,-46.6552
56.9943,-46.6782
49.3266,-59.8680
46.9465,-39.3758
57.0698,-54.4530
62.0489,-35.4694
60.1212,-54.5801
57.4627,-48.8003
56.2814,-38.6541
44.1385,-55.8470
50.9693,-53.8994
54.1473,-58.2331
58.7330,-46.5901
49.5914,-45.4356
59.5365,-56.7700
59.9275,-52.8865
55.1339,-52.8785
50.4612,-61.9141
52.0104,-52.2133
43.9519,-54.0759
53.7397,-56.8344
59.9045,-45.3659
55.0930,-52.7650
48.5720,-39.5002
61.3686,-53.4197
58.5660,-48.0669
57.4576,-48.4071
57.0224,-40.8802
61.5685,-46.6875
44.8331,-50.5614
48.3286,-50.5685
48.5054,-55.7599
54.6189,-59.3803
51.3095,-57.6647
41.2131,-60.6073
41.7820,-62.6514
45.8908,-59.0779
50.2314,-56.9293
56.5874,-51.1401
58.6709,-63.1927
46.4480,-48.9407
50.2627,-59.3777
56.6027,-53.1548
48.0697,-59.2694
53.7627,-50.0312
58.6814,-51.1601
59.2505,-50.2440
64.7796,-46.2646
63.6219,-47.7945
46.6457,-42.9773
43.4582,-52.7823
46.6775,-51.2770
50.6188,-61.2711
52.8495,-52.3754
45.2287,-61.1656
48.6807,-58.2989
53.5568,-58.2477
48.2162,-56.6730
54.1285,-53.4151
50.9973,-61.1146
56.6601,-51.5074
42.0786,-71.5985
58.3992,-52.6995
45.5332,-51.9811
54.2131,-50.3014
50.6394,-49.5788
63.4505,-48.1022
61.5184,-36.6110
54.8335,-60.4876
46.0417,-47.3553
41.9072,-55.5141
48.6382,-52.7173
50.5879,-57.1982
53.3223,-47.8990
50.6972,-52.1670
52.8266,-64.8944
54.8911,-53.8141
53.4100,-48.9023
61.3088,-54.9659
61.4166,-54.9460
50.2139,-51.8314
58.5770,-60.4531
45.7434,-49.2744
54.3137,-56.5992
53.0341,-51.6215
54.5333,-53.4323
60.9528,-50.0410
53.2264,-63.1700
57.4452,-50.5713
47.8864,-47.0938
44.6597,-55.4670
47.4546,-50.6133
53.8627,-56.3042
52.5578,-53.3549
46.7703,-53.3319
54.9512,-64.8506
46.6735,-53.9148
52.5676,-52.8762
52.8028,-50.9521
48.5940,-57.9712
54.4854,-51.0653
57.2966,-59.6552
50.6186,-51.7786
54.3388,-47.3761
52.5454,-48.9021
51.8450,-49.5693
59.3644,-55.0052
50.6875,-52.8445
50.4081,-50.6001
39.1437,-49.1405
42.7158,-54.3647
59.1003,-56.1300
56.5273,-48.8527
44.8933,-54.4618
47.3104,-52.5792
49.3970,-64.0016
56.3284,-55.7552
48.6051,-63.8374
48.6022,-42.7435
52.2081,-48.7557
53.1757,-44.2039
49.5923,-52.2518
55.2705,-49.4568
52.0821,-50.9587
53.8693,-49.4809
58.1499,-53.1652
62.6277,-61.2700
62.2317,-51.5000
62.3231,-54.3679
42.4172,-50.4962
36.6986,-56.5975
54.8185,-46.4826
37.3615,-62.8193
52.2806,-52.0609
46.9175,-52.0635
54.5913,-65.5582
47.5001,-65.5113
49.2417,-60.2077
50.0123,-54.9724
55.1860,-62.0688
52.8960,-50.2783
56.1287,-58.9399
44.7075,-58.5356
54.4772,-54.2284
45.1656,-50.5284
43.5910,-53.8247
57.8343,-57.0832
63.0878,-52.8281
55.4038,-53.6239
41.4946,-60.3746
42.0387,-53.1095
53.7586,-52.9147
53.5353,-55.6845
50.8728,-46.1992
50.5656,-41.6322
48.1134,-65.2513
55.0462,-58.6209
49.9335,-62.2311
52.7506,-54.1472
46.6509,-55.3607
56.4443,-48.4638
59.3718,-45.4992
58.6122,-52.7125
43.9597,-53.8562
44.4123,-53.3485
50.3699,-47.2637
52.8478,-65.7553
60.5766,-52.2467
59.9662,-58.4769
41.6235,-56.8750
39.6583,-51.0537
47.3562,-55.5497
51.1275,-59.8022
51.1000,-51.9037
49.6992,-52.8499
51.8988,-65.3716
47.6852,-59.5966
51.1389,-58.3813
52.4893,-49.1137
54.4282,-61.4926
60.1001,-50.1021
53.7823,-55.8469
58.8525,-42.0131
46.1157,-53.2699
50.8411,-50.8723
49.1935,-54.6273
64.3712,-44.6822
57.9986,-39.6789
60.4051,-39.2053
39.6991,-56.6812
49.8603,-47.6368
46.8914,-51.6434
50.5398,-57.9880
49.8783,-54.8781
37.1473,-58.9983
48.3551,-66.7625
43.4614,-59.6092
54.6877,-58.7288
56.0195,-47.1106
48.0119,-56.7401
57.3658,-53.1452
56.6109,-55.5954
49.3691,-54.4084
46.3123,-57.3213
52.1371,-53.4560
47.6639,-54.8203
58.1410,-36.8171
58.6846,-44.2718
48.0407,-59.6904
55.8667,-52.1456
56.7087,-51.6414
39.7745,-60.9929
59.5988,-44.8851
53.2857,-57.5581
43.4764,-54.3447
47.9743,-64.7787
49.4941,-52.4088
55.0955,-55.8185
53.7014,-54.5939
48.2314,-54.4110
53.7748,-54.6504
60.1756,-61.3190
48.2371,-41.6876
49.6304,-42.9507
54.4960,-54.3819
54.5210,-50.3818
64.4367,-38.6075
46.1669,-48.4161
52.5495,-55.0311
48.8331,-55.9108
57.4633,-51.1023
43.3152,-57.1725
55.7927,-53.6360
52.7658,-50.4521
44.0875,-69.4307
43.1317,-59.7589
62.3389,-52.3203
53.2333,-63.7819
51.7590,-54.6240
36.7406,-45.5805
52.4417,-57.3002
59.1792,-52.4268
46.4680,-47.6262
46.8268,-46.1164
58.3514,-60.0899
56.0615,-57.7334
56.4080,-37.7026
41.4713,-50.5129
60.7542,-51.1020
59.1222,-56.0328
57.9694,-47.0764
44.2797,-54.9583
58.9717,-55.8365
43.6639,-57.1804
43.5847,-56.9817
47.5017,-58.6223
50.5154,-62.2332
57.9008,-57.2072
53.5491,-48.9776
42.9635,-49.5508
57.2878,-53.2570
55.3425,-59.2962
53.7579,-45.8021
46.9342,-58.5821
52.6802,-58.3382
50.3904,-59.8258
53.4118,-46.2306
47.9243,-51.6232
42.4756,-62.1422
51.9430,-56.6369
60.8549,-48.4377
44.4022,-50.7440
53.1311,-54.2831
52.5988,-56.1651
34.4035,-55.4088
46.0114,-64.0394
50.6675,-53.0851
57.8931,-58.9423
52.4204,-53.5213
43.0801,-51.9656
57.2644,-60.7279
57.6352,-47.5589
57.1333,-54.1248
45.7861,-43.1062
58.0373,-47.4289
52.0152,-58.4509
54.5194,-52.9154
63.0243,-50.3260
67.7742,-26.3794
50.8707,-50.2392
51.7367,-49.1047
47.7530,-57.9182
53.5214,-54.7373
50.8813,-49.6149
55.3204,-56.1528
52.0445,-57.9204
57.8134,-59.2345
53.3140,-63.5984
47.2563,-49.7494
47.0292,-46.8509
53.4945,-50.3395
57.8437,-54.9056
52.2109,-55.5921
50.8560,-38.0215
63.6743,-57.4049
48.6733,-59.9058
52.2375,-49.8862
57.3077,-54.2102
48.1862,-54.1743
52.5164,-53.5423
62.4942,-48.1568
46.3480,-53.9335
46.0179,-54.8588
53.8584,-50.1846
55.4774,-59.6128
53.6457,-55.7121
53.2446,-61.0730
56.8989,-56.2294
50.5075,-55.2467
53.4393,-50.6371
57.8473,-47.6149
56.2948,-48.9864
40.7104,-63.2148
56.1626,-46.4453
59.7819,-61.5527
57.9231,-63.2867
51.6137,-52.3323
57.7679,-52.3966
46.0752,-47.1563
56.5830,-48.3909
52.5438,-59.6725
44.5221,-57.5424
63.9312,-40.4232
57.7779,-45.6570
60.3000,-56.3290
52.6484,-48.3023
59.4803,-49.9990
52.1018,-55.9603
52.2506,-53.7120
42.3113,-54.0846
60.3300,-47.1196
55.8831,-67.4406
47.6987,-52.0487
55.8700,-45.6079
54.3569,-59.0900
52.6107,-48.7240
57.8017,-33.8891
55.3017,-47.0840
53.3242,-45.3717
59.7620,-50.9484
63.2295,-55.0200
41.3908,-63.6125
49.5458,-54.7174
49.8467,-52.4801
54.3300,-58.4507
57.5393,-50.0933
61.4074,-51.8147
56.7811,-48.1603
48.0622,-55.3607
46.9489,-49.2196
62.0027,-44.9454
54.8269,-51.6933
46.0460,-53.1679
50.9493,-48.4194
60.8018,-60.0298
54.2654,-56.8562
58.3308,-41.9353
48.5529,-52.4497
47.9076,-45.5645
47.9876,-53.2321
65.1011,-52.8594
48.3276,-55.2848
50.5350,-48.3485
57.3074,-47.4685
62.3788,-55.2502
55.2890,-51.7148
53.3409,-58.4008
54.1589,-55.3888
51.8921,-52.7077
48.1985,-48.7428
56.0242,-55.4622
50.4654,-60.3226
50.9693,-48.3087
41.1112,-53.8640
56.4913,-58.6898
53.1433,-58.1994
59.8885,-29.5472
48.2927,-48.2542
51.8519,-60.8169
50.5296,-55.4031
58.0337,-53.9867
34.5128,-51.4549
57.3906,-51.5910
53.5030,-59.4343
46.1354,-61.3782
49.3688,-60.3825
49.3700,-55.0968
49.0127,-63.0835
53.5363,-52.0003
46.1849,-52.5726
60.3020,-50.6485
57.4586,-55.2110
54.7146,-37.6971
48.6455,-44.5325
52.0857,-55.2053
56.5738,-52.8499
60.6389,-42.9682
44.9080,-48.5204
54.8683,-43.5865
60.8178,-47.0947
61.5925,-52.1943
45.4686,-56.5405
50.5684,-47.5672
57.8075,-53.2082
44.7299,-56.7834
49.6948,-52.5069
49.2715,-57.5797
62.2314,-43.3714
56.0240,-49.3699
53.5930,-53.7209
55.8300,-53.8084
56.2225,-49.1270
47.7725,-32.2109
40.6871,-47.6685
50.6434,-56.2327
50.0799,-55.4902
60.1198,-43.3814
46.7121,-44.6408
54.6244,-55.2458
55.7615,-47.7366
54.7729,-61.9453
38.6200,-51.9623
55.1236,-54.8316
50.7779,-59.9465
50.3549,-59.7624
48.5991,-58.1661
59.7189,-52.3693
54.1482,-53.4680
53.8240,-48.3443
51.8592,-54.5998
56.7252,-56.0412
64.2704,-50.0289
59.6945,-46.8044
40.5928,-52.6603
48.2377,-54.2597
45.0609,-44.1557
55.3260,-40.7075
42.9572,-47.6312
48.5436,-62.2212
52.9139,-55.3559
50.6570,-46.7464
42.0754,-59.7989
35.4385,-61.2117
43.3145,-66.4460
35.3913,-63.8376
48.9546,-56.4663
55.5573,-50.8575
54.9291,-51.3876
55.9314,-52.7865
45.2444,-61.5400
61.3799,-44.6140
63.5155,-51.2735
51.8458,-36.5203
37.1632,-58.3302
47.6790,-56.6010
43.0032,-48.5447
60.4664,-42.1879
54.6822,-53.3557
51.6281,-60.9344
52.7245,-48.2910
57.2548,-61.2171
42.3436,-50.9986
58.8252,-47.6182
53.1619,-60.8545
42.0920,-61.3058
48.9034,-56.0566
57.2476,-44.5536
51.4727,-55.7617
54.0417,-52.6584
58.4968,-59.6970
58.8377,-46.5942
41.3036,-69.4481
56.8500,-40.8923
52.5791,-59.7788
44.4525,-54.7520
41.6651,-52.0278
53.2808,-50.5102
39.6450,-50.7765
49.5000,-57.3166
57.1918,-56.7608
56.1240,-58.9475
41.6097,-46.7226
48.9312,-52.7742
57.6354,-59.3596
35.4451,-61.7108
50.1398,-51.2226
49.1034,-46.9702
59.3706,-42.3682
56.8078,-54.3668
55.6002,-56.9658
59.6370,-47.3332
56.0272,-56.1648
57.9869,-40.4055
48.4489,-58.3613
45.3578,-56.8583
49.4622,-54.3209
54.0449,-52.7140
47.5660,-50.5814
49.0281,-57.3288
56.3078,-52.9368
60.5916,-60.3418
59.1975,-41.7529
55.3800,-43.1453
48.0105,-64.5289
43.1989,-59.9023
51.7282,-51.9046
54.0320,-44.5395
60.1707,-43.4773
62.1729,-51.3717
57.5882,-53.9781
56.2980,-48.0442
52.1185,-53.5837
49.0858,-44.9941
54.9436,-59.8296
49.9750,-53.9447
41.1216,-59.2724
43.3647,-57.4348
41.2073,-63.0924
57.5637,-55.5221
60.1494,-53.4597
53.9817,-56.1907
65.7218,-46.6815
49.8497,-41.7536
50.1692,-60.9089
52.4534,-48.7911
57.2924,-46.2667
55.9837,-42.3131
56.5863,-45.0544
58.1410,-53.4463
56.5405,-50.5794
46.7825,-53.8847
49.2287,-48.7134
49.8680,-58.4179
59.1686,-58.3414
59.5045,-50.6654
48.1420,-58.7861
57.8116,-55.3463
47.0091,-61.8120
51.7522,-54.1378
58.9285,-49.2366
48.9039,-54.6356
69.3015,-45.2375
56.3408,-55.0521
54.6393,-51.8240
58.4369,-48.4427
63.9853,-41.7458
46.6740,-56.6224
52.0379,-50.2336
55.3648,-50.0210
56.3065,-50.2670
52.6226,-61.0775
47.7860,-56.9110
49.4608,-50.2579
54.1321,-55.0520
55.1041,-57.8824
47.7408,-54.6201
54.0478,-59.4276
54.7860,-57.1701
52.5531,-47.3137
57.1736,-51.6390
57.0079,-61.3741
57.7923,-49.3110
45.0263,-51.3021
52.8028,-54.4353
56.6555,-46.1087
55.2428,-43.8307
50.5931,-57.0429
54.9646,-43.8034
61.5864,-55.5102
61.8667,-43.4518
56.0977,-56.7994
47.4910,-49.2591
50.7057,-56.1090
58.6912,-55.0870
57.9366,-55.6755
56.3340,-50.0628
43.0344,-60.8624
61.8546,-50.2472
42.5467,-56.7059
57.4613,-51.2717
48.5951,-54.5624
63.2317,-49.6368
62.1334,-45.5885
58.2073,-54.1777
57.1983,-40.9942
59.4336,-44.5858
51.8989,-53.9141
51.1692,-49.1732
65.5493,-49.8816
60.3049,-53.1346
48.5368,-55.3356
52.0008,-44.3876
46.0438,-56.8357
58.3023,-61.4234
55.2266,-53.2923
56.1624,-42.8823
61.4970,-60.3966
58.9975,-50.3865
48.3790,-53.9788
57.1198,-49.9739
53.0652,-52.3939
65.0052,-53.6784
43.6124,-54.9678
55.7581,-59.1255
54.5582,-49.4556
57.5587,-47.5280
58.7490,-44.2021
51.6093,-44.5400
55.6289,-54.5880
59.1990,-53.2720
52.3644,-53.2646
44.1788,-48.8176
53.1203,-50.4496
54.4870,-59.3953
58.8281,-51.4667
55.6954,-53.0132
52.0131,-61.2225
49.2549,-62.0719
50.4751,-56.3915
57.6948,-50.6382
56.0790,-59.4998
54.5017,-51.0240
47.0962,-56.9200
57.6530,-56.7530
48.1411,-49.5275
59.9876,-48.2904
46.8395,-56.6878
50.8343,-45.9861
52.8110,-56.4989
54.5243,-63.3886
52.2281,-55.7982
52.9029,-56.1095
54.2652,-54.0808
57.0484,-59.2531
51.5792,-55.2749
43.5307,-55.5714
49.6422,-63.9677
52.1385,-60.2138
46.5615,-58.2259
56.2157,-49.5816
58.2256,-62.4508
62.4197,-49.8637
50.1133,-51.3832
54.0868,-51.2493
65.5204,-44.4432
63.8333,-39.1155
56.0984,-42.8865
49.1573,-52.0134
60.9153,-45.8097
56.0201,-44.8208
39.8994,-64.0067
48.0868,-52.4360
55.7637,-60.6180
65.9495,-48.8507
62.9696,-54.4336
68.8458,-57.1485
55.9673,-62.6387
57.6452,-52.9521
54.9981,-58.6098
57.1776,-53.2390
50.2505,-52.3176
63.9278,-53.1370
47.4320,-51.7664
57.2792,-46.7970
52.1291,-46.6388
56.6503,-55.4148
47.0769,-47.9457
52.7795,-40.9900
64.5819,-47.2575
53.8317,-54.8447
48.2694,-59.0619
48.0572,-56.2816
50.0048,-52.7969
62.0502,-56.8890
59.3180,-48.6022
46.5715,-45.3071
48.3473,-61.1326
53.1286,-54.6686
54.8927,-42.4944
60.2826,-47.1143
51.3834,-58.2223
62.7286,-55.3032
47.0281,-53.0583
49.2569,-58.8514
55.5173,-49.9602
58.6691,-45.8938
48.7053,-46.1701
44.0918,-55.0597
57.1555,-55.3323
58.8367,-48.5952
49.1067,-60.6058
52.5008,-49.1259
39.0449,-66.9860
54.4473,-62.7990
64.2553,-48.9619
53.3097,-55.9426
47.0482,-60.8790
59.3193,-51.9927
48.3939,-50.5250
43.9817,-61.2780
47.5149,-51.2078
52.4694,-60.6114
55.9210,-51.3788
56.6835,-47.8011
65.0791,-51.7660
59.5924,-48.1926
44.2791,-57.2855
43.4717,-58.3057
54.7747,-52.0051
63.1410,-52.6405
54.6451,-54.6958
49.7853,-59.5111
48.9758,-58.6884
61.7099,-56.3320
60.7730,-50.2892
56.9876,-43.5010
47.6148,-63.1095
58.1507,-58.2217
51.9723,-49.6934
45.9755,-56.5608
50.6418,-50.8751
59.3899,-57.0770
59.8077,-48.1124
56.2449,-47.8135
58.5397,-51.0059
63.7706,-49.7733
60.9471,-46.4756
41.8005,-63.7211
56.5679,-50.3570
46.8780,-52.1764
47.3164,-62.6071
52.1472,-53.8134
59.8417,-57.7960
55.9072,-53.3396
57.8636,-56.3370
51.1319,-47.0990
47.0782,-62.5744
54.8140,-58.9554
59.5561,-42.4083
57.0277,-48.7957
53.2679,-53.3666
64.1535,-54.0046
50.3936,-50.1964
61.5909,-45.3064
64.8032,-41.2241
59.5174,-42.3915
53.8508,-43.6224
49.3770,-51.8000
55.1052,-55.0782
54.8610,-48.5465
49.9930,-61.5091
58.1394,-47.0200
54.9159,-55.4284
61.1524,-47.8148
59.8339,-55.5663
60.2844,-50.1118
58.6247,-54.8093
63.1807,-40.4181
36.5436,-52.1976
41.9389,-56.4039
54.3617,-52.6917
49.5342,-53.1257
59.5177,-49.8468
53.2619,-48.3388
67.5356,-42.9590
63.3446,-50.9841
47.9486,-54.1544
46.7671,-58.5538
58.5439,-51.8528
49.7032,-47.7583
51.4229,-53.9894
56.0367,-53.4201
53.6628,-64.5645
58.9497,-50.9429
63.4346,-53.6729
55.6090,-57.6967
50.1385,-62.4400
57.5321,-57.3210
38.5831,-50.2454
54.7533,-52.7907
50.4538,-54.1567
51.4153,-57.5824
48.7114,-49.1539
51.8289,-48.9327
67.8353,-45.5008
54.5435,-46.2653
49.5646,-56.0395
47.3329,-54.0021
52.6541,-53.7267
48.3119,-50.3099
58.6580,-58.1148
41.1582,-55.6002
52.2938,-60.9082
58.0657,-54.8395
51.3221,-57.3061
58.6867,-56.3982
53.2789,-58.4350
56.5139,-54.2609
46.4185,-46.3017
57.2736,-52.0966
58.7728,-59.5633
57.6404,-57.7810
54.0111,-58.4312
53.5327,-51.5439
63.3566,-39.5450
55.0806,-41.6160
50.1015,-54.2414
55.8920,-42.5965
50.1409,-60.7749
56.4342,-57.6713
54.5949,-55.4079
50.1284,-60.2408
43.5754,-62.1243
57.4780,-56.8445
48.8706,-55.1991
43.4427,-55.9641
56.0339,-58.2911
55.2906,-58.9324
49.3175,-53.7239
55.3273,-57.3348
54.8462,-54.5810
56.1911,-54.1006
52.9375,-53.6372
56.4653,-47.5885
64.6886,-46.9305
59.4043,-42.2436
55.8817,-48.2646
51.8768,-55.2785
51.3578,-53.4683
54.0545,-52.0532
57.5123,-65.1604
52.4972,-55.8713
53.4923,-58.0673
57.1842,-57.7317
56.1770,-58.7320
60.6013,-44.4276
47.6593,-55.7858
49.8738,-58.4726
44.9606,-53.6431
61.3147,-49.4720
51.6860,-54.3299
58.3993,-55.4519
53.4174,-50.8686
63.7956,-46.4800
62.6580,-50.8849
59.9008,-43.3967
55.5624,-53.5739
46.7803,-49.8753
55.7072,-57.1358
60.4161,-53.8170
60.9505,-55.6596
56.4536,-45.5114
51.7473,-66.0333
58.4392,-56.5394
61.3209,-53.0569
56.0489,-49.4980
53.0516,-60.0235
62.4489,-52.7404
47.5125,-47.5940
54.7084,-54.3481
47.3346,-57.0543
58.4212,-63.4931
55.2845,-43.8282
62.3013,-42.9102
65.6896,-48.7358
58.9224,-40.0809
55.3327,-49.2041
46.0918,-59.1750
47.7088,-56.6212
43.6146,-56.5474
56.5979,-58.7099
64.5205,-56.7489
56.7199,-48.7980
51.1828,-52.7461
56.2859,-61.2370
53.1999,-55.9295
53.7061,-42.3004
60.3821,-49.5752
50.1035,-51.4680
59.9052,-48.5735
67.2701,-49.9013
51.6818,-59.4941
43.9782,-47.9074
58.5641,-42.1778
63.8878,-53.6816
59.8095,-46.5641
53.4857,-54.5112
43.8805,-53.2156
52.9910,-59.0618
49.2974,-53.7428
52.2709,-60.6803
50.9360,-50.2003
46.5325,-54.4675
58.7774,-48.0699
57.0858,-58.3554
58.1753,-54.9393
49.7236,-49.3994
51.8520,-58.1251
46.5348,-55.5027
55.5967,-53.3588
65.6837,-52.6155
51.5991,-52.3085
54.6330,-52.8681
57.9743,-48.2192
64.1344,-53.5221
55.6723,-42.1333
59.7272,-55.7967
49.9412,-48.1447
53.4252,-55.0495
44.8265,-50.7459
60.8946,-51.1941
59.3577,-52.3033
51.3769,-57.9101
54.7460,-56.0583
60.0367,-60.4824
58.3830,-51.9496
55.9240,-52.2357
61.8540,-49.4054
57.6330,-50.9066
53.3788,-53.7336
54.5103,-55.4048
59.9101,-59.4268
57.8569,-51.1107
63.5172,-40.3267
64.9219,-47.8515
60.8981,-43.2866
47.8615,-57.2013
47.8341,-46.2354
54.6627,-51.9028
53.4121,-48.8369
49.8290,-57.7162
56.3760,-43.7569
45.3365,-57.5478
58.2875,-50.7491
60.7451,-55.5041
55.8972,-49.9120
55.4878,-58.2907
67.0713,-48.7424
53.0327,-47.8622
56.5177,-50.0021
52.5685,-53.6339
49.0796,-61.0186
51.4946,-57.8434
55.6429,-42.9498
70.1698,-47.3055
56.0164,-50.7845
57.5028,-54.5099
42.5762,-64.1625
52.7251,-54.1595
47.7540,-48.2935
58.3320,-57.8382
49.1320,-51.9372
59.5849,-61.7815
49.9735,-47.6157
62.8724,-51.5761
59.7417,-44.3523
54.6368,-62.6353
62.8608,-49.3663
63.8362,-45.6744
46.4472,-56.2962
50.2273,-52.0382
47.3555,-59.3972
50.2010,-52.5634
54.4670,-45.3034
56.4787,-53.9515
56.8172,-54.4095
48.8258,-59.6585
43.0041,-68.3306
49.6310,-51.2171
51.2725,-44.4199
50.3874,-61.9692
55.9215,-53.3189
55.4318,-59.0985
50.8591,-47.9178
59.0655,-57.3492
63.7364,-57.9921
56.3618,-52.2840
60.4258,-52.2080
48.7087,-47.9107
51.9736,-54.9706
51.3378,-52.3705
40.4117,-64.7028
54.4371,-58.3799
55.1344,-39.7839
67.3878,-49.5643
59.7993,-47.0623
49.9999,-56.9407
51.0468,-62.2958
53.8310,-52.2848
44.9504,-45.9140
50.7143,-56.8621
51.5823,-49.6605
58.9987,-57.7193
57.2233,-48.1487
58.3554,-51.7893
58.7989,-48.7681
56.6905,-60.2823
64.0392,-52.6169
54.3590,-49.9968
51.7910,-56.2568
46.9122,-46.0925
57.9357,-54.4265
43.2204,-59.9773
51.0147,-47.6016
49.9442,-52.3696
61.7630,-51.6213
50.6201,-44.0428
52.6606,-57.5455
61.8134,-56.7472
55.8975,-48.4963
48.9561,-62.7729
44.1755,-53.8152
58.0341,-55.1478
59.1404,-55.8658
59.4671,-48.0834
50.3045,-54.3242
46.9212,-64.0738
61.1194,-59.1602
39.8220,-63.6310
57.3794,-46.9032
51.3800,-49.6485
51.4835,-54.8408
45.9692,-57.4348
52.8499,-42.5225
60.9108,-48.8900
54.2506,-53.6177
48.6790,-57.3279
48.8705,-64.4414
62.9918,-52.5304
53.0196,-45.0560
48.1971,-66.0075
44.2300,-55.1802
50.4561,-57.6811
57.5184,-54.4354
62.3261,-55.5101
60.9936,-49.8850
61.1169,-59.0585
62.0424,-48.3139
53.3083,-53.1053
48.3475,-53.6955
45.5377,-52.7083
56.7168,-61.5890
54.7879,-53.0208
51.8237,-49.0153
66.0080,-43.9315
57.1757,-45.2042
46.4378,-55.9251
53.3691,-52.2910
59.6946,-53.2237
54.6193,-46.3893
50.6280,-62.4320
48.8556,-56.8344
53.6406,-52.1405
61.8688,-53.4237
62.4689,-51.0515
56.8715,-48.0628
51.2187,-63.5640
59.4524,-59.1718
44.0658,-53.0038
43.4229,-56.4855
40.2337,-52.1314
53.2692,-60.2717
55.3265,-53.5939
53.6439,-46.8270
62.6497,-57.7230
57.1082,-53.2286
57.0871,-51.7702
45.0814,-60.8478
58.5552,-51.2116
41.1830,-47.6282
52.3453,-58.3902
46.6665,-54.6169
59.4200,-57.9044
63.0113,-44.0731
63.3555,-51.6930
48.9844,-53.7147
55.9518,-60.7329
62.4086,-42.3456
57.8324,-55.6258
50.9531,-56.5191
44.3869,-54.1342
55.0657,-51.1323
54.0315,-55.6196
55.0731,-50.6804
55.5727,-47.3249
51.2603,-52.8865
50.6267,-57.0002
43.9823,-59.3887
56.6481,-54.3781
47.7903,-51.3580
43.4907,-51.8789
59.9935,-46.2099
59.0527,-59.1270
63.3766,-49.9543
60.7327,-50.9601
58.4167,-43.6971
45.7852,-64.5864
54.8220,-60.4189
51.4846,-52.4911
46.3282,-56.8559
48.1607,-51.5712
59.8012,-54.6939
45.1860,-67.1348
51.8491,-47.6507
64.1312,-45.0109
59.0989,-50.1320
53.4152,-43.8985
50.4638,-54.5648
60.6232,-52.6964
52.4581,-45.1404
53.8765,-58.7275
50.5428,-49.7673
60.0136,-52.4830
58.4442,-45.3570
50.0621,-49.9830
56.6764,-48.3344
60.7139,-53.2603
66.0457,-42.3420
56.9969,-59.6962
47.7238,-56.5664
43.1804,-50.8902
44.8708,-63.0765
50.8559,-68.1984
49.8620,-51.9221
64.2954,-46.0449
53.1444,-54.8320
52.7963,-59.3622
44.4543,-66.3108
53.4426,-47.5551
44.6601,-51.6606
46.7069,-60.4161
62.3389,-57.6141
55.6174,-64.4037
60.3125,-44.6687
55.7062,-52.4571
50.0288,-55.9208
62.4416,-49.7450
60.9995,-28.5341
60.6662,-48.0575
50.3147,-53.7946
42.0976,-50.6117
50.3430,-57.2833
48.7637,-62.6785
50.6216,-58.7264
54.0034,-55.6444
46.3696,-66.3365
46.3286,-60.8546
56.2768,-53.3173
53.5856,-45.8609
38.2535,-58.3165
57.8945,-46.8623
44.7859,-62.7226
66.2932,-36.5516
45.3459,-48.2875
51.4911,-51.8658
57.9181,-49.7329
61.3084,-33.9678
42.3475,-51.9912
43.5298,-65.4981
57.5448,-49.5826
58.7109,-58.2082
44.3397,-48.7973
58.1925,-48.2742
53.7432,-63.2125
34.2440,-63.4626
47.5368,-57.2106
62.2526,-49.3461
64.5284,-46.3045
50.1722,-57.3520
50.0225,-58.4549
53.0876,-47.6764
53.2211,-64.7415
49.0706,-50.0943
51.4721,-62.4092
41.9161,-58.5882
46.8637,-62.7986
53.4030,-49.6146
43.1430,-51.5660
45.8237,-64.9061
62.2554,-48.1280
62.8099,-55.9875
47.7011,-52.2003
54.1272,-53.7211
57.2794,-61.8917
33.6485,-59.6919
50.2736,-59.1745
57.5486,-40.8983
53.4065,-46.4824
56.8735,-51.6363
50.9557,-60.3534
55.7100,-51.3989
51.3257,-57.3116
53.6414,-58.4907
49.1632,-64.6917
46.8965,-55.6039
45.6329,-61.9281
55.3574,-39.9041
51.0719,-55.0788
52.6681,-65.3011
62.7765,-55.0576
58.9907,-49.8158
50.2099,-42.0063
58.1623,-55.9003
56.6661,-61.0509
31.0723,-54.1575
41.3983,-60.9040
48.8176,-49.8557
50.8506,-44.8798
58.7042,-55.2919
53.4302,-61.4156
52.3124,-46.8749
60.0356,-60.2885
51.6662,-56.8182
52.9898,-61.1441
48.4390,-57.7473
54.2535,-61.9234
52.7325,-44.2143
44.8608,-54.3413
42.0170,-62.4297
64.8448,-49.6483
62.1954,-55.1453
51.0016,-55.3947
52.9756,-51.8685
57.5098,-53.7027
58.9507,-53.5730
43.1978,-63.1946
48.8879,-47.3515
51.9262,-50.2808
53.0243,-44.6788
44.3554,-59.8729
53.9870,-44.2514
58.9842,-61.9831
54.9967,-56.2183
49.3522,-63.7812
48.8960,-56.4681
46.1852,-58.4901
52.5585,-49.1815
45.6728,-60.0969
50.2427,-60.5981
55.8616,-51.8036
61.3625,-58.3965
49.5641,-50.7160
47.0254,-51.5504
53.8460,-54.0254
50.8891,-66.4805
50.6103,-46.0298
57.8926,-37.9061
63.0015,-47.0749
57.0516,-51.6539
56.2642,-47.6593
59.0571,-45.0621
44.9049,-55.8416
55.9362,-58.0229
50.8546,-51.5304
48.1257,-61.5789
48.0930,-59.5333
52.9272,-44.5316
55.3074,-52.0998
49.9597,-62.9369
54.1984,-58.7803
62.1681,-54.9799
42.7388,-56.2814
59.2142,-49.3267
52.8246,-61.0673
38.1602,-58.3116
52.7986,-58.7499
66.6475,-34.5406
60.2072,-45.5800
57.8558,-50.9148
55.7669,-50.5555
52.7734,-49.8440
58.1369,-45.0710
53.1874,-49.7600
56.8151,-56.0232
51.9582,-44.4536
46.2132,-60.8098
51.9185,-48.1091
57.1116,-56.2548
53.6656,-51.7082
49.9369,-62.8410
47.9059,-42.9098
56.8855,-54.8500
61.8829,-51.6914
49.3394,-58.6970
43.8472,-50.3437
54.2258,-59.2302
51.3426,-55.0559
48.4286,-59.3114
54.9201,-53.5291
47.8017,-51.2532
41.4492,-62.3108
61.1775,-53.1170
63.2012,-53.8883
58.6203,-54.4182
54.2908,-41.2498
59.5827,-50.9525
49.3874,-57.7768
66.0341,-43.5686
55.9571,-46.6801
53.2739,-58.3790
50.0583,-44.6153
57.2682,-55.3456
42.7461,-56.8702
48.4735,-58.1675
47.5494,-51.9578
52.8998,-58.2236
44.4766,-57.8179
57.4701,-46.2025
62.2444,-52.4228
49.8988,-58.4006
43.4664,-61.9068
57.4249,-53.1684
52.0388,-56.7003
60.7112,-49.0791
55.0305,-46.9215
52.6710,-48.4140
60.6807,-54.7666
56.0467,-59.7660
44.5528,-48.8602
54.4408,-57.8404
48.9438,-45.6260
51.6597,-60.7384
50.0178,-57.5552
47.3528,-58.5837
41.6493,-53.8734
54.0549,-60.9395
42.2291,-53.9690
49.7364,-45.6461
58.5096,-50.5597
53.3207,-55.2916
51.2601,-54.3282
51.3762,-55.4712
58.3097,-55.5507
56.2225,-62.1357
45.8969,-48.8541
56.9857,-55.2343
53.3316,-47.6956
48.4636,-59.2363
49.4203,-56.2129
64.7222,-54.7431
52.3820,-50.7341
61.6769,-48.5485
45.6657,-53.0699
55.9281,-54.4986
44.8225,-59.1574
55.9648,-56.5684
61.3994,-36.8557
60.0838,-37.0628
55.5175,-49.5879
53.1955,-56.7620
47.3656,-55.2317
56.1397,-54.7276
51.9854,-52.8415
58.2757,-58.9646
47.1176,-53.9154
51.0297,-61.8644
50.0341,-51.4860
56.0172,-57.8425
52.1683,-58.6679
58.3756,-59.6310
56.1061,-50.7551
56.1639,-52.1878
55.8797,-47.0402
52.2622,-59.7092
47.8895,-52.0973
56.7550,-47.6184
45.0723,-56.4067
47.4650,-51.3019
61.0279,-50.5187
57.4367,-51.7200
43.3401,-58.9948
59.0935,-63.4100
50.1387,-62.0485
60.0243,-57.0859
61.3567,-48.9441
57.1170,-45.6354
49.2852,-57.7585
58.6621,-44.9069
54.5167,-45.4706
44.4216,-60.4199
46.0241,-50.0206
66.2598,-51.5195
48.3555,-53.2648
55.1692,-57.8158
53.7642,-47.2975
53.2214,-55.6126
42.6553,-49.5882
48.8885,-46.1078
57.5862,-52.4604
61.4368,-49.6301
50.1065,-55.1371
59.6401,-38.6202
55.3236,-51.2477
59.5231,-50.9352
60.8465,-46.1142
56.5961,-50.5803
49.6819,-61.2734
62.8826,-48.7690
45.2097,-50.3494
50.6419,-51.8900
48.4859,-50.7965
61.9150,-53.0766
47.6245,-55.3012
56.4279,-42.5577
62.7970,-41.7148
57.1487,-49.6217
52.3819,-57.8161
46.6955,-57.1163
58.2371,-53.9972
43.1146,-49.3354
49.4842,-63.8734
52.6269,-57.3999
62.9351,-52.2748
57.8422,-53.7370
58.4265,-47.4883
52.1079,-54.0853
57.3940,-58.5933
64.4731,-48.3667
47.5808,-47.9440
48.4764,-53.6235
42.6303,-46.8430
60.4567,-48.4540
46.7426,-60.2522
44.9347,-53.0371
56.0778,-54.1951
55.6583,-54.3491
47.6082,-55.6684
47.1017,-56.0218
56.4041,-56.3458
52.9536,-53.0137
45.1423,-63.4892
44.1195,-57.3465
56.1271,-57.8710
61.9694,-53.0293
63.8183,-52.8221
60.8200,-48.9721
45.5904,-61.3134
56.0841,-54.6031
54.4690,-55.5735
48.0086,-53.1100
46.0131,-52.1288
58.7192,-52.3527
51.3305,-50.0407
53.7151,-42.7543
65.5061,-39.5318
62.0282,-47.4388
44.0544,-59.2982
53.3838,-53.9373
56.8314,-52.5115
43.1921,-51.5375
49.5707,-62.3258
41.7270,-56.6153
54.9088,-59.1966
56.9980,-49.2890
60.1503,-55.7155
53.4603,-48.1225
54.6501,-61.1337
62.8450,-52.8710
52.1226,-42.1969
51.5613,-50.8716
49.4052,-53.5219
56.2535,-53.4931
50.0951,-56.2496
51.5664,-45.0358
72.4480,-51.0908
60.1891,-39.5574
59.3568,-44.6285
51.0432,-59.4115
51.8063,-54.5688
46.4768,-50.2276
43.6565,-69.7552
52.2600,-42.8879
53.3958,-56.0393
61.3873,-44.1713
60.3839,-51.2526
55.5011,-56.1480
50.3864,-56.8698
64.5557,-52.7778
53.3623,-45.0198
52.1434,-48.4017
46.8157,-54.4298
60.5538,-53.9261
55.3136,-49.1584
56.1835,-45.0606
60.8455,-40.9294
59.9181,-47.7300
49.1088,-45.7634
46.3851,-52.6278
52.8183,-56.6501
57.3080,-38.4116
54.2996,-67.8180
53.0806,-53.7999
61.5587,-55.7854
57.2626,-52.1543
61.1651,-56.1570
59.5408,-53.7793
54.6026,-59.4268
56.8629,-51.9868
54.9443,-51.6885
52.0634,-55.5389
52.9032,-46.1022
44.8003,-53.6896
59.4972,-55.6776
53.7763,-43.0062
67.9251,-50.0122
60.8320,-52.2603
57.2354,-50.8738
54.6448,-62.4741
50.6769,-47.7449
45.1537,-51.3723
48.5299,-57.9189
55.8396,-55.7379
53.2429,-54.7333
51.5376,-44.7593
57.0394,-47.6749
58.2545,-44.7160
52.9158,-62.7264
67.5829,-54.7855
52.1483,-49.0741
56.0626,-41.9958
50.2683,-54.9227
59.0109,-47.6134
53.4400,-61.1592
53.6192,-41.2085
65.8393,-43.4016
62.8110,-45.3926
60.4881,-47.7964
48.4485,-65.3574
52.0050,-51.9505
51.9535,-48.5122
48.5374,-63.7383
47.3774,-51.4706
51.8137,-62.7491
55.5151,-49.9907
59.2525,-55.2900
46.1951,-52.1022
56.3886,-63.6182
65.1430,-53.1235
54.1203,-48.2261
49.7839,-52.6091
38.4672,-50.9712
56.4169,-52.7087
49.5105,-57.1887
48.1120,-48.1971
52.5489,-53.4422
62.0727,-54.1641
49.8000,-57.2429
47.8323,-61.5407
54.7467,-44.4675
46.8430,-57.0987
50.3822,-59.3397
43.7036,-51.1331
48.5835,-55.5470
57.3309,-49.8437
55.6479,-51.1493
52.0526,-40.8803
60.2705,-56.5068
62.3328,-48.2548
62.5493,-47.0264
44.5999,-60.4698
46.8616,-44.1048
58.8653,-52.4050
53.0431,-63.3288
49.8840,-47.5534
60.0477,-42.9843
61.4537,-57.8791
52.0043,-47.2811
52.4426,-54.6310
53.8069,-52.4645
51.7105,-53.7871
56.3183,-56.1852
55.8368,-46.9825
55.6139,-48.9584
60.8360,-53.0300
56.2239,-46.0983
58.9998,-47.5394
56.1005,-63.5085
64.0435,-55.8718
51.4427,-52.2602
54.1235,-55.1447
42.3003,-48.0945
58.3059,-51.3253
44.7137,-66.6310
52.0436,-48.9752
47.3162,-53.7141
57.6057,-58.8342
45.2165,-57.2066
54.7507,-52.7123
61.3612,-55.9541
56.7638,-48.1189
51.7433,-58.5650
55.3662,-56.9191
53.6992,-54.3096
62.3991,-54.8969
49.9441,-49.5627
52.1031,-53.9937
54.4459,-58.3444
57.4466,-59.0316
50.2715,-51.6319
63.5354,-53.5264
53.3378,-47.9497
58.2629,-56.7400
43.0573,-61.4461
46.6275,-53.5700
48.2239,-54.2085
58.8188,-50.2834
58.4767,-37.3225
54.5132,-53.4378
57.8899,-58.2161
51.5986,-53.7160
52.0040,-59.8140
38.7114,-62.5922
62.1233,-54.0700
64.4153,-54.1291
56.7570,-44.3615
55.8887,-53.6408
49.1316,-58.5318
58.1621,-53.5116
44.3075,-50.9722
43.4017,-66.6175
43.0440,-46.8936
52.2195,-54.1172
41.1696,-61.3334
49.5751,-50.0488
48.6944,-51.6415
50.9177,-61.8135
55.5208,-58.8662
47.8485,-59.3853
59.8490,-49.5099
48.0184,-56.3946
55.3025,-53.5315
52.5116,-59.2865
49.2877,-58.9255
59.2562,-49.7437
54.5515,-42.8377
57.4476,-51.2788
56.2982,-56.4946
66.9646,-43.1304
50.4132,-47.6698
64.1378,-39.9950
46.8397,-44.5869
57.8321,-54.5269
47.5687,-56.9774
48.0984,-50.3501
41.5013,-59.0208
52.8515,-56.7272
49.2137,-56.7020
47.9621,-56.8522
54.9682,-59.0994
49.2217,-51.3488
51.6562,-58.4365
43.3814,-56.8318
57.4811,-54.6199
60.4573,-57.5566
58.8488,-46.7649
49.3428,-54.7131
52.7473,-63.6003
61.1620,-58.7819
54.8822,-47.4922
64.2066,-53.2310
41.4716,-50.4245
55.7114,-56.5933
44.6281,-62.8558
51.2640,-52.3004
52.8021,-49.9319
57.2975,-49.2713
51.3111,-40.3791
56.5043,-52.0599
59.4085,-61.5129
60.1530,-51.7628
52.3249,-55.8469
45.1774,-55.4675
51.3736,-42.0603
52.8853,-57.1064
51.2317,-57.2446
43.6125,-53.6158
53.6599,-56.4073
49.3746,-59.0874
51.3360,-58.0305
57.0210,-54.0299
52.0466,-52.4475
65.5367,-52.4584
54.2619,-51.5586
53.5694,-56.1962
60.0335,-48.1683
62.4303,-38.9348
55.4427,-34.7029
48.0653,-56.0264
59.9588,-54.6626
58.1179,-45.6853
54.6494,-61.5303
39.4710,-53.2917
45.3639,-54.9997
54.9512,-59.7446
52.9220,-54.0957
57.1434,-52.8167
51.3969,-60.8351
51.8548,-66.5040
49.7069,-57.9860
56.1284,-50.4743
55.1420,-57.3062
62.1610,-47.8725
57.0820,-51.3760
58.4523,-46.8623
56.5889,-48.1650
63.9912,-41.9389
47.0674,-49.5148
57.1560,-54.8016
57.4802,-56.6254
50.7216,-50.8480
45.0383,-54.3884
45.4997,-44.6066
54.0969,-51.1596
53.8866,-55.9403
57.9996,-58.9958
49.8339,-49.6131
44.0841,-62.7509
61.0944,-47.8119
46.7747,-42.7034
51.4500,-54.3871
46.6212,-52.8976
58.1447,-63.3666
52.0611,-52.2252
54.4344,-45.9238
57.1897,-53.4286
57.7625,-64.1377
57.9202,-53.1229
46.7867,-64.1727
52.7748,-53.0297
57.4749,-43.1583
53.1178,-62.3505
51.8246,-50.5871
56.5803,-54.3666
67.9185,-43.1307
59.2867,-47.2122
55.4412,-54.9488
54.5664,-60.5256
67.1897,-47.0880
51.0094,-51.0704
63.2209,-45.6413
48.2383,-49.6429
65.1058,-41.3649
72.8071,-54.0274
50.0869,-46.8143
68.4214,-44.4834
60.2982,-46.0992
58.9961,-36.8093
52.2606,-61.7614
51.5389,-56.8991
54.6678,-45.2631
49.9034,-61.4490
39.2730,-37.7786
47.1234,-51.0770
62.2424,-48.9329
59.5827,-55.2921
53.5032,-49.9495
53.1664,-62.5821
53.1417,-51.3407
45.8343,-53.2922
61.6117,-35.6105
48.4537,-59.8225
57.9626,-61.1166
53.5104,-61.0567
50.6817,-51.6185
60.2143,-47.2783
63.7210,-44.4800
52.2388,-49.1273
55.1778,-53.8871
56.9380,-56.4270
56.8548,-49.6034
53.4653,-61.5848
45.5423,-51.6653
50.6218,-53.4212
55.9562,-53.9771
63.4238,-53.6351
48.5992,-58.7589
52.6157,-60.1700
57.4182,-53.5753
39.9436,-56.9436
58.0457,-51.4054
51.3809,-59.5517
61.8337,-52.6391
39.5142,-44.2805
57.8888,-51.2762
67.5579,-36.8914
60.3333,-44.7726
52.1351,-45.4083
50.3727,-52.7263
57.8124,-50.9321
58.0251,-49.6259
49.5596,-53.0548
41.0469,-60.1394
58.9991,-50.1265
58.8502,-60.7815
55.5885,-51.2835
43.6056,-42.3108
44.3985,-62.9531
59.0748,-50.5922
40.6257,-57.5743
41.3717,-56.3875
49.9368,-54.4471
51.5914,-62.6740
58.6685,-50.5846
54.0165,-45.7273
64.0420,-43.3108
64.2547,-37.4913
49.9397,-52.3325
53.0216,-55.8640
56.9837,-57.9948
55.1409,-51.5772
46.8705,-53.1293
49.3239,-50.8357
59.1026,-41.4078
56.5445,-56.5438
54.3539,-58.2823
46.6945,-54.5263
48.9888,-63.0241
53.6517,-63.3753
48.2670,-56.5026
59.5948,-45.1164
52.5738,-57.8848
55.6223,-59.6794
53.8847,-51.7779
62.0509,-46.6572
71.2305,-33.8211
63.2747,-43.5152
53.4339,-43.1088
48.6622,-51.2181
60.1800,-56.2809
56.5816,-50.3580
53.3214,-64.3750
53.9761,-58.3514
50.6231,-57.2441
50.9464,-61.6338
53.0752,-59.3612
49.5405,-44.6960
49.0886,-63.3237
49.0754,-64.2174
49.6414,-50.1375
60.1133,-48.0496
53.3724,-56.9672
54.5035,-53.5967
45.5720,-56.1374
58.0183,-51.5747
56.5266,-46.0093
61.0141,-46.0603
46.7046,-52.2708
51.1277,-46.2268
63.3427,-47.1265
59.2971,-47.8276
42.8187,-58.6874
48.5461,-56.2209
53.4685,-61.6392
60.1351,-55.9313
61.5728,-56.5360
47.7601,-68.5992
55.6131,-59.7253
60.5484,-45.2662
62.5850,-52.6017
56.9805,-51.4521
48.2652,-58.2667
57.1913,-55.8704
56.4057,-60.5200
51.5749,-48.1422
69.3245,-42.9671
61.9541,-48.6373
57.7853,-53.0488
53.7794,-53.8187
57.5037,-50.9350
51.8719,-49.2411
51.1310,-56.5986
59.4104,-48.3664
60.1665,-51.5074
54.7969,-52.4354
62.8541,-53.5940
66.6932,-47.2201
45.3243,-64.6810
62.7861,-33.1591
58.3794,-46.9251
43.7669,-59.1941
46.1186,-51.1613
57.4956,-58.6572
42.5400,-56.7772
53.4153,-48.7557
59.0746,-48.0350
60.3646,-45.5958
49.7144,-52.2793
53.7516,-49.4047
63.4364,-49.3799
53.3477,-56.1210
43.3587,-58.6999
48.9382,-52.9843
51.6138,-55.6234
58.2421,-58.8749
54.7745,-54.6958
43.3042,-51.3623
53.2327,-56.8105
47.8189,-61.5888
56.7027,-51.6500
56.5254,-50.6950
53.0699,-58.8171
59.2401,-50.0421
43.4413,-48.8323
55.2295,-56.7778
53.9310,-46.7665
59.7197,-44.6655
53.7469,-45.4340
56.9465,-49.9345
55.6052,-52.6256
60.9347,-44.3178
55.4242,-58.0406
47.9027,-57.6063
51.1016,-50.0528
54.0153,-53.7811
55.4340,-55.9562
47.3525,-50.6486
47.6438,-64.9717
52.8148,-59.7720
47.7629,-58.4321
57.4923,-54.0440
55.4641,-58.6458
61.9027,-47.8993
46.4591,-56.2008
51.3706,-52.3002
59.8494,-45.4856
60.8792,-39.7596
62.4451,-42.7307
59.4559,-53.0852
59.3472,-56.6791
54.4362,-52.4702
50.2928,-61.1097
28.1007,-56.7260
44.2623,-51.5522
45.3155,-59.1632
49.3624,-59.6124
49.1512,-55.0380
53.3628,-54.5138
43.5172,-61.0581
48.9261,-60.5812
59.8157,-47.3258
55.8965,-55.0296
62.8704,-51.8075
52.8845,-46.7542
51.7515,-54.7298
56.3206,-43.6096
57.1654,-45.3880
58.1539,-32.7665
53.7626,-54.2764
54.0634,-55.6007
55.5094,-49.6802
38.1079,-57.3732
36.4152,-52.1205
44.7722,-50.3685
