61.1612,53.9351
62.9026,53.4915
55.4197,58.1678
36.2513,39.6352
32.2370,63.9904
54.8153,59.2179
41.2354,49.1336
54.6195,60.2587
52.6973,47.8362
48.6860,57.9516
26.5623,36.1983
31.8435,46.2842
-3.5831,14.3865
-37.4722,-33.5087
-33.2083,-50.2447
-64.7760,-51.9463
-46.4616,-45.3472
-43.9317,-32.0827
12.7615,19.5632
-38.4478,-21.3838
-26.0548,-14.8184
29.5646,40.7092
37.6516,31.4713
14.9039,26.8073
-51.0840,-49.8303
21.7770,16.9630
52.0889,58.2894
17.2420,20.9654
18.8961,9.1620
34.2923,32.7140
-43.1614,-58.0141
-34.6306,-31.1812
-41.4237,-33.2712
-4.7250,-4.0920
-9.9734,-5.6554
-23.0465,5.4769
-19.0093,-42.0899
-26.5394,-17.5547
-62.8338,-53.9729
45.8450,61.3339
3.0266,9.9566
27.3809,31.1175
32.2946,37.4445
-35.0853,-28.3679
-54.4842,-47.5980
36.5039,32.4070
30.9252,53.7043
59.4107,57.5571
21.4933,61.1579
-54.0842,58.1296
-56.2911,52.9131
-46.7179,57.7268
-49.0279,50.6696
-56.6599,64.5062
-52.3686,52.9552
-59.1915,58.9649
-65.3467,55.7003
-58.3983,52.1499
-43.3711,49.9658
-53.1720,45.9405
-49.2187,53.1305
-55.6308,59.4586
-58.1689,50.8476
-52.4329,54.6350
-56.1075,54.2639
-50.3767,50.8043
-62.9537,57.8225
-58.5125,49.8267
-63.6744,51.7456
-60.8076,38.7502
-55.8278,59.2358
-50.1026,63.5597
-57.5093,46.6243
-56.4620,60.6969
-53.5491,61.7644
-37.3771,65.9680
-48.5541,58.7739
-55.7660,52.9682
-59.3414,48.1786
-52.2644,52.7107
-54.1243,53.8954
-50.8470,61.7139
-55.6683,64.3383
-41.8586,60.1554
-68.6180,32.1307
-53.0545,44.4022
-54.1428,46.8057
-56.6677,53.7584
-44.0941,59.1880
-51.7353,55.9750
-54.6244,57.3161
-46.3293,58.8154
-59.6654,47.9256
-48.8681,58.9918
-48.5087,61.6202
-49.4538,60.8421
-46.4159,59.2252
-59.2812,49.7859
-58.5998,51.4582
-57.6233,55.4365
-53.8593,47.1865
-45.9522,65.2580
-58.7192,55.4049
-46.5509,56.8849
-60.6623,46.7158
-53.3995,50.0594
-62.6365,44.6981
-63.7592,46.1382
-49.2473,57.5177
-57.1287,57.9029
-59.8240,54.0730
-52.0954,50.6357
-59.3337,49.8700
-49.2024,59.2804
-44.2252,55.9116
-51.6192,51.2145
-37.1806,57.2096
-52.7648,59.6546
-53.2433,41.7876
-56.8327,50.5324
-49.2763,56.6425
-46.7922,62.4548
-50.7239,52.7478
-38.3326,59.4599
-56.6864,46.5231
-53.8009,48.4794
-53.0483,51.3862
-54.7898,41.0236
-54.7469,58.8964
-56.7691,57.8477
-51.4182,54.0005
-63.7065,43.7797
-60.4369,48.8457
-48.6168,56.6241
-38.4203,60.4620
-60.2419,54.6461
-48.2646,55.8536
-57.6503,58.1543
-55.3936,56.1117
-54.4315,50.4389
-59.7349,46.4555
-46.5122,63.6885
-52.8062,46.2556
-47.0739,49.9505
-60.2336,48.7641
-58.7490,45.9378
-44.2710,56.0476
-54.8178,40.9041
-45.0355,59.2605
-60.6584,56.1894
-49.4613,62.1153
-42.8693,56.9117
-57.1952,55.0572
-47.8315,61.1904
-55.2072,46.2838
-62.3670,49.4728
-44.5212,56.6873
-54.7832,57.9981
-53.3530,48.6657
-52.1265,49.4317
-56.0807,51.9972
-57.7178,53.2042
-52.1319,55.9768
-53.4990,49.5123
-60.2119,48.0967
-54.5400,49.5032
-51.9498,47.0341
-55.2760,48.6557
-47.2397,55.3411
-56.5728,56.1907
-55.3237,59.3486
-43.4788,59.1758
-52.2831,51.0532
-58.0763,51.7951
-42.3083,59.4414
-54.4269,51.8747
-51.7991,52.2374
-60.7661,56.5304
-52.4508,43.4193
-58.9650,44.2693
-50.7809,54.9113
-45.8312,59.0632
-54.4807,50.7813
-55.9978,53.2053
-58.4112,46.6101
-60.4316,46.7708
-37.7283,53.4611
-53.0569,46.4928
-49.0115,45.4473
-63.8651,50.9885
-53.2355,49.1305
-61.4437,40.8729
-57.1070,51.1741
-51.9884,55.4401
-46.1141,60.2314
-50.6679,55.7307
-45.6400,59.0209
-64.9757,54.2451
-50.5493,57.4570
-58.9308,45.6135
-58.2150,54.1423
-45.6582,60.0979
-52.5440,47.9724
-48.5402,49.5708
-58.6532,50.8445
-55.3655,49.2134
-54.6799,47.5982
-54.0061,41.9837
-44.2362,57.6716
-49.5002,61.6120
-47.4922,56.1396
-54.7672,54.8615
-62.5512,49.8448
-53.5303,53.6358
-39.0349,56.2813
-56.8793,49.8754
-46.6908,56.4502
-55.7284,56.7877
-57.9201,43.1899
-54.1273,49.9726
-34.6199,63.1833
-43.7226,62.9075
-52.3331,48.5580
-45.1662,60.1300
-58.3493,47.1054
-59.6479,48.2373
-62.2343,52.4852
-59.2806,54.7399
-48.1830,51.2925
-52.4213,46.1911
-55.3752,54.6876
-51.7198,59.1172
-59.7953,45.7603
-55.4866,56.1916
-43.0819,63.4987
-55.7855,55.8879
-55.7049,56.8546
-60.0107,50.7359
-54.6493,45.0005
-59.9307,53.4368
-51.5543,47.4335
-58.8022,46.2020
-57.4901,60.0773
-36.3985,60.9836
-64.6138,51.3272
-49.8147,49.1397
-58.7478,48.4901
-56.2193,54.0643
-50.6642,49.3303
-48.1724,45.1791
-45.6325,58.4198
-53.9549,60.4858
-51.9167,52.1005
-56.1486,54.7846
-50.0595,57.4779
-49.2697,55.0405
-56.0929,55.4224
-59.7101,48.5544
-53.8219,46.8322
-56.2629,50.4092
-52.7221,56.2674
-48.6493,58.1624
-52.2678,53.7319
-41.1255,57.0443
-59.1667,47.3412
-54.8660,46.2002
-62.6498,49.0775
-62.1722,53.5333
-53.1087,51.5408
-46.3877,55.6340
-59.3056,61.1594
-39.2789,55.6372
-61.1294,46.6448
-54.7606,58.6047
-54.2168,54.4265
-57.9781,54.9927
-43.8094,62.6680
-64.5076,42.4205
-58.4746,50.2507
-51.9841,43.9347
-46.8412,60.1931
-48.3771,57.2173
-52.9969,55.3379
-46.4199,54.4202
-59.3380,53.9025
-55.7970,45.1274
-51.3184,54.9829
-54.8633,55.1593
-53.9862,45.1825
-51.6786,32.3820
-54.3881,51.3358
-39.4084,64.2207
-56.6723,55.3489
-62.7884,40.7549
-48.0019,47.0140
-60.2158,40.4150
-55.8700,43.1763
-59.6707,54.4828
-61.1293,39.4230
-62.0361,53.5059
-46.8212,59.2885
-51.6102,51.3959
-56.6927,53.0869
-56.3068,53.7417
-59.8814,51.7563
-52.6144,52.1137
-64.2546,52.6765
-52.6765,48.0034
-47.9233,48.6646
-51.5626,53.2651
-47.3496,65.0581
-53.1162,57.6172
-39.8037,47.9904
-52.3933,59.6703
-45.0740,60.5182
-57.0182,55.8538
-53.5469,59.3259
-60.4302,49.1515
-46.8435,46.0187
-52.2986,50.7396
-52.6056,54.3797
-45.4729,64.0555
-39.0683,54.6153
-46.7021,62.1970
-47.7144,53.2629
-56.5902,52.1208
-65.3590,55.0014
-56.8440,53.2970
-50.1873,56.1287
-51.6652,54.6270
-51.8665,60.2800
-47.9117,68.3946
-58.7456,48.9639
-58.4077,55.4603
-54.0590,56.6004
-52.5567,56.1771
-47.8477,60.9633
-51.1332,54.9261
-53.4102,53.9915
-51.5011,53.5540
-54.8317,55.0153
-51.7520,61.7182
-56.6890,42.0006
-50.1261,55.4860
-53.9626,50.5898
-60.3288,48.5418
-56.6587,51.2639
-57.2200,53.3861
-52.2544,59.8579
-55.5131,49.6657
-60.9128,63.0718
-60.3294,54.9770
-48.4539,50.3592
-54.5441,59.9630
-53.5218,55.6150
-55.5838,55.1331
-48.7527,60.4320
-58.2870,50.4579
-49.1869,47.3943
-47.0334,55.9522
-48.1830,53.2495
-50.1313,60.3001
-48.0268,54.9001
-47.6983,63.1040
-52.2306,51.4006
-57.7586,46.6570
-65.4310,50.3151
-58.0205,51.2865
-54.6337,55.2291
-47.7032,60.6154
-55.9295,65.4346
-59.9682,56.0221
-61.0752,43.7409
-45.9607,67.4424
-59.2059,53.6421
-54.5426,56.9885
-51.3437,59.3382
-57.3236,52.3044
-49.2730,52.1107
-60.1881,52.9272
-51.1259,55.6541
-47.2351,62.2123
-54.7002,55.0882
-48.0524,55.3731
-56.7524,51.9144
-53.8891,47.5999
-58.9428,54.4958
-63.8720,52.7090
-59.8272,55.4507
-49.0229,63.0310
-59.1378,57.7242
-48.1889,59.5011
-54.5969,44.6812
-56.8440,60.1643
-58.1627,48.9036
-52.2569,57.5579
-58.1910,57.0623
-58.4205,51.3301
-56.9256,48.0023
-59.4695,53.7658
-53.3290,59.4268
-50.0568,64.2834
-57.3853,49.1688
-53.7499,58.8281
-48.6288,51.6297
-56.3640,49.4227
-52.7159,58.3327
-63.1775,52.5929
-43.9982,59.0871
-55.7098,57.2390
-58.3548,58.3540
-47.5878,55.4324
-51.8438,49.0350
-53.7168,55.7251
-51.6058,52.6142
-53.3431,63.3472
-58.0545,59.9082
-61.6055,45.9797
-49.8420,49.0574
-53.4103,51.6603
-49.0202,59.8801
-54.3962,44.2597
-58.7194,58.0755
-52.9940,52.8974
-63.4367,52.1733
-45.4948,52.9934
-58.8636,53.9678
-57.6283,49.8938
-44.8761,54.4194
-48.9780,42.2221
-55.7445,48.0083
-50.5824,41.8898
-56.0380,51.4478
-56.5485,43.2990
-41.2072,49.6565
-54.8711,40.0311
-53.4945,50.0189
-61.0466,52.9646
-60.6666,45.3751
-62.8283,54.6704
-51.2384,55.1977
-55.0412,51.4244
-61.8989,49.6864
-44.8370,51.9158
-56.3427,50.3270
-57.5722,51.3992
-53.1377,53.2374
-53.7420,48.2051
-44.6077,60.2219
-58.2713,58.5798
-55.6799,58.0773
-55.2880,45.0528
-64.6534,45.3194
-52.3620,57.3043
-54.7875,54.9055
-52.9074,56.9044
-49.0716,58.7892
-57.1234,56.6807
-45.3975,56.2332
-51.1272,49.8251
-58.2252,54.3223
-48.7780,60.3136
-51.2405,51.1704
-49.7969,56.2769
-55.1666,54.2192
-59.2134,45.2678
-62.7615,45.7494
-56.7136,57.6533
-51.0924,49.9921
-51.5902,55.2520
-57.2517,60.0552
-52.4753,56.1658
-56.3005,48.6434
-52.0523,57.9570
-53.1421,58.7425
-55.8038,51.6259
-41.2288,60.2653
-59.3611,53.7237
-48.9579,49.5801
-54.5155,56.7543
-61.2461,40.1765
-44.6168,65.6173
-54.4181,53.8775
-44.4847,52.5296
-64.0628,44.1374
-53.1217,46.9471
-45.8577,56.1076
-54.7177,48.6465
-57.2693,46.6062
-53.9421,52.5535
-52.3963,62.1171
-57.5458,47.9532
-57.9252,44.5961
-50.6962,60.1853
-44.1049,62.4371
-50.0877,54.7842
-49.5639,56.6909
-60.9216,55.2409
-54.8058,43.0423
-54.0077,44.9392
-53.7217,59.5969
-52.3616,52.6750
-55.6309,48.0901
-41.2194,58.8140
-63.8474,43.4323
-48.6233,47.4173
-56.1046,50.0536
-57.9677,44.9201
-50.5305,53.7564
-62.2168,45.4967
-61.3988,52.1185
-55.4954,43.9608
-61.4078,51.7705
-54.6866,53.3466
-46.8885,54.2564
-45.7641,62.0922
-44.9517,59.0377
-59.4393,51.1581
-64.3130,47.5017
-58.4338,54.8996
-48.5374,52.0395
-53.9482,49.3724
-58.7571,48.9844
-49.1389,52.2174
-63.9205,48.1016
-43.5395,48.4422
-50.1783,51.9064
-66.2077,42.0273
-44.3452,55.6959
-58.3772,45.4538
-59.4610,46.6866
-51.0524,58.0586
-45.8832,56.7121
-52.9145,49.5026
-46.5828,51.0651
-47.4531,46.4672
-53.7364,40.8863
-51.0176,56.3992
-63.8940,50.6486
-54.6561,46.9121
-50.5011,57.0002
-61.9273,44.5120
-60.4523,52.3812
-61.5095,45.4076
-64.5346,45.1509
-49.6692,45.5363
-49.0949,56.4970
-44.5629,56.4461
-51.6486,48.9956
-52.9306,41.9381
-61.0974,52.8161
-53.1011,47.0599
-64.1777,55.1160
-50.8581,50.5351
-43.6859,52.3290
-51.3025,52.9658
-54.2260,50.8669
-60.4547,51.8151
-60.8746,55.5931
-60.6676,49.3546
-50.7564,57.8591
-54.6773,51.7418
-61.4318,51.6802
-48.7891,51.7737
-62.9800,50.9757
-48.2815,49.1217
-45.3705,52.2213
-56.2300,52.9855
-53.4753,47.6276
-49.0831,56.3326
-49.8337,58.0421
-59.5333,51.6092
-55.8683,54.4833
-49.6252,55.8209
-46.4434,46.5889
-59.3211,52.7191
-51.3403,51.2993
-55.1978,58.3066
-59.2416,51.8113
-59.9556,51.2161
-51.7852,52.6446
-48.9653,54.2395
-56.7073,51.8213
-55.0648,46.4332
-66.5002,48.5025
-40.9190,51.8390
-43.6051,57.7079
-51.5835,52.2739
-51.4831,40.7736
-53.3760,42.4981
-67.7737,48.3861
-48.7280,50.0485
-59.4645,60.0866
-57.8368,51.7057
-40.8821,45.1359
-54.2746,44.6238
-56.2510,48.5009
-63.1694,56.4820
-59.3679,37.4624
-57.6455,50.2250
-50.7539,56.4586
-53.4581,52.8205
-59.3480,52.4582
-53.6596,50.1890
-59.2319,49.1276
-51.9017,53.5358
-41.6061,50.9770
-48.5732,47.6582
-54.7281,45.8618
-54.1462,45.5493
-59.1511,52.7367
-56.4388,54.4701
-56.7324,64.0764
-51.1891,53.6946
-43.9235,53.6561
-57.4471,51.0733
-59.4897,49.6332
-60.5545,55.1718
-60.0626,45.4764
-62.3056,50.7837
-59.7782,52.5142
-47.3523,63.9925
-55.5003,50.8864
-54.2209,52.6346
-57.1157,53.1475
-56.7908,53.4039
-49.8095,56.4643
-58.4149,51.1676
-50.3597,43.9601
-55.0730,51.3862
-46.1840,55.5724
-56.6888,49.4815
-54.9373,58.7525
-45.5266,63.3454
-45.9375,59.1056
-57.1616,35.4751
-58.6784,52.2502
-63.3215,55.2206
-54.7718,41.4198
-62.3740,50.6301
-54.9318,52.7963
-55.2820,52.3940
-61.5786,47.2070
-46.9319,52.2119
-61.4293,56.5075
-57.2367,51.0952
-55.6586,46.5981
-48.6355,54.0400
-51.0321,50.2131
-50.2215,50.0406
-61.3974,48.3981
-54.3968,48.5159
-57.2986,67.5857
-49.1597,48.2403
-42.7887,53.2673
-52.8755,55.7513
-50.7542,55.6174
-58.5929,54.1798
-62.1016,47.2570
-57.0448,45.7257
-46.6069,58.9730
-55.4967,51.0722
-56.1116,52.6276
-47.1776,50.9997
-55.7433,53.0803
-52.1812,52.5468
-44.9469,52.8909
-53.4773,56.1819
-46.4798,58.4081
-58.0892,59.1547
-53.5113,58.3230
-57.1061,41.4275
-63.0608,53.9202
-55.9989,63.0086
-43.8684,52.9110
-54.0359,60.0185
-52.2618,55.9984
-61.7951,52.0869
-46.1850,50.0265
-56.7499,46.5076
-44.4458,65.5841
-46.1246,57.8987
-62.2689,51.3868
-53.8770,52.2170
-55.2256,51.6748
-58.0583,48.0986
-52.7380,55.2368
-44.9918,44.4246
-51.8576,48.3621
-55.6984,58.5066
-55.7767,48.3689
-57.6047,56.2882
-52.3163,55.8638
-50.6592,59.3462
-45.3233,61.6645
-53.7342,52.2213
-52.0926,58.0851
-60.5272,51.1917
-57.0842,55.1378
-59.5166,51.1114
-52.6528,58.2052
-43.4821,60.9383
-56.0695,44.1069
-53.3297,51.9527
-49.9742,57.8678
-61.5136,56.2401
-52.1166,52.5713
-38.6591,53.0567
-50.8363,53.0530
-57.4133,56.2654
-55.3124,58.6378
-57.8033,50.1716
-52.6992,52.8083
-53.1864,63.2487
-53.4502,57.1251
-55.4800,58.9918
-56.3070,53.5954
-55.1470,63.0921
-42.4401,56.2674
-62.8757,53.9920
-53.6738,56.0584
-49.1350,57.2318
-54.8455,49.5341
-53.8146,46.2239
-56.8620,51.3120
-61.9353,53.1332
-45.0446,48.1642
-54.2702,46.6049
-54.7824,62.2294
-51.8215,59.0318
-59.8907,55.9935
-47.3790,57.7332
-61.6796,55.8639
-57.5965,61.8855
-42.1988,47.8103
-55.5158,55.9073
-47.3730,56.5217
-63.5437,56.7409
-42.8110,52.1479
-61.9862,54.0173
-51.1256,47.5409
-47.8561,55.0502
-57.0878,49.7453
-52.7375,48.9485
-56.6019,51.6231
-56.9670,53.1934
-41.1822,54.8668
-45.6291,45.1967
-53.9298,42.1814
-60.1666,43.1645
-56.5126,53.8230
-59.6518,54.0849
-56.3307,58.5897
-51.5048,57.3855
-42.7024,51.9547
-58.3517,48.9246
-50.0048,55.0393
-55.1494,60.4786
-57.4079,45.9357
-59.9639,50.6999
-59.5058,49.2333
-50.1231,54.5511
-55.5990,52.5803
-52.6121,52.9638
-53.9874,55.6261
-51.9937,60.9629
-52.5829,54.9484
-50.4235,49.8570
-46.9595,60.1301
-56.8901,49.4995
-46.1154,54.4584
-51.1470,50.2468
-55.6730,54.7357
-50.1131,60.6036
-47.9722,61.8385
-51.7337,51.8976
-63.4846,44.1644
-55.9325,58.6401
-47.7345,50.1749
-56.6902,53.5725
-46.3304,56.6840
-45.9713,59.2023
-61.7605,53.8271
-54.6261,60.1425
-55.1779,56.2078
-63.0920,51.5393
-57.9047,54.9065
-42.8394,55.1983
-52.0347,49.6762
-50.0925,60.5552
-51.9224,59.1720
-58.2452,60.1457
-34.3905,52.4785
-55.9406,58.8195
-60.9965,60.7549
-54.0584,47.3562
-58.7093,55.0293
-58.0952,41.3954
-52.7727,51.6004
-58.9145,49.4478
-59.9117,43.8527
-47.8083,59.2347
-52.4367,49.1632
-50.4794,54.9034
-52.1702,54.8424
-57.4883,54.3893
-48.0641,54.6592
-48.8907,45.4944
-54.1377,57.3115
-56.1012,53.0644
-43.6749,52.9553
-49.8975,52.6167
-53.5527,49.4627
-52.4401,59.5628
-51.7320,61.7945
-53.9652,54.9508
-56.1113,55.9443
-57.1897,50.2979
-51.0630,58.3631
-55.1069,57.3851
-55.2960,53.9606
-49.8995,60.3153
-48.9921,55.3659
-49.9805,60.2345
-59.2066,47.9659
-59.6845,57.4961
-59.1323,55.3039
-53.9034,47.9577
-54.2658,56.8788
-57.8236,60.3473
-38.9746,64.6196
-53.8601,57.0881
-42.8627,59.2978
-54.6094,64.4384
-57.9128,56.6828
-53.1195,52.0774
-50.5061,57.6426
-55.6710,47.8539
-35.2925,57.3320
-61.3351,58.5515
-54.0295,51.1244
-50.2195,55.7435
-56.4630,53.8381
-57.8016,45.2063
-52.6673,57.6531
-61.8591,53.8600
-53.1849,52.1724
-43.9892,50.8472
-54.6398,57.8039
-64.0828,52.0146
-46.9261,58.3156
-56.7552,49.5365
-51.1922,52.8545
-59.5887,60.1376
-49.0972,54.9627
-59.1297,55.0288
-52.8158,55.8566
-59.0781,55.5366
-56.0006,46.9360
-58.8449,48.6698
-49.3323,54.1316
-46.2962,60.8702
-50.0772,51.6950
-46.0469,53.4993
-57.9056,48.3850
-57.0857,51.0500
-46.2041,55.0055
-54.1716,47.8309
-53.0936,55.0344
-60.8049,52.4158
-52.4855,60.7289
-53.7363,47.8947
-52.5437,49.8456
-54.4717,57.6321
-54.1243,52.4944
-55.9311,53.4959
-47.9010,58.6193
-59.3183,55.8281
-58.8919,44.0939
-57.5117,51.4016
-60.7500,45.4543
-46.6623,64.2516
-53.8016,49.5746
-50.0985,61.2648
-53.8448,54.4301
-60.3076,49.8271
-53.9521,54.2964
-59.5307,41.8631
-47.4667,53.2248
-57.2452,59.9721
-54.8225,58.7296
-50.2053,61.3310
-54.6911,40.5404
-52.6592,62.7592
-53.1406,59.9837
-56.2430,55.9731
-50.4353,58.8301
-53.4129,58.5042
-48.4405,53.4763
-43.5031,52.5608
-57.9757,59.5493
-47.9799,66.5596
-56.4086,48.4282
-42.5625,58.2350
-56.8076,44.5871
-55.2752,49.2521
-60.2900,50.9400
-64.4992,51.5194
-52.7189,49.3680
-61.2829,57.8020
-49.6069,49.6221
-64.7730,47.0672
-52.4969,56.8738
-58.1986,43.3591
-43.0423,57.0078
-48.5964,61.3210
-60.8745,48.3751
-54.2719,54.1537
-51.7320,51.1011
-51.7057,49.1680
-50.4728,47.8082
-57.2437,53.2753
-54.6818,55.4275
-46.7093,50.6599
-54.8502,49.6290
-50.8247,44.4841
-48.3299,55.8430
-54.8315,45.6975
-59.1881,49.1796
-51.3777,48.1411
-57.1504,48.0985
-45.2290,56.7735
-51.5574,49.1943
-52.4416,44.5783
-36.3475,53.4752
-54.1757,56.9009
-60.9163,45.6962
-53.9132,49.2264
-58.3242,46.1442
-62.6803,43.0711
-58.6468,51.2800
-52.6063,55.7156
-55.1928,52.7485
-44.3961,52.7919
-68.1144,49.3643
-47.1788,46.9157
-59.9634,50.0543
-56.2428,56.1551
-49.2873,55.8804
-50.3892,56.4913
-56.7079,58.2796
-43.7426,57.4034
-61.2435,42.3366
-59.3109,54.4622
-38.5623,55.7025
-57.9208,56.2696
-59.1330,55.6548
-56.8380,57.7552
-51.7935,56.1032
-54.4538,49.3914
-54.4894,58.7696
-49.1033,56.3512
-57.8577,47.7836
-43.8136,51.8481
-60.1924,49.1171
-55.6217,42.0370
-57.4162,47.1790
-49.9629,42.9522
-50.4341,54.8816
-52.4180,53.7098
-57.5436,54.1989
-44.9832,59.0021
-58.2968,47.3312
-59.2925,53.4647
-49.7024,58.5703
-54.2263,54.9329
-48.8892,64.1954
-59.6431,53.0048
-56.8842,52.6247
-58.7474,54.0702
-48.5691,63.1311
-47.6926,61.9785
-52.3467,41.3481
-51.5410,52.9225
-51.9022,49.6562
-57.0866,47.1272
-48.2812,54.3902
-56.9906,58.1136
-46.9512,57.2336
-53.3483,56.3864
-56.0314,66.8289
-53.0931,52.8077
-59.1046,44.8778
-58.5151,57.3358
-54.0354,54.4105
-52.1959,53.4150
-33.1977,67.3963
-53.6401,56.8211
-49.0180,58.8310
-50.9627,61.7387
-55.5690,51.5125
-47.6253,60.5345
-43.4226,53.2995
-46.3423,59.4423
-51.5807,50.8244
-58.3358,48.4746
-51.2030,55.6286
-50.7288,52.0846
-56.8123,56.2190
-54.6188,57.5752
-43.1942,66.9954
-56.4448,52.1702
-59.7034,48.5677
-49.4947,63.8991
-54.1277,46.9323
-58.5821,52.2884
-44.5863,63.1600
-58.1649,55.1135
-48.1043,59.0773
-56.9941,53.5090
-52.4709,52.9970
-44.2429,60.7876
-51.6171,49.7599
-52.1595,60.3894
-42.2696,57.5010
-61.0352,52.1088
-58.2200,54.3663
-48.9617,53.5294
-51.8307,58.0167
-55.4905,61.0194
-52.1460,57.1062
-66.2260,48.8489
-50.5274,43.3780
-54.8332,61.3931
-59.5728,48.7123
-41.3610,50.8569
-52.7981,58.5750
-50.5715,54.7679
-54.1371,62.5781
-49.4213,54.9764
-62.6512,54.9714
-46.5883,60.4345
-58.4759,52.3289
-50.4166,61.3604
-45.0565,56.7605
-58.3905,52.2899
-63.6058,51.1386
-52.4066,52.3283
-57.2958,56.6747
-59.6970,61.1142
-44.1943,52.0267
-49.6686,60.4918
-51.4630,50.9305
-53.8048,57.5971
-56.5627,41.1277
-54.2307,47.8788
-50.0679,61.6472
-59.2173,55.5864
-43.1785,63.8031
-48.8615,60.7472
-46.2780,57.7783
-54.9055,57.0293
-37.5638,50.8376
-53.5452,57.1527
-43.2201,63.1022
-63.1347,62.1423
-58.5455,53.1206
-54.4610,62.4720
-52.2507,60.6348
-52.3660,50.2490
-50.5382,56.3639
-56.3248,53.0286
-27.0802,56.4234
-57.7905,45.8246
-62.7046,51.6708
-53.5944,45.3017
-52.9607,59.2897
-57.1941,48.6151
-54.1700,64.2072
-53.5285,60.8103
-48.1140,60.4624
-57.7836,51.9349
-48.6213,57.9049
-55.5684,52.9438
-48.2159,63.5204
-61.1950,55.9528
-54.7054,57.6924
-49.2432,55.3390
-55.6507,58.5862
-48.8927,60.2632
-49.2483,58.7145
-50.9259,61.7072
-49.5581,52.5196
-54.6433,57.5702
-65.1965,53.1779
-52.6101,46.0771
-52.9912,59.6607
-54.3938,56.2669
-48.4418,67.6000
-51.8452,53.7007
-57.6121,44.3697
-50.6607,55.4345
-40.4734,55.9847
-54.7016,57.3278
-50.2532,59.6145
-61.9854,60.7913
-63.0801,52.6100
-40.8999,56.4759
-55.7118,59.5277
-54.1511,60.3621
-46.6299,57.1984
-52.2483,49.5336
-41.0728,58.2464
-57.6938,58.2776
-62.1076,59.5685
-50.5860,49.0794
-61.0841,50.4912
-58.1232,57.9804
-49.4314,61.6312
-52.9353,55.3320
-59.6379,48.0396
-50.8484,57.6136
-43.2673,55.9515
-55.1776,56.6552
-46.8375,58.2542
-65.4261,54.5140
-53.0483,60.6162
-57.4686,55.5271
-53.9928,60.0272
-49.2175,55.5118
-45.8134,60.0739
-54.3877,55.6283
-30.2519,58.5535
-58.2959,45.3315
-57.0504,53.1476
-58.1491,47.0922
-51.3143,59.8455
-61.4469,49.3502
-45.0112,67.1598
-50.9260,64.4176
-61.6141,55.5479
-61.3122,53.7381
-48.0040,59.9386
-58.0731,49.4922
-42.5100,57.8199
-65.3114,48.8857
-50.7315,52.6944
-51.5496,50.3015
-53.3472,57.8835
-60.2992,59.7747
-45.5013,61.9293
-41.2836,59.4377
-48.8247,51.2780
-51.9410,56.9746
-56.5944,48.0873
-58.5474,54.0037
-47.9850,57.7932
-60.5504,51.2412
-50.4014,57.3159
-53.6473,57.6635
-56.8915,51.5223
-52.9198,58.7743
-37.5519,53.4180
-49.1100,51.3225
-45.9560,52.8662
-60.6542,50.3406
-54.8724,48.9291
-63.1357,55.2411
-58.6050,63.0568
-57.4778,61.9725
-54.3388,57.4108
-54.5031,50.7474
-39.7539,54.9040
-53.7328,50.1586
-62.9560,44.9205
-53.8586,47.3781
-41.1884,64.5831
-59.7555,51.2831
-53.2932,66.5688
-52.3707,62.8153
-63.0114,52.2357
-45.8837,60.0913
-48.4012,46.5766
-45.1615,63.8654
-44.9578,57.6087
-62.6684,55.1343
-57.1972,57.6481
-52.8671,55.7340
-59.9908,54.1596
-57.5876,59.2419
-42.4305,62.6829
-46.9661,51.6574
-49.2182,53.5279
-59.6098,52.6737
-64.0324,47.6450
-57.2274,42.5194
-54.9105,58.3108
-57.1160,55.2647
-51.8338,61.2747
-54.4146,46.7090
-59.3627,57.8476
-48.5822,61.9396
-63.1378,49.9770
-44.6832,61.0829
-48.6843,49.3319
-58.8860,51.4899
-53.5173,66.8185
-53.9755,52.0762
-57.2383,45.8312
-55.1818,57.5735
-54.9369,52.3948
-54.2813,52.8827
-55.5823,48.5983
-53.5019,60.8440
-47.8783,55.7020
-61.4324,57.8258
-49.3089,59.6204
-58.3695,51.0657
-51.7046,58.3900
-52.7548,59.0867
-51.9525,58.8416
-52.7498,60.6292
-52.4082,44.9155
-49.8290,64.2236
-49.7690,54.2693
-62.6689,50.3142
-58.9376,57.1303
-48.4960,54.1222
-50.2250,61.7984
-61.4344,49.2655
-49.4887,65.5252
-56.1375,56.5498
-49.4844,45.2230
-52.6191,59.5321
-61.5949,59.6349
-56.6490,55.3798
-49.1825,61.4368
-59.7228,51.7570
-47.6032,55.7843
-52.4699,54.5442
-58.0490,52.8905
-48.2500,58.8001
-46.9193,52.2511
-49.6113,61.5486
-42.2756,59.9955
-60.6305,50.5286
-51.8605,53.5786
-55.4950,45.4464
-50.3300,55.2993
-57.9626,56.7893
-49.2043,59.2944
-44.9493,53.6746
-51.3200,52.9477
-55.5621,61.0529
-48.4191,58.0596
-63.4715,52.7887
-48.9446,61.4178
-64.6197,53.6213
-56.1043,53.7962
-59.6812,49.2712
-56.9835,55.3401
-44.5520,61.3386
-51.2963,52.4188
-55.2420,53.5140
-50.1305,49.7211
-62.0339,49.1632
-63.0795,52.9383
-52.9745,51.3216
-49.6350,52.9482
-51.0200,53.6533
-48.4850,63.7431
-61.2084,43.4099
-42.0985,52.2739
-51.7918,61.6236
-55.0528,57.7384
-55.4192,58.9781
-57.4599,56.5764
-60.1283,46.0880
-54.5758,52.5117
-57.2514,55.7448
-54.6928,59.7998
-45.5408,57.8999
-64.2739,54.1980
-47.8933,59.3770
-47.6092,52.6965
-58.4315,47.9667
-49.2144,64.8257
-52.3693,42.1851
-49.2334,59.5951
-53.9116,58.9297
-55.5770,64.0695
-48.1176,60.4587
-50.5256,53.1079
-54.9475,48.6000
-41.5105,47.0844
-54.7054,46.0409
-55.2310,51.3761
-59.4195,58.7561
-60.3321,49.2041
-61.2130,48.3845
-52.6128,44.6533
-51.6918,53.5306
-58.2686,49.5143
-49.8854,52.5712
-60.9022,50.4067
-48.7702,49.6105
-53.7894,49.7805
-53.7616,46.8343
-48.8853,52.1076
-60.5683,49.6327
-57.7709,54.3804
-49.3025,48.8406
-49.7271,53.0987
-55.8304,45.1945
-40.0704,60.1284
-55.5332,57.1425
-56.5901,56.7187
-66.3306,47.7313
-58.3342,45.2135
-62.1119,52.3239
-47.8267,60.6006
-57.4289,45.7627
-58.5308,55.3931
-46.5128,53.9759
-54.1903,57.6886
-54.5858,45.9817
-48.5767,58.0065
-51.3521,50.6345
-53.6025,51.4868
-55.1454,51.8052
-52.5316,55.7246
-53.7710,50.7070
-53.7325,48.9957
-50.8011,62.9414
-40.9550,63.0288
-57.8021,48.2566
-58.1934,58.1220
-65.1574,49.0637
-55.6755,40.2467
-62.7604,42.8562
-46.2809,56.0636
-50.6261,52.0501
-66.5619,48.4131
-45.3240,57.9388
-58.1659,50.9184
-58.2621,50.4403
-53.8799,45.9302
-54.0367,50.8045
-50.6240,56.8359
-47.1137,60.0717
-45.1774,60.9070
-61.1595,48.9483
-58.2130,52.9117
-54.1137,56.8298
-50.8368,59.3787
-59.5039,50.4026
-58.7239,55.8113
-61.1799,52.2109
-51.7821,50.3832
-58.8013,58.7288
-53.2375,59.2780
-46.6685,58.9962
-56.2262,52.2728
-49.1183,60.7233
-50.3962,55.9715
-62.7969,48.6605
-57.8934,61.3082
-60.4911,48.0590
-50.6358,52.2567
-51.5140,52.9194
-62.6524,41.2507
-47.5990,62.6235
-50.6529,48.9766
-53.7955,57.6658
-47.7682,58.2165
-56.7183,51.5551
-61.8072,54.1764
-52.9695,61.6338
-45.3682,55.4497
-58.3563,44.4531
-57.4061,52.8231
-51.7726,57.4872
-57.4671,51.2986
-40.4885,55.8898
-67.9282,46.1687
-51.2069,48.1467
-61.4484,39.2243
-59.9779,43.2050
-53.3836,52.1297
-54.6898,50.0683
-58.6826,55.9603
-39.3081,59.1071
-57.0272,48.4247
-58.6019,49.6846
-40.4131,55.9256
-51.6775,51.6127
-54.0348,55.5910
-58.1132,52.3874
-58.7934,50.9336
-55.6788,50.2902
-48.3788,52.6449
-55.8727,49.3695
-55.4495,59.9566
-45.0552,53.7499
-64.3871,49.9314
-51.5516,49.6745
-52.8811,53.6903
-51.3466,54.0128
-47.3483,55.8571
-59.0653,45.5871
-57.2488,57.2753
-44.4050,59.0046
-57.5379,56.6969
-56.8857,41.7348
-48.2199,58.2985
-53.4310,48.8193
-58.1289,53.6671
-59.8530,51.1308
-59.8765,50.4385
-53.9304,46.7196
-48.7149,58.1620
-56.9698,51.0391
-57.9263,56.6466
-47.1260,51.5859
-64.2221,49.1659
-47.8459,50.1931
-47.4298,49.0683
-50.1741,49.8487
-54.2687,47.6270
-51.4480,44.5074
-60.3743,51.0285
-58.1985,46.3134
-57.3047,46.6525
-56.3863,54.4703
-42.0142,59.7352
-57.1965,51.4589
-49.8497,59.3010
-67.3665,49.4021
-58.9346,41.4056
-57.8134,45.3557
-57.7626,46.5821
-47.8980,57.4707
-61.8431,54.0039
-48.9111,54.3101
-67.2575,45.6412
-50.9446,48.9691
-52.4946,50.5207
-59.6010,46.3809
-48.6449,46.0688
-62.2150,43.0774
-56.2845,57.8044
-50.4382,58.2345
-53.7941,54.0429
-53.3404,50.0638
-40.3056,57.2082
-50.0930,46.9172
-51.2988,58.3928
-59.8214,57.1720
-57.7777,52.1686
-56.2995,46.8522
-48.3856,61.7994
-43.8115,61.8473
-52.7353,50.7253
-55.6640,49.4921
-62.0331,44.9433
-56.3453,40.4542
-56.3258,44.7640
-55.1435,39.9276
-50.4227,53.2120
-59.3501,48.8379
-52.1989,53.9958
-52.1512,54.0030
-50.1092,56.0154
-53.9217,63.9311
-50.7789,57.0886
-66.4675,47.5591
-45.5812,56.5668
-62.0082,50.4536
-51.9752,57.1755
-59.1947,49.0531
-54.2438,56.4429
-46.0159,59.5600
-61.3731,53.0587
-52.9086,57.5287
-53.5714,54.2357
-61.2826,47.9712
-49.8781,56.8270
-58.1434,55.2439
-51.3612,55.2407
-47.1380,62.3833
-54.7791,54.0108
-56.4364,50.7500
-44.2151,55.1852
-52.1555,69.1201
-53.5407,53.8265
-59.4510,51.1497
-55.9455,48.8447
-57.0141,54.8109
-54.6592,52.9347
-59.1854,50.0562
-54.9653,51.1949
-46.0993,62.0653
-56.1343,48.0472
-45.7318,59.4438
-53.4315,51.1661
-58.2579,49.8094
-56.7630,56.7272
-49.4335,52.5845
-48.2864,55.5442
-58.6764,57.0845
-47.4908,58.0029
-63.7228,48.3701
-49.0344,48.8523
-54.6707,60.1598
-51.5805,58.5829
-57.2615,54.5157
-48.5581,59.3765
-60.4310,53.6156
-39.0550,56.7798
-58.1776,49.1005
-50.7532,51.8117
-50.1693,56.7709
-57.7121,52.2779
-45.6359,51.7262
-59.8346,51.6781
-51.7154,47.8356
-47.7952,51.3228
-57.0920,50.1055
-43.9642,56.2929
-65.6763,45.5415
-50.3251,58.6936
-47.6965,55.0212
-60.5753,48.8749
-48.6602,60.4885
-50.6544,54.3592
-54.2795,59.5966
-49.7636,58.3287
-55.9377,57.7804
-57.7852,49.0711
-52.6086,53.8876
-42.9933,56.4086
-47.0589,58.3993
-51.4393,52.5269
-43.5011,58.8859
-62.0635,50.1768
-52.5871,47.0698
-61.2093,48.1451
-50.5661,49.3760
-55.4985,52.7207
-56.6406,47.2058
-61.1124,51.5826
-49.4312,61.4703
-51.9817,48.4892
-56.0002,59.3041
-51.1016,63.9167
-56.9591,55.4313
-59.2581,55.4537
-57.0858,54.2365
-54.2292,50.2455
-48.6887,46.0801
-49.3208,53.5317
-43.4018,65.6189
-54.9320,56.8046
-45.4448,59.8445
-52.4453,45.2774
-53.7575,48.1905
-65.0983,47.2711
-49.2513,54.6038
-53.2102,53.0493
-43.4813,46.6696
-56.8694,50.6622
-49.1427,51.3917
-44.6837,47.1792
-55.8624,50.5739
-43.1512,56.6735
-49.4094,61.4145
-54.1160,60.9809
-60.4174,50.1282
-55.3738,53.0220
-52.4449,42.9302
-53.6647,56.8832
-61.0862,53.2650
-60.5955,58.8423
-45.6971,51.7821
-56.2150,52.5998
-57.4058,45.8853
-62.2071,38.3827
-61.6086,54.1600
-53.6969,51.9934
-52.3524,50.0645
-58.4292,53.8902
-45.2453,65.6334
-52.4621,48.6560
-55.6793,51.9117
-45.4317,51.3527
-54.1718,63.6606
-51.4644,56.2433
-55.2880,55.0778
-58.5631,49.9415
-57.7294,34.8859
-52.5548,55.0768
-48.9699,55.3159
-60.5308,53.6448
-43.6794,50.0449
-65.3504,47.6398
-52.5825,46.2281
-57.3142,54.4374
-56.6829,50.0684
-55.2797,45.0203
-54.1721,35.7543
-61.7679,51.6734
-49.4944,56.3997
-46.3395,44.8112
-57.0317,53.3424
-50.4197,63.8969
-55.2135,45.0686
-60.3170,48.9000
-63.5035,50.3863
-52.8069,49.4484
-51.6518,51.0770
-55.9234,42.0981
-56.6907,41.5383
-56.2312,61.4286
-52.0314,51.7847
-59.7748,56.9134
-52.3054,48.9694
-46.0609,56.3772
-51.4076,52.6752
-54.8427,52.4800
-49.9428,42.7524
-50.5256,47.9601
-45.9884,49.7944
-46.7757,49.4280
-55.2776,43.7878
-48.8289,56.7299
-46.6933,43.8076
-56.2565,52.3903
-61.5064,51.9477
-54.7301,47.1232
-56.3172,56.4488
-60.5149,54.1619
-62.3829,44.1208
-52.1363,56.0828
-54.0215,56.5712
-50.9358,64.8593
-53.8441,56.5810
-57.1416,50.3373
-51.7430,59.2890
-51.8458,48.9926
-45.9335,42.7398
-56.6372,53.8831
-58.2080,39.7165
-48.4868,54.7295
-58.5904,40.9817
-44.7137,52.8426
-56.0212,43.5099
-60.0173,38.8439
-57.3191,50.7685
-57.1852,56.6661
-62.0900,59.3268
-46.6543,58.5971
-62.1779,43.1617
-54.8678,57.2344
-54.5848,51.5792
-64.4747,53.5669
-53.2309,50.2836
-55.6684,51.0063
-47.3816,53.3247
-59.4335,47.5143
-50.5941,42.7878
-53.3956,51.0169
-48.3838,60.2164
-55.1274,48.7040
-57.6448,49.0732
-54.0241,52.3275
-49.4112,52.9174
-56.7671,58.2988
-57.6506,53.0988
-56.3888,40.6580
-54.0499,53.3767
-49.4759,53.1689
-52.1901,50.5924
-61.1630,55.5176
-37.2437,57.4566
-65.5547,44.4658
-52.1636,46.2853
-50.8043,50.6549
-51.4746,55.0959
-51.0924,48.4990
-50.2159,47.6753
-67.0956,49.7086
-52.9851,51.5348
-56.3218,46.5673
-61.1307,48.1596
-42.9913,57.8116
-49.2839,54.4334
-56.9997,54.7164
-55.6224,54.6109
-58.0600,48.7296
-54.6453,49.8433
-58.5137,44.4102
-51.4965,54.7680
-60.6068,52.8270
-49.8013,54.6665
-59.8842,57.8266
-50.8642,49.2425
-65.0764,48.4552
-47.9946,58.6563
-53.7472,49.4473
-50.5194,46.8677
-56.8260,50.3443
-49.3134,63.1046
-48.0966,52.3125
-58.3728,44.2249
-45.3487,63.6742
-53.5382,54.9491
-57.6479,53.7293
-59.4118,55.7028
-58.4296,48.2056
-49.3383,53.2677
-56.4277,53.9622
-59.7779,44.6153
-57.8808,55.2065
-42.6565,55.5444
-61.1131,47.7195
-52.4338,47.5662
-62.6054,45.8130
-52.8231,55.5127
-48.6051,59.4508
-53.1239,46.5803
-55.8937,54.4734
-47.5187,62.8459
-61.8585,42.9465
-48.3240,62.9094
-49.9925,56.1235
-51.6639,58.8470
-43.3514,57.7351
-54.6755,55.2612
-49.8909,48.8513
-58.3384,43.3031
-53.6668,57.7872
-47.5526,65.8319
-52.0205,55.4094
-41.7945,57.2497
-61.8810,42.1284
-55.7638,44.8455
-51.6683,54.1044
-53.0767,57.2589
-53.6499,56.5967
-59.2830,54.4514
-54.1688,57.8985
-45.8117,61.0934
-65.0585,46.1833
-48.2346,59.3083
-52.5849,51.0905
-51.3984,55.6629
-42.8118,55.7352
-53.4158,60.2297
-53.1171,45.3066
-51.4767,58.1920
-58.3532,58.8077
-54.5853,55.0449
-44.2804,57.3300
-49.5287,49.0845
-61.2739,43.4480
-51.8809,50.3730
-47.0677,51.5252
-57.2202,54.3950
-48.1798,60.1994
-54.7655,50.4513
-62.8192,48.6657
-53.1390,47.9306
-60.1469,60.1024
-52.1338,50.7980
-50.7145,57.2741
-53.6709,52.5398
-56.4473,46.8985
-43.6869,60.6456
-57.0961,55.3402
-56.9521,46.1979
-58.0568,52.9587
-54.9151,51.9433
-48.2440,55.1355
-51.4813,56.8741
-55.5579,47.6527
-47.0688,48.6388
-46.4314,56.2336
-57.3328,44.4854
-48.3321,61.1652
-58.3000,62.4297
-52.1100,53.4322
-52.3050,52.4804
-62.6896,51.5857
-49.1062,52.1243
-52.8537,50.3741
-52.4817,49.1418
-49.9579,50.8028
-46.4053,57.3676
-56.6542,53.0711
-52.5096,49.0613
-61.3308,55.5705
-56.0185,59.5261
-45.1055,54.3002
-51.5942,49.7593
-56.2690,46.1108
-52.6976,46.0559
-45.0199,52.7881
-59.1732,55.4128
-58.3845,58.2057
-60.0968,52.8906
-57.7568,51.1804
-52.8466,44.7855
-59.5021,52.5085
-48.7054,57.0699
-43.6484,60.3813
-50.4667,53.5418
-49.2874,50.1759
-47.5547,60.2371
-56.6968,48.1517
-61.5363,48.0280
-56.3974,53.3292
-45.7057,63.9912
-57.9286,43.0471
-45.6780,58.6407
-49.2427,51.6421
-51.6085,46.3070
-52.5837,37.0953
-57.0368,50.5136
-48.6832,61.4779
-61.5864,52.9953
-54.9567,55.8209
-57.3315,46.0338
-66.5453,45.8779
-44.1850,61.4793
-53.4153,49.1477
-61.8954,44.8929
-39.6596,56.7826
-49.3844,57.8501
-44.5343,56.8026
-52.0788,47.5321
-49.2530,66.3379
-48.6965,60.7092
-47.4208,54.5761
-50.6882,47.0684
-54.9842,49.9194
-61.4060,51.8080
-42.2530,57.7351
-56.9994,46.0670
-59.5889,63.0292
-56.8429,59.5263
-59.8382,53.6251
-54.8900,38.4279
-63.1412,50.0615
-55.4865,47.7291
-54.1199,48.0157
-52.7813,46.2492
-46.6834,52.3917
-53.9209,59.4071
-45.6960,59.5801
-49.1459,58.6557
-46.8355,57.6547
-53.3063,53.9981
-53.1326,46.9125
-54.7298,55.3597
-52.8273,54.9050
-59.1731,50.4757
-50.3058,54.9346
-54.9143,54.9207
-51.9209,57.0153
-56.3278,58.6284
-59.3881,59.9256
-57.3832,49.5614
-66.9772,56.2958
-50.6932,51.5473
-54.7207,50.1376
-59.5453,51.2121
-43.1304,50.2427
-49.0168,58.6752
-57.0231,48.5191
-51.2357,59.2439
-51.7779,52.5022
-52.7522,58.9243
-43.9828,59.8415
-58.6303,47.3445
-54.7177,46.4729
-54.4592,50.1233
-51.1783,48.2544
-52.6507,59.4205
-51.3192,59.5847
-63.0594,58.1820
-64.2238,45.9233
-51.4979,46.6906
-64.9350,49.6612
-49.3308,57.8833
-50.3979,46.1231
-56.1134,48.8910
-36.7932,62.5291
-47.5193,55.9424
-56.3924,48.4275
-58.8493,48.4051
-59.8188,55.9603
-49.2371,62.0385
-51.6720,52.2241
-46.9494,59.5258
-61.4285,39.5136
-52.8889,47.2759
-66.9068,48.2495
-50.7983,58.9931
-55.5733,52.9113
-53.1055,55.0513
-64.7314,56.6350
-49.1139,62.8595
-58.9325,48.5451
-56.8726,53.2124
-48.9124,60.0782
-57.8500,56.7757
-47.3347,55.0338
-48.4396,58.1499
-62.9355,46.5275
-48.9033,48.5984
-53.4322,53.5198
-47.3437,61.3753
-56.6268,59.0146
-50.2448,53.7979
-63.5570,37.5506
-47.9516,49.1273
-65.4602,43.5842
-51.0121,62.7305
-48.4874,55.7160
-56.7722,49.0523
-59.4238,53.8203
-49.3875,52.1548
-57.2996,48.8367
-55.8574,49.3049
-49.9684,56.3099
-54.0002,58.7396
-49.1238,55.0037
-53.2656,53.5730
-61.1528,49.3108
-57.0138,50.7670
-52.0288,58.8515
-51.0179,57.0522
-53.0005,59.0567
-47.3772,49.5417
-62.5948,47.7066
-48.5887,50.3697
-59.5895,49.2090
-60.2355,50.8961
-53.9940,51.4357
-52.0088,45.7436
-58.6195,55.6308
-50.6090,63.2378
-57.5433,49.5269
-51.4675,55.5566
-45.5327,60.8363
-52.6724,59.1122
-43.2466,60.0658
-57.0739,49.3828
-63.4021,47.0602
-55.3982,50.6833
-57.0297,55.8526
-57.6322,49.4212
-53.1824,64.2242
-41.9179,55.6469
-63.8244,46.4362
-47.9814,49.8136
-53.7441,53.2684
-56.1821,57.1123
-60.6217,42.5718
-49.3959,41.7037
-52.1389,60.0387
-46.7004,55.9761
-44.8471,53.1285
-58.7099,47.5521
-49.8857,54.3797
-46.7022,56.1452
-56.3594,55.3760
-49.9596,55.2578
-43.4203,47.4499
-56.5339,58.3220
-47.0962,51.1931
-56.2028,46.0647
-60.6731,53.6037
-45.5461,51.8512
-52.2479,47.9776
-55.6538,49.4799
-57.7375,53.0959
-57.1707,56.9418
-55.7317,54.4144
-53.4807,56.1312
-58.6134,66.4585
-47.4575,62.6407
-59.3670,50.4537
-49.7411,57.7512
-51.3067,55.6241
-50.2286,64.3581
-42.1364,61.6792
-47.5140,61.4389
-58.4140,48.1566
-54.5983,52.1296
