48.6241,57.5173
39.1072,24.4477
18.9498,12.7494
36.0363,32.0548
29.7541,28.8829
10.5674,10.8962
12.2393,-3.4668
21.4996,6.4965
64.5801,50.7658
21.8622,18.2927
38.8838,28.9380
36.8580,38.9702
15.9396,21.8114
10.0286,11.3469
25.1381,27.4120
1.8067,15.3514
30.9751,11.0424
4.9608,19.5737
-16.9145,-24.3025
-30.3616,-13.6435
-51.4893,-41.9361
-39.5859,-62.9541
-67.1548,-61.8121
-62.8632,-59.3505
-59.6335,-62.1209
-50.9778,-52.1898
-59.4780,-69.6168
-48.2738,-41.7824
-49.7539,-45.5382
-60.3226,-53.0378
-55.0003,-61.7128
-10.6028,-44.1008
-64.0078,-52.1946
-44.2458,-43.5570
-17.8103,-6.8005
-64.6340,-62.2896
-20.4599,-23.5247
26.9485,39.5724
18.1264,7.4650
29.5471,55.6716
68.1635,53.3038
31.1994,41.2950
-31.9077,-60.2238
-54.3827,-65.3476
-49.2900,-65.0567
-45.5125,-34.8500
-51.4504,-64.4707
-61.1323,-62.5195
-48.0331,-56.0659
-49.6246,-46.3174
-37.5072,-27.6518
-36.6517,-18.1457
16.4162,20.0062
23.1065,34.1826
33.7734,49.3274
61.4041,68.6346
44.0218,47.6343
27.7115,34.3193
-35.8141,-42.7914
32.1663,36.5870
55.5297,62.9079
58.5774,40.6897
-28.3668,-18.6596
-18.0406,-33.6796
16.7686,24.5864
54.7830,-50.3425
57.5647,-56.6404
54.6075,-47.0132
54.7471,-35.2330
60.7012,-48.1879
59.9132,-54.5844
52.9258,-55.7101
53.2982,-41.1882
52.2316,-68.9162
56.1622,-59.3793
48.1606,-63.4885
51.1583,-54.9234
55.8512,-42.7220
62.3023,-44.6591
49.7633,-53.1443
42.7313,-64.3771
50.6238,-59.2686
61.7776,-35.6713
41.7266,-57.7603
57.4854,-46.6949
48.6905,-52.9326
53.4046,-57.5083
44.2707,-67.3937
49.9762,-56.0959
58.5459,-53.7724
60.7505,-47.9917
55.4220,-51.4855
54.1289,-62.1771
59.0848,-48.9460
56.0822,-48.5966
58.7177,-53.2778
58.9591,-51.9746
50.8982,-59.1863
51.2658,-57.1790
56.6617,-59.0954
60.4484,-41.2908
57.1919,-60.8590
55.0481,-48.2941
50.8925,-64.8863
56.7500,-42.1536
48.3015,-61.2514
56.2237,-58.1915
56.4521,-54.3951
39.8802,-61.6544
51.3693,-57.0974
54.2682,-53.0705
54.3027,-43.3010
53.7691,-63.9237
53.6463,-49.3350
51.7643,-58.5725
49.4638,-63.8074
51.0559,-54.9057
48.7169,-58.6311
52.7667,-55.6795
55.1052,-59.9287
51.4193,-55.0103
51.8820,-51.9093
47.6267,-49.3064
52.0370,-61.5960
56.7454,-52.9988
61.1114,-49.7244
53.7541,-58.3789
61.0471,-52.3338
47.3608,-51.4394
58.5886,-56.6722
53.0641,-47.9605
57.5920,-40.7560
55.4180,-64.1698
51.3548,-55.5892
47.5585,-59.5354
56.7945,-56.4845
56.6456,-54.8615
45.3038,-63.4792
53.0447,-56.5140
54.7725,-61.0915
60.9448,-48.3778
50.1157,-53.2439
63.6576,-36.5843
46.5236,-63.2142
58.1481,-48.3771
54.9359,-57.0509
48.2217,-61.3865
52.8742,-44.2854
41.5767,-58.0067
60.2948,-49.4859
48.1830,-57.5119
48.7601,-51.2415
58.5440,-57.1111
49.8642,-55.9749
52.0314,-55.2776
51.9321,-62.5619
55.8940,-57.5018
50.8437,-56.8332
59.0910,-58.8030
56.4463,-55.7568
51.4282,-56.5492
58.9502,-49.8885
50.8248,-55.9301
59.3995,-60.4412
55.1454,-50.4176
51.1339,-50.6270
59.9063,-57.4656
60.7132,-52.5451
55.0955,-50.9241
55.0909,-54.2467
53.5638,-49.1485
50.9276,-45.2726
53.4559,-58.9301
49.2252,-62.5508
56.9747,-51.2029
57.2247,-49.3645
50.1770,-39.5754
54.7791,-51.8200
61.7735,-60.3873
55.6000,-57.2649
42.5285,-66.7132
44.1358,-54.1225
56.4347,-59.0709
60.9728,-48.3655
49.3412,-60.4912
56.8001,-55.6531
51.4911,-63.9307
57.7845,-46.7047
52.0190,-50.0371
59.8993,-41.1829
38.7326,-61.3254
50.5523,-43.5445
56.7567,-62.2366
45.8755,-54.5665
53.9217,-54.6026
58.6810,-55.7632
52.4665,-45.4837
47.4049,-65.6689
48.9087,-60.6029
47.6268,-60.6762
49.8523,-67.2228
59.6993,-47.3490
38.0027,-65.5576
56.6211,-59.8207
54.1281,-51.1592
64.9134,-47.9302
65.8791,-55.9395
56.0285,-51.3263
43.5232,-55.1579
56.1529,-56.5451
53.4229,-57.2121
54.5807,-39.3114
58.1334,-64.6370
59.3792,-47.5969
51.6842,-49.8240
59.9451,-57.4838
54.5112,-51.0753
50.6714,-55.0911
54.3971,-59.2574
61.1583,-55.9187
53.4957,-52.3893
63.8490,-49.3002
43.2496,-44.8649
57.0865,-53.1015
64.6802,-40.3167
60.7624,-49.0048
59.6399,-54.1744
38.9656,-63.9724
45.1284,-57.2228
59.0436,-49.2080
56.2584,-51.9695
40.0974,-49.5728
55.5841,-59.0110
56.1483,-57.5793
53.9973,-53.0952
57.5740,-64.3148
49.0265,-51.0495
49.7774,-58.5254
50.7547,-62.1331
53.5023,-51.9431
53.6596,-43.8499
51.0922,-41.1038
57.1055,-43.6729
44.0383,-60.2460
56.2689,-49.6240
58.2252,-50.6500
57.7611,-55.0183
46.1054,-58.5245
46.5804,-46.8661
47.4791,-47.6961
53.7241,-58.6148
40.8900,-51.3015
58.8044,-59.4954
62.2544,-49.5686
55.7392,-51.6713
52.6044,-63.4453
51.7726,-44.3795
46.6066,-57.4874
65.8852,-62.9402
60.6998,-53.8237
49.2093,-47.9105
47.7646,-62.7085
51.2471,-50.1146
55.3125,-54.4021
54.2468,-46.1194
57.7954,-55.1966
63.1515,-53.3483
60.5269,-57.7924
55.3404,-55.5364
52.6134,-60.0703
57.8324,-56.8999
58.6067,-47.1965
58.2865,-54.4863
60.3499,-49.8015
47.5258,-47.0819
57.0115,-63.8481
54.0445,-45.9267
50.7491,-52.1243
44.8941,-53.3391
50.4701,-47.9930
54.6363,-36.1050
57.3160,-50.1406
66.0898,-50.9776
51.1709,-51.7270
60.8381,-48.7959
46.4991,-45.4112
62.5735,-46.1450
55.4122,-52.1610
51.5281,-54.5938
55.5704,-62.8047
58.4417,-49.8318
37.9869,-53.9101
54.1390,-61.7649
62.6603,-33.8687
43.7898,-53.5439
60.7276,-59.2243
54.4463,-54.9253
52.6825,-46.4428
53.4098,-61.1308
53.4327,-44.0628
61.3274,-37.0764
46.7631,-51.3789
62.0173,-37.4474
63.5586,-50.0416
56.2705,-52.8519
39.1033,-64.9001
52.6655,-51.8412
58.5807,-45.1300
62.8487,-54.3788
44.2400,-50.5451
52.3554,-54.9695
51.0347,-52.1650
46.2747,-68.9025
60.4033,-40.3201
49.5387,-40.5365
64.1121,-48.0306
61.4027,-55.2947
51.5975,-54.7021
59.5651,-53.5079
49.5561,-45.1252
62.1501,-47.7081
51.3991,-53.9735
52.6781,-58.4148
56.7475,-55.7876
48.9601,-57.9778
56.8908,-62.6873
57.6086,-46.1936
48.3903,-59.0967
61.7546,-56.0677
44.2911,-52.8916
52.1782,-53.2956
53.4175,-47.8078
46.3713,-61.2030
56.5874,-49.3330
50.6235,-35.7012
59.3101,-56.7569
52.2667,-47.1710
46.3870,-53.8657
53.0447,-49.3574
50.7178,-49.0704
60.0915,-48.4860
44.0876,-58.7808
60.9945,-45.3579
60.7879,-50.6646
51.6843,-54.4070
51.5301,-62.7547
53.2074,-55.1559
53.6311,-62.7321
59.6491,-61.9010
50.6970,-47.8443
51.8483,-53.2667
55.3667,-52.7282
47.2987,-56.7892
59.6498,-50.4993
54.8755,-38.5489
54.4874,-60.6099
48.4986,-59.5325
52.6465,-54.0352
46.1445,-49.7048
55.9241,-39.7548
63.5133,-50.5184
38.5365,-65.9935
59.2738,-45.6795
58.8592,-43.8351
52.1348,-59.3852
55.4545,-64.1885
59.6444,-46.4109
48.7670,-57.7563
54.6351,-68.0482
48.6975,-58.8905
45.4947,-58.9635
58.1103,-55.2779
46.2792,-61.6753
55.3488,-41.1586
55.5050,-41.9573
53.2639,-56.9934
58.8452,-53.6218
51.1857,-56.1468
59.2264,-42.9447
56.5924,-42.4466
58.6798,-50.3071
47.1432,-68.7621
53.9044,-49.6852
57.8915,-42.0962
62.0390,-53.4098
64.4707,-50.9497
65.1642,-53.0049
51.4105,-65.7271
51.1691,-55.4882
54.0648,-62.6668
53.2250,-57.2893
42.7312,-64.0499
61.4061,-61.9287
56.3370,-47.9471
49.8957,-46.2808
54.3363,-59.8001
54.6753,-54.9886
46.9707,-54.2679
52.6954,-42.3152
52.2950,-55.0214
46.6462,-47.6691
64.9069,-46.3626
55.0064,-50.2698
51.6871,-52.7786
62.1461,-50.2852
55.3472,-54.9442
61.6958,-46.3785
53.4460,-65.0403
49.0404,-56.3639
57.3101,-57.5807
58.0886,-52.9715
53.6448,-68.2695
59.6417,-62.3458
58.8107,-47.6588
45.2081,-52.2845
49.5781,-56.5188
50.1916,-50.3577
58.6028,-49.7588
50.5116,-43.5860
59.7330,-57.5514
42.7748,-46.7432
58.6693,-57.8884
47.1955,-66.6939
53.4031,-49.4332
49.3684,-59.3652
49.8358,-41.6427
58.5038,-41.4344
43.1613,-71.5190
51.7756,-38.6281
54.9247,-56.1069
58.6003,-53.3787
45.4492,-58.9201
59.3145,-48.0397
59.6676,-51.7570
50.9220,-54.2427
53.9079,-48.0358
52.0341,-51.6373
55.2481,-54.8636
53.8144,-48.5425
54.6179,-56.3111
49.1291,-49.3210
59.1805,-45.7511
54.0822,-59.7642
48.0330,-56.0636
51.1045,-55.4689
48.0955,-51.3563
58.5633,-47.9757
43.3689,-61.2716
52.4928,-39.7913
58.6416,-55.0939
58.9461,-55.9295
50.8733,-49.0963
53.6651,-44.1621
63.9093,-47.6535
60.0656,-59.2347
49.2988,-49.7507
57.9262,-38.5058
53.2778,-57.3794
58.3774,-43.8143
58.1142,-56.2602
54.1619,-51.0787
59.5438,-52.7744
58.5421,-54.1731
42.3789,-56.3549
47.6676,-52.9063
46.9855,-53.6036
47.0252,-54.0608
58.7893,-54.2070
52.3922,-47.5975
52.0437,-64.9666
57.6383,-60.3105
45.1860,-62.2850
47.1797,-51.9372
59.6726,-50.6689
56.8362,-51.0790
50.2102,-53.3785
58.7246,-48.3563
57.6745,-49.8437
51.8734,-43.7730
60.3796,-48.1760
47.2154,-50.3485
52.8513,-51.5938
52.3810,-48.0147
63.2309,-53.7610
51.3919,-55.4445
50.8448,-48.7199
57.8856,-43.6215
55.7205,-57.8738
55.6250,-48.8217
52.0221,-56.8170
58.7020,-56.9506
54.1530,-58.7583
58.5512,-43.9897
60.6462,-51.4355
48.9485,-59.9011
53.8798,-50.8620
59.6333,-41.4931
56.8420,-49.2129
52.9333,-42.4101
58.4111,-45.6307
46.6378,-52.9124
60.9901,-54.6647
36.4276,-57.1211
54.8269,-52.0818
59.1164,-51.1277
39.1913,-56.5077
51.6071,-48.7859
59.0719,-54.0639
55.3011,-51.5852
53.6181,-52.8511
55.2102,-55.0005
48.8996,-62.0009
50.5541,-53.5422
62.8545,-50.4526
56.5333,-51.0723
52.8984,-53.2114
63.9381,-40.6430
58.8060,-47.6708
49.2412,-58.4988
62.2671,-39.4902
61.6908,-39.6898
40.2551,-63.2329
52.9306,-51.1245
56.6935,-35.1874
66.2218,-50.5845
65.0934,-59.7473
43.8709,-53.3973
54.7870,-61.2586
50.8506,-61.7720
60.7138,-56.4323
54.5275,-51.6069
55.2250,-58.2505
56.6469,-60.9637
58.6798,-50.4652
48.4154,-46.1577
57.1387,-54.4820
57.7643,-48.8272
53.6509,-48.9045
53.2264,-59.8782
51.1810,-52.6451
55.1734,-49.3376
63.8525,-54.0995
52.7103,-42.1000
58.0936,-42.4871
60.1237,-50.3917
53.6211,-59.1474
59.1672,-47.0149
54.5166,-53.5456
53.3277,-53.4409
52.6097,-61.5410
64.6164,-45.4104
48.3025,-63.2497
54.2492,-51.8886
61.8655,-40.3645
48.4938,-52.7990
54.7235,-50.1820
50.6968,-42.1851
56.9521,-41.2775
53.7128,-54.1005
57.4680,-48.3137
55.9086,-48.2371
66.9370,-44.0600
55.0723,-54.9781
53.5718,-50.0095
65.0972,-42.1465
60.9940,-52.1212
58.4616,-38.5627
53.8398,-54.2328
50.2274,-54.8535
54.7039,-63.5609
57.9741,-51.3251
53.2700,-58.2777
59.9488,-57.7165
60.4789,-44.3301
44.8065,-53.8082
60.1434,-45.2194
58.7460,-40.6113
54.5912,-44.4365
59.7681,-53.0125
60.2231,-46.2263
66.2537,-41.3487
43.1127,-57.3023
59.8319,-40.7948
59.3435,-55.0547
60.0469,-43.8823
62.9761,-59.4813
53.1816,-38.8516
61.8140,-50.4888
51.7216,-58.7725
52.3412,-63.8882
60.6787,-40.4866
48.9894,-58.1266
60.3640,-40.3276
62.4902,-51.0251
50.8062,-55.3307
56.9646,-45.7865
61.1789,-36.6168
59.8823,-41.4766
55.8879,-35.5476
67.4288,-34.3466
65.3107,-46.6201
61.4587,-48.5664
60.5710,-42.2237
56.1660,-47.2363
61.7060,-59.3065
54.1492,-63.9218
55.3146,-55.6530
50.6153,-57.0780
48.3443,-67.5578
56.9046,-64.0826
46.7445,-45.7903
49.1182,-58.1091
60.4648,-50.9284
52.2776,-61.1630
51.3016,-56.4758
59.0409,-51.4832
56.3543,-51.7516
51.4397,-42.3363
53.7342,-56.9412
59.8802,-52.0895
61.6908,-52.8717
55.7764,-57.6800
52.1008,-38.9817
44.9077,-53.4094
60.1993,-50.5502
52.5142,-53.8162
52.8224,-54.8667
53.8552,-56.0849
52.7029,-63.8020
45.6135,-57.8762
53.4957,-44.1835
58.5757,-53.4357
56.4022,-61.7958
53.5357,-59.4559
55.7030,-52.4886
66.1770,-48.8797
54.6767,-45.3742
54.1564,-48.0787
57.4750,-53.5810
53.4051,-60.8468
54.1427,-57.2617
60.5212,-52.4590
52.1919,-47.0939
47.0334,-60.3399
67.2627,-50.5022
55.8688,-56.3691
47.1965,-66.3684
48.3746,-52.3194
59.6650,-57.4891
50.8417,-56.0119
52.4954,-44.3412
58.3962,-44.8116
50.9200,-55.9114
50.7517,-62.2796
54.5189,-46.0361
60.2423,-50.5118
50.8579,-49.6387
53.4683,-51.4005
52.4474,-61.4402
59.7123,-52.6387
41.7330,-65.3764
61.5189,-55.1599
51.1336,-46.2664
41.3282,-54.5346
61.4013,-55.5110
58.6773,-44.9070
53.4268,-58.6541
50.0318,-54.6411
54.7777,-65.6804
53.6090,-50.6671
48.3323,-46.2065
60.4067,-44.5210
56.1672,-56.1434
58.5218,-53.8736
46.6944,-54.5428
62.6431,-52.6862
48.5306,-53.2936
54.7400,-46.3429
54.2609,-61.7251
53.3321,-56.3956
56.6174,-57.0596
45.0852,-51.2319
52.4248,-56.3578
48.9275,-53.6448
55.7293,-61.7715
64.3906,-58.2346
46.9283,-63.4511
49.4979,-54.8533
55.8745,-66.1173
51.7563,-49.7006
39.7099,-58.6683
50.9357,-57.5354
57.1245,-54.1265
48.7035,-64.3180
55.8619,-49.5224
52.3797,-53.8429
50.5675,-53.3015
52.1417,-51.5895
55.2036,-65.4526
60.2112,-51.7201
60.6690,-53.0851
47.9008,-60.0589
54.3775,-54.5334
55.5353,-46.5940
60.0066,-56.3172
44.6006,-51.5984
55.7300,-56.5051
61.8134,-54.2962
58.5959,-61.9861
57.0469,-49.4072
50.4060,-44.1393
57.3823,-47.4365
46.8142,-58.7887
57.0322,-53.0837
50.2959,-55.0807
61.7436,-47.2804
52.6466,-58.3315
50.6617,-52.0906
57.7893,-52.9463
57.3557,-52.4455
55.3993,-54.7198
62.0284,-40.5586
58.9299,-48.6711
50.1731,-44.3627
53.8747,-59.2657
55.0770,-51.9319
51.7601,-54.4329
54.6200,-45.8306
54.1174,-64.3543
55.8116,-46.9945
49.3814,-39.3855
53.3654,-52.0632
49.2985,-65.1012
55.6912,-43.6858
50.7744,-55.1246
55.4340,-45.6177
50.7132,-51.9591
57.0113,-46.9160
52.5917,-56.5047
52.9967,-51.0335
54.2500,-55.6527
49.4633,-47.5100
52.5095,-52.9317
59.5310,-53.4908
58.9598,-57.0677
48.8778,-61.2591
55.0820,-61.1083
57.4337,-45.4351
54.5539,-62.7934
55.3846,-48.3341
49.1555,-55.9446
56.8012,-55.2421
49.4119,-60.2342
54.7374,-51.7515
55.4400,-45.4820
52.4177,-53.6052
49.5625,-50.8018
49.9688,-52.3509
48.2503,-57.6257
60.3663,-45.9788
57.0228,-55.5078
55.1954,-49.6850
50.9956,-55.8502
60.1254,-46.4666
57.0358,-59.1183
48.7927,-52.3887
41.3853,-68.2431
58.4715,-42.5873
59.7066,-59.3177
52.0344,-55.9136
44.3873,-54.8748
57.2533,-53.7442
48.3965,-68.3108
63.9006,-52.2002
52.3676,-49.1774
57.3692,-49.8458
49.4603,-53.0741
56.2139,-49.9489
48.0070,-50.0874
53.6095,-55.1377
60.4177,-51.4769
52.8146,-54.0531
41.5814,-55.7756
51.7119,-52.5340
61.7841,-57.8977
55.5660,-41.4752
43.2332,-62.7787
54.9684,-51.2670
56.3083,-61.8956
64.9379,-48.9895
42.7759,-46.7226
59.7516,-47.3264
52.6758,-58.1224
56.9568,-50.3399
53.5635,-49.5715
59.1043,-52.2322
49.6227,-49.3922
57.7316,-46.7430
46.5466,-68.0868
51.4860,-58.0478
57.4846,-57.4128
50.5633,-56.7564
53.9731,-53.2900
51.1918,-54.0894
62.2424,-60.0920
53.7002,-61.3193
48.4072,-64.5348
52.3374,-49.7494
55.8121,-63.2020
58.2457,-45.9611
52.2514,-51.9146
60.4361,-50.2747
44.6201,-65.2889
56.6325,-50.1448
47.7423,-50.5660
63.1665,-46.9309
51.0290,-53.2512
52.5824,-51.7768
39.6607,-64.2631
51.6882,-56.1771
57.0946,-57.5736
52.0957,-57.6198
58.4290,-50.7809
53.3793,-51.5817
39.0049,-64.3050
52.9595,-59.4217
42.7539,-61.0873
55.1041,-49.2673
61.1366,-56.4129
49.2062,-49.6008
52.6108,-53.3966
58.4401,-46.7132
51.5314,-56.5785
56.7635,-49.2558
48.6144,-53.9701
64.1962,-49.3226
53.3594,-57.3080
52.8987,-55.5948
47.7626,-63.5892
48.8726,-53.2032
54.0440,-56.9400
54.3497,-48.4345
53.6470,-61.8211
54.3446,-53.4534
49.3407,-56.0965
59.8911,-62.1864
34.2777,-64.6997
49.7032,-52.2221
59.2060,-42.8421
49.1418,-53.5509
45.2557,-53.1019
48.4471,-51.0008
46.9718,-58.6015
48.5076,-64.1387
56.6255,-59.2076
62.4715,-46.8227
47.1534,-57.0808
52.9522,-60.8466
56.3130,-51.0481
43.2424,-62.8968
50.9904,-55.1561
65.4754,-48.7967
54.5582,-65.2315
56.7105,-55.6883
46.7680,-56.7739
52.9909,-55.8223
34.5761,-63.5054
54.5017,-51.1452
59.3272,-36.9888
47.8739,-51.5155
52.6082,-52.0375
50.7877,-47.7123
55.3044,-48.7930
53.2077,-66.2582
57.1211,-60.1115
52.7336,-44.4192
44.4607,-59.1642
53.1722,-58.3096
59.9099,-38.8651
38.5336,-66.0288
39.8799,-58.5524
57.3135,-40.2253
56.1866,-43.7423
49.2961,-52.9655
44.0567,-60.3618
56.7601,-53.1377
47.8617,-58.7655
53.3927,-53.0228
63.9003,-36.4608
52.5185,-60.9948
43.2746,-53.6263
54.4525,-50.4908
52.8744,-58.0153
49.5632,-62.7793
57.0069,-58.0039
52.1024,-47.9263
54.6840,-52.2881
52.9065,-54.9818
60.4593,-39.9320
51.3121,-61.9759
42.7492,-55.5989
59.0688,-59.1516
54.2360,-60.4776
43.6150,-60.6311
47.6759,-55.9001
67.0742,-39.2060
45.3502,-55.4684
45.5400,-54.7079
58.2160,-32.3689
51.2338,-55.2102
53.5790,-55.0087
52.6918,-48.0007
54.1029,-47.6206
50.1171,-65.2085
46.9559,-60.6220
59.5632,-49.9167
46.2716,-44.9440
54.1472,-51.8844
53.3282,-46.6648
45.1258,-57.9750
44.3294,-64.0057
52.9983,-52.7302
58.0706,-57.9540
55.1084,-51.1957
44.0367,-56.7698
51.6997,-63.3625
37.6975,-60.7649
53.1697,-45.5344
58.2824,-28.8005
45.5582,-57.9196
45.4260,-61.2945
50.5436,-42.9132
55.3509,-44.2444
49.6728,-63.7091
56.6474,-55.3696
54.2431,-54.9212
42.8871,-48.9854
56.8400,-54.9884
54.4041,-49.7468
51.9594,-60.1683
43.8593,-61.2513
57.5966,-55.0855
50.2653,-62.3170
61.6296,-46.0907
45.4182,-55.8792
59.5168,-54.5472
40.8622,-56.6256
45.2716,-51.7731
54.5454,-30.6986
47.8715,-56.5657
52.2179,-60.5970
55.7427,-47.3220
51.5708,-40.6017
55.4327,-59.2216
60.8523,-54.6925
52.1753,-43.9401
47.7390,-43.9286
56.2210,-55.9775
56.3818,-41.1625
50.8297,-60.3314
39.1795,-52.7423
44.2287,-54.3603
50.5095,-61.2550
51.0553,-55.7165
50.0146,-54.3427
54.8734,-46.0767
42.8554,-57.9170
51.2938,-56.2465
56.9896,-29.6953
47.1900,-58.3907
52.3051,-55.0887
52.6347,-48.0020
54.6753,-45.1323
54.1196,-63.0337
54.4785,-62.2788
48.2436,-44.4349
42.0468,-50.9753
54.2073,-52.4235
62.9322,-39.1636
60.5579,-53.0238
60.4743,-40.4969
59.0633,-51.6772
50.5457,-63.5702
56.6439,-48.7815
51.5657,-51.3942
64.1871,-47.1118
61.9323,-42.5143
53.5313,-59.2514
51.0100,-50.2333
58.7284,-59.7603
63.2230,-39.9957
47.3392,-55.6307
53.2189,-41.6793
58.0546,-50.4730
52.8083,-50.5036
48.4474,-55.7159
57.5033,-46.3015
53.4179,-49.9127
56.6463,-56.7901
63.4016,-48.3856
54.3581,-40.6305
64.7882,-35.9235
58.5360,-47.8344
59.2100,-44.3437
53.9888,-48.7464
58.9594,-65.6006
60.3963,-48.3211
64.9057,-45.5042
53.2869,-71.8727
54.1296,-51.3317
50.6884,-47.1261
56.9134,-46.3901
55.8882,-63.4757
54.3547,-42.7559
54.4966,-38.1165
50.4347,-60.6746
57.7244,-48.4850
49.2130,-54.4609
54.6653,-55.2900
59.2403,-48.3418
62.2051,-32.1506
40.1518,-47.9305
59.8383,-51.7219
56.5384,-49.4671
59.9040,-47.0930
58.7234,-54.7580
64.3064,-54.2440
55.4347,-54.4109
46.9200,-69.4919
54.8264,-55.1729
51.3855,-44.9079
61.9053,-58.1183
54.8444,-61.1252
53.2520,-46.2883
37.5114,-44.6235
57.4391,-58.5884
57.5483,-48.2606
47.0544,-54.9280
52.7439,-62.1551
61.0515,-41.5519
67.9751,-41.7560
46.7318,-62.1333
54.9860,-44.5600
52.9091,-49.7286
55.7896,-53.1763
56.1251,-55.3418
51.8592,-60.5283
59.8418,-47.7924
56.6998,-72.6110
52.9520,-43.0111
54.6054,-46.8009
55.0430,-52.5496
56.8075,-61.2534
55.4349,-43.8592
52.2910,-44.5587
59.4554,-52.3720
43.3178,-59.4219
52.2472,-60.4787
50.6532,-62.0658
48.7358,-57.2464
56.4201,-57.7952
47.4863,-55.9042
57.1059,-52.1417
55.0995,-55.1938
55.3228,-60.7469
52.8597,-57.4598
60.6156,-51.4254
51.5085,-56.3076
52.5230,-75.4850
59.6546,-46.9181
55.7906,-42.9728
58.8484,-52.4445
51.2163,-55.0843
48.7600,-54.6662
52.0269,-47.0078
49.7016,-59.7096
61.7009,-54.2475
46.2022,-60.2795
55.3050,-60.8739
53.5149,-51.5507
65.6735,-57.8071
50.5536,-49.7093
46.6691,-47.9907
43.5490,-52.5315
54.9348,-56.0948
58.9577,-60.8658
58.2573,-54.5961
46.2328,-50.1349
56.0448,-73.1081
65.6124,-35.3141
52.3159,-50.2522
54.3839,-54.8775
54.9356,-58.5235
53.0832,-49.9356
51.0518,-47.9624
55.1621,-57.9438
53.0781,-47.6291
49.6175,-52.8321
62.4218,-53.9942
61.8256,-47.3277
69.2382,-56.4206
46.1621,-59.8777
59.3464,-41.5361
57.8559,-51.7473
57.1808,-51.2287
50.6207,-52.0462
64.4019,-45.5152
53.2123,-55.5182
50.1781,-64.0580
58.8773,-50.3301
58.1858,-47.6976
48.8987,-58.7852
57.5183,-55.4900
53.9779,-46.6784
56.4903,-43.1353
55.9145,-52.9585
58.5673,-46.4705
49.8562,-53.7549
50.3569,-70.4216
60.1095,-49.5244
52.4262,-52.7331
52.8935,-53.6371
58.2517,-33.9118
53.2487,-47.4682
56.7223,-48.9908
65.1935,-53.0375
64.6389,-47.3990
50.8676,-50.5648
46.1412,-71.2996
60.2563,-55.8776
53.8180,-49.1895
55.1170,-57.0055
57.7970,-50.7642
58.4098,-47.2094
55.2086,-47.0765
61.0242,-49.9196
54.7958,-48.3317
56.3594,-42.0127
58.4929,-53.4796
62.2104,-46.3620
65.6198,-53.5563
45.4518,-66.9581
55.8827,-47.1040
53.4099,-53.2533
57.2806,-52.7757
51.4481,-57.9848
53.3315,-60.4154
47.1654,-59.3691
54.1434,-66.3898
67.5459,-51.4152
45.3336,-56.3872
55.7839,-50.1936
51.6902,-58.5827
47.1421,-62.0608
57.3351,-58.4834
56.6075,-55.0186
56.0393,-57.3181
50.8540,-52.3390
45.5273,-66.4512
55.3064,-56.2430
60.3375,-61.1336
45.7826,-59.2804
59.4467,-48.3470
44.2898,-54.9145
56.0620,-57.6492
58.7480,-57.7955
58.4792,-52.4429
50.0012,-50.1374
53.4322,-70.9544
61.3853,-50.0000
51.7353,-44.3966
59.9753,-55.8329
52.7579,-58.3979
49.5650,-47.5577
52.9262,-51.5707
55.0505,-57.0063
52.2930,-58.1056
52.4098,-51.1286
37.0870,-65.8250
58.9622,-52.2754
60.4523,-59.4904
51.7648,-53.5426
56.8249,-55.8085
45.6209,-57.9201
60.1876,-52.3594
49.6326,-55.4007
53.7348,-58.7529
51.0940,-58.7353
57.8051,-64.2248
58.2811,-45.5730
51.6346,-47.6353
58.4406,-50.1517
54.5506,-50.4301
52.3900,-50.9628
51.3591,-55.9780
55.6286,-51.1452
51.1565,-52.0126
51.6640,-51.6612
59.2603,-53.2215
56.0116,-57.0072
63.9599,-50.7734
54.1744,-50.1400
49.6349,-56.1104
45.7010,-53.0950
54.4556,-59.0250
53.7822,-46.3646
60.5620,-53.1674
52.2961,-52.4592
52.3685,-71.1088
58.5668,-47.9213
55.2883,-44.3377
55.7770,-49.8131
55.0993,-57.7026
49.1162,-59.3502
53.4900,-50.6187
60.4342,-51.7198
58.3511,-50.5747
50.7648,-51.9618
47.5792,-62.0415
55.1001,-53.9389
62.4641,-53.2071
56.1341,-60.2138
47.0330,-43.3022
50.3091,-53.0641
51.6467,-56.6775
51.1940,-61.8930
51.2744,-61.4047
44.7289,-54.6633
60.4724,-64.3415
56.9910,-53.8249
49.1211,-43.0485
57.7776,-51.6261
59.2112,-58.0354
47.3589,-59.9213
51.6250,-60.0693
58.4122,-54.5964
49.4321,-54.2545
52.0717,-49.0943
52.4908,-57.3350
55.8852,-50.4589
56.9350,-61.5962
58.0393,-62.6181
53.2393,-55.2529
56.9762,-51.7351
58.9270,-57.6405
54.1319,-51.4177
51.5142,-58.9592
57.8275,-42.1825
57.0698,-66.7032
56.6048,-48.7238
56.3180,-42.3183
50.4142,-60.3019
48.0231,-57.8318
52.7694,-57.3856
51.9676,-54.9234
51.6492,-52.1395
51.5017,-61.1813
52.6005,-51.1266
55.2086,-54.5376
57.7321,-51.5134
52.0398,-56.7402
59.3700,-45.3754
53.8549,-45.9778
43.2321,-54.3081
59.7410,-51.3943
51.5964,-55.5322
60.9152,-52.7987
50.8570,-54.5760
52.7186,-70.4065
63.7215,-47.9282
46.8920,-47.8053
61.5480,-47.6715
53.9953,-57.6993
50.7771,-60.4846
54.2225,-52.3606
51.7389,-55.1836
52.1541,-55.9577
58.0934,-50.7404
57.0910,-56.1486
54.5076,-56.9317
61.9183,-54.7153
45.7091,-68.7303
54.5421,-57.6612
53.8144,-49.4840
57.4102,-54.7592
60.0923,-54.5843
49.1288,-62.0078
53.4726,-47.4194
60.4932,-56.2257
60.4325,-47.0038
48.4341,-47.5115
52.3774,-56.4844
49.0999,-55.9777
46.2725,-58.1630
53.4309,-56.8124
49.5970,-51.5034
43.4774,-59.5950
47.0965,-62.2439
60.5499,-54.1428
50.4927,-58.2928
57.1583,-57.0901
53.1462,-63.6173
60.3636,-53.0038
53.5283,-51.7242
50.8736,-60.9516
47.7994,-58.8267
46.0857,-51.6902
54.9684,-56.5146
57.6157,-40.1639
57.2550,-52.5755
50.5702,-55.7278
44.0689,-52.2507
53.4682,-38.6892
49.9006,-52.6228
64.0800,-52.7476
49.3539,-38.4335
58.7936,-43.4953
51.8824,-62.6607
59.4783,-42.7822
47.2218,-62.8617
46.9536,-57.8929
51.3582,-39.7673
54.0882,-57.2971
53.8152,-45.9690
56.1947,-55.3598
65.9176,-53.8269
56.8361,-55.6979
54.3162,-49.5211
59.4505,-61.1533
60.3937,-42.7573
60.9149,-48.6517
56.6509,-58.0125
55.9744,-61.1321
45.7428,-56.5482
48.7247,-55.3687
45.9754,-51.1363
54.5652,-56.9316
50.4558,-59.8112
48.7493,-66.1573
49.7326,-59.1855
57.0432,-63.2816
50.6699,-59.6018
54.2834,-54.3460
48.5400,-50.8591
54.9853,-50.1941
54.2967,-48.5721
52.8915,-49.2554
50.0839,-58.3050
61.2439,-61.6448
60.4632,-45.2401
52.0859,-41.0130
55.5507,-52.2520
59.7964,-53.1642
56.6445,-58.5758
56.2927,-46.1680
52.5486,-52.7955
55.2155,-59.6526
49.5084,-51.2386
52.2368,-60.5872
58.0281,-53.6884
58.4301,-55.9285
50.4076,-60.6226
59.1228,-54.4861
51.0297,-51.4372
54.5972,-60.9188
63.3246,-36.0923
60.5460,-51.4461
47.4996,-51.3211
47.0089,-68.3748
61.4862,-50.6592
49.8917,-51.6078
51.8384,-53.1337
56.0078,-57.6784
47.0132,-56.9286
53.3628,-51.0009
51.1171,-55.7660
59.2281,-53.9005
53.0625,-50.4510
39.7070,-67.4518
53.2170,-61.9778
56.1221,-53.3656
50.0077,-54.4576
55.4216,-42.5973
47.8504,-49.8036
56.1781,-55.4444
56.3380,-49.3039
55.3539,-61.1679
51.6688,-50.3360
55.4362,-68.4485
63.6137,-47.7221
52.8954,-43.8786
52.1045,-61.0338
57.7875,-54.5357
48.4065,-59.9034
45.3590,-54.2367
43.1991,-58.3772
52.7889,-56.8848
52.5938,-53.8840
54.0259,-66.0389
56.3120,-50.4458
65.4180,-55.5878
54.7090,-53.9814
55.9945,-54.5671
42.7788,-54.5760
57.1436,-53.6891
52.4671,-61.8268
57.5930,-57.6463
46.4107,-52.6407
55.2778,-72.6932
61.8580,-50.1034
49.4459,-42.4011
53.8073,-55.5226
53.7590,-57.3039
51.0434,-56.3752
52.5388,-44.9084
55.3905,-54.3514
60.1233,-45.4505
55.2315,-41.4223
55.0426,-58.3017
56.7692,-47.3086
60.7823,-56.0337
52.5252,-60.5246
42.0081,-59.2638
43.3403,-56.1426
57.1919,-57.6822
48.8865,-60.9377
51.6835,-58.8543
52.0084,-51.3079
57.1174,-68.2592
61.2483,-42.4697
53.6948,-39.6862
62.5675,-48.7913
56.2888,-53.2926
46.2187,-64.1108
57.8839,-50.1219
49.2692,-57.4996
47.9456,-55.8980
56.6161,-54.1302
48.0402,-59.3339
50.0286,-63.1533
57.1380,-61.2708
67.9777,-49.9381
53.7915,-55.1095
53.6106,-36.2153
58.0807,-60.4827
65.4628,-56.2478
56.4190,-51.4227
52.1605,-46.8434
56.9456,-69.9510
52.8251,-49.7511
45.4741,-51.9830
51.6026,-60.2079
56.7329,-62.2819
55.6433,-51.6623
45.6315,-52.0532
52.4214,-58.2090
60.5465,-51.8949
48.4949,-51.8612
51.8247,-62.1029
56.8584,-47.5819
65.2821,-55.7168
56.1238,-54.4027
48.2104,-52.6430
54.4712,-47.2585
52.6015,-59.3007
51.1461,-66.3435
50.1036,-59.3515
59.3787,-42.8235
58.2379,-66.2250
48.7408,-48.8050
43.8442,-52.0959
56.2997,-53.8383
52.7634,-58.7338
51.4979,-56.1305
53.5326,-48.3657
49.3407,-64.0366
57.0889,-54.6691
49.9409,-57.4781
57.4657,-57.2701
51.9255,-57.8446
52.8837,-61.6662
63.5897,-49.0221
58.1968,-47.8695
52.0322,-55.8304
58.5240,-52.7265
65.5362,-50.3234
50.5620,-60.2827
52.8373,-49.8174
56.6504,-66.7615
50.2696,-55.8967
49.6125,-44.5217
60.7129,-52.2166
46.0151,-66.7619
47.1284,-55.2869
54.2573,-48.4381
55.0046,-51.7112
50.1255,-55.0267
49.4267,-56.9850
58.3347,-60.1055
54.5897,-55.0312
49.1613,-65.1752
60.7490,-54.7008
52.7416,-48.5966
53.9586,-36.3333
70.6136,-46.3561
50.5308,-64.8381
51.2567,-59.3114
54.3805,-46.6745
59.8654,-62.1593
55.9600,-50.5848
52.1911,-47.6289
54.9969,-56.9009
46.8213,-66.4138
49.1326,-62.3252
52.7105,-54.0468
55.5049,-51.2186
46.8247,-59.4723
51.7531,-51.3822
50.3239,-56.6929
50.0297,-58.3983
60.6934,-57.6855
48.7482,-60.0709
59.9711,-51.5133
41.7760,-59.1337
51.4237,-61.8825
40.2994,-64.0859
48.2542,-64.9999
49.1434,-52.8827
60.4464,-63.0252
61.9723,-49.8741
49.4706,-49.2087
59.8071,-47.1488
50.4371,-56.5668
62.0905,-55.8311
53.6463,-49.9750
51.8500,-54.9205
49.8200,-57.7674
52.2089,-54.0654
44.0199,-62.2627
47.4862,-54.6531
68.5744,-47.1869
33.6592,-54.2057
59.3227,-59.0694
45.8059,-54.0308
52.4404,-55.4497
56.0369,-57.5906
44.3035,-64.8901
53.7597,-46.2079
55.7698,-64.8939
58.8424,-44.4024
47.8407,-41.6967
57.5824,-48.6277
54.7641,-52.7872
54.9251,-53.4964
52.5908,-52.7494
55.7706,-52.5357
52.3612,-59.9385
52.1621,-54.9728
49.6988,-59.7239
49.9407,-54.1135
59.3922,-56.9900
55.1737,-54.3936
47.3556,-55.6394
42.4554,-52.0263
55.4809,-53.9050
59.2924,-60.3710
49.1728,-58.4147
41.4208,-59.7310
50.4813,-67.8004
52.1271,-55.5329
37.6651,-56.5017
56.6123,-55.9836
54.3503,-55.4523
47.0308,-63.2827
55.6823,-51.7938
56.0978,-50.1594
55.7103,-56.0756
48.6030,-61.1064
49.6170,-62.4134
44.4452,-60.5505
58.2849,-56.7056
53.7688,-58.3485
56.8855,-58.2491
50.1526,-50.4197
50.4519,-65.6013
66.3524,-52.8698
53.7748,-57.3224
47.2004,-59.4304
55.3826,-67.1085
61.7728,-47.7741
55.3417,-43.9216
55.6156,-42.2847
50.9936,-52.8165
53.2021,-61.4878
45.1698,-52.7774
57.3368,-47.4355
46.9090,-60.4466
50.6916,-57.4464
42.4449,-65.5729
49.2269,-56.6669
60.0271,-52.8855
46.1223,-62.7277
56.5107,-52.0277
49.9154,-43.9793
56.5206,-60.1377
60.5630,-52.7793
49.1594,-59.3094
51.2185,-47.2967
45.3174,-74.7766
58.3406,-56.2151
47.5862,-48.6120
53.2375,-58.5177
56.0238,-55.9848
53.4115,-52.8818
51.6443,-57.9752
49.3284,-55.4229
54.4386,-53.9791
50.5711,-50.4786
56.4907,-57.7997
62.9625,-48.9366
65.2192,-53.6856
49.3196,-63.6032
56.8806,-44.7445
51.9803,-50.4083
59.6675,-50.3350
60.5962,-44.8265
56.9218,-60.7396
51.0977,-54.7860
54.1695,-70.1817
63.3599,-50.7337
50.7783,-51.0199
50.8441,-55.8582
60.8351,-49.9442
60.0529,-58.2818
55.9631,-53.1770
54.7762,-55.9906
59.6184,-53.3242
59.6110,-44.6023
57.4366,-51.9393
56.8865,-56.5420
60.4055,-57.6709
55.5140,-58.8187
54.8449,-42.4186
39.7788,-55.6126
60.8779,-54.0676
63.0682,-54.7685
55.8123,-53.9603
50.2322,-56.2030
45.6451,-65.1267
59.0484,-54.9199
52.0983,-47.2423
52.3086,-62.4670
57.6669,-46.7648
56.8599,-67.2222
57.1505,-53.8998
47.6350,-57.9619
55.4190,-55.9681
58.6758,-37.5412
60.0557,-52.7708
60.0967,-55.1684
60.8757,-55.8702
63.4923,-42.5172
56.3243,-52.8949
43.8859,-54.3328
58.3199,-50.6342
35.7787,-61.7907
68.6267,-42.4398
51.4884,-53.3237
49.4394,-63.7009
62.1986,-63.2372
62.6902,-50.9810
51.0001,-52.6340
57.9375,-49.1427
50.1047,-63.0843
53.3133,-58.6251
53.6382,-43.4878
50.7378,-60.5997
54.1531,-44.6904
58.5446,-58.1974
56.3806,-54.0818
57.9966,-62.0896
50.8045,-52.8853
52.0278,-48.9952
47.8315,-55.1199
64.5196,-41.1188
58.8625,-44.6803
53.0037,-51.9422
49.5296,-61.1556
47.3573,-65.9330
57.4066,-57.5889
50.2272,-47.6984
46.1915,-58.6994
60.2308,-52.6251
51.3095,-66.8135
53.3692,-58.1094
50.0975,-46.0628
55.0371,-53.6005
51.6205,-51.4549
50.8095,-64.0264
56.9766,-55.4086
53.7731,-63.4362
52.9618,-59.2927
50.8556,-58.1839
42.6634,-61.4144
63.0983,-48.5780
61.1002,-30.1495
59.0560,-47.7437
46.7406,-62.0117
48.1895,-54.0550
50.4593,-57.8156
58.1698,-57.9605
52.1551,-50.3165
58.9040,-42.6511
59.0470,-53.0814
54.6879,-52.2028
50.8113,-52.1225
43.6806,-60.7159
54.7457,-49.4603
56.8663,-55.1437
59.6229,-52.1111
63.9858,-50.6862
43.2129,-51.6546
62.4167,-41.2166
53.6175,-48.8207
64.2105,-43.2643
55.9898,-44.4152
59.1693,-43.3352
52.4770,-48.7002
51.9330,-51.7523
54.0556,-58.9695
60.0387,-55.8237
53.5872,-50.7059
52.5306,-44.4207
58.0328,-58.7125
57.6229,-57.3632
46.1607,-58.3559
48.1254,-53.3064
57.2514,-41.3982
59.5555,-46.8068
51.0236,-50.3721
49.3349,-62.7944
60.9413,-50.0196
57.7663,-50.0888
56.3215,-55.7311
56.1890,-47.7746
45.7406,-50.0660
55.0451,-45.9994
49.4556,-53.7558
57.3231,-42.3788
47.9017,-59.1290
61.6456,-55.0076
55.5620,-57.3730
48.2540,-43.9585
59.3404,-60.5353
50.0793,-54.2882
50.4424,-63.3683
52.7370,-56.5510
58.5862,-41.9959
58.3431,-55.2672
48.5132,-51.2520
70.1417,-47.4220
46.9544,-59.6725
55.4549,-48.0057
56.6087,-51.5522
62.8840,-42.2456
49.0617,-61.6691
56.3047,-46.4308
48.2045,-58.0493
54.1883,-50.4902
54.0146,-51.3864
65.3367,-59.1198
51.3659,-55.8509
53.8016,-44.0830
55.1518,-62.5253
47.9343,-56.8447
57.6398,-62.0439
51.4483,-61.5137
57.2649,-47.0401
58.9764,-52.7453
49.4818,-52.1755
67.8144,-58.5305
49.4679,-66.4053
46.0236,-54.6047
46.8495,-58.1298
60.5604,-43.8878
46.4161,-53.1902
61.1790,-39.8621
51.7974,-47.4538
56.9846,-46.6745
49.8592,-55.1313
62.8502,-54.9822
46.6791,-48.8809
51.9022,-51.3239
57.9312,-56.1451
51.1469,-51.7476
53.8669,-61.9631
54.0351,-54.4431
60.9968,-43.9911
60.0066,-53.1107
46.4851,-47.0865
52.5064,-41.2694
53.2022,-52.5327
53.8189,-53.2979
45.2255,-55.2288
60.3012,-50.1616
51.2482,-58.5069
61.8709,-36.3424
50.1816,-60.8260
54.9186,-53.7683
42.8925,-61.2897
59.8247,-53.0522
45.9183,-52.1486
52.4075,-50.1630
55.9548,-60.9143
58.9859,-49.0621
54.1431,-59.6418
50.2899,-53.6188
51.0394,-50.6939
45.5798,-57.7547
47.2289,-52.2516
56.1789,-50.7318
50.1321,-58.7039
41.9047,-61.6466
47.6714,-63.7347
64.9339,-45.4127
42.4725,-58.6129
57.8045,-43.6624
46.9545,-66.9344
55.9617,-46.3292
51.6592,-53.1132
57.2816,-59.1000
44.9673,-56.2795
49.3814,-58.4852
51.9076,-60.6875
45.3186,-60.0675
50.2482,-66.7177
52.8835,-57.9200
51.5311,-57.1855
54.3684,-56.8863
64.4291,-39.2192
52.9448,-50.0229
40.3296,-52.6042
55.7978,-50.0182
50.4866,-59.0217
63.1573,-48.9789
51.4143,-51.0411
49.3479,-59.8663
34.4212,-63.3646
53.5809,-48.0130
63.3117,-43.7452
53.3306,-56.3361
57.8606,-40.1029
53.1983,-60.6657
45.6185,-58.4947
50.2963,-54.5208
56.8507,-53.1551
55.6097,-57.6381
51.3436,-61.1093
58.4166,-50.5895
58.4434,-60.9508
54.6276,-50.6784
48.5962,-34.4269
44.4773,-61.0233
39.2358,-59.4028
62.0244,-50.9992
58.3008,-52.5053
48.7375,-56.3038
50.6573,-54.2927
54.1613,-42.4372
56.5870,-52.8710
49.8148,-64.2092
47.9922,-57.5277
56.8925,-40.5095
50.1595,-61.5418
67.6606,-52.1092
50.8237,-51.9967
57.3486,-56.3581
55.2500,-59.1965
58.5603,-50.4258
52.0101,-59.2154
50.9104,-45.1842
59.5462,-50.5786
47.8715,-55.9727
45.4180,-58.5270
56.7840,-53.7109
58.6337,-47.1813
41.8464,-65.3969
46.0975,-51.7971
48.5916,-62.3237
56.4054,-58.7241
54.9757,-49.8619
60.5374,-48.6204
52.6264,-58.8871
55.9167,-50.6143
52.2622,-50.1875
57.5121,-55.0983
54.8704,-44.5604
57.8921,-39.4981
45.4233,-70.8319
62.2849,-46.0443
57.4990,-46.3663
49.8749,-55.6722
57.2664,-41.0862
48.1560,-51.2761
63.7895,-56.9907
63.7457,-56.5876
53.7171,-55.5314
48.7010,-58.5393
52.1251,-62.9482
58.5100,-48.4296
52.4360,-50.0595
61.4301,-54.8071
46.9983,-65.8017
55.8807,-51.9854
51.7189,-47.7504
48.8785,-53.7498
45.6501,-58.3832
54.0049,-49.2568
59.8070,-60.3026
61.2107,-55.5285
50.8241,-62.5158
55.6639,-54.5372
54.5175,-52.1684
59.0343,-46.8864
63.2311,-58.5928
61.6109,-55.0515
46.6139,-59.6461
52.1581,-56.0204
52.6038,-59.8148
49.6962,-57.6082
54.2930,-50.9941
66.2595,-48.0912
48.7148,-56.1394
63.3559,-39.5139
52.3955,-46.9490
56.5206,-44.1258
51.6548,-52.4039
57.7531,-50.3264
53.9991,-50.8303
64.7491,-45.1334
57.0787,-51.2803
44.5187,-58.8359
56.1728,-43.1565
60.2978,-39.2961
68.3484,-47.8417
49.9385,-58.9088
54.1426,-54.8174
59.0720,-50.7065
54.4580,-49.9926
54.4431,-59.3133
42.9411,-54.7035
49.7389,-58.0117
52.6515,-47.9801
59.2837,-34.6512
47.4115,-51.5221
53.2597,-50.3248
49.9017,-49.3363
56.7479,-51.0614
51.5626,-62.4193
62.9124,-48.5260
61.4045,-53.5209
56.1732,-51.4307
59.4364,-52.9966
44.1604,-53.9038
66.5469,-47.8269
63.8645,-56.8853
46.1974,-61.8259
49.8962,-53.3386
51.1760,-64.8331
63.7357,-48.5705
51.4040,-47.1290
62.4451,-53.2217
57.7513,-52.8710
54.0510,-53.8605
59.2563,-50.6280
55.7036,-53.0046
45.9829,-45.0489
59.1298,-38.9078
40.5026,-63.1338
58.9157,-52.7973
59.3791,-58.9156
58.4616,-54.8310
47.9793,-57.1360
39.2957,-62.9652
63.7574,-52.6709
54.7416,-46.9395
59.1580,-50.9251
50.3559,-57.7899
50.1809,-47.5755
52.8526,-46.5167
54.4079,-52.4867
41.7077,-52.2468
57.6104,-53.8543
50.8292,-62.3608
47.3949,-63.3874
57.1859,-55.7519
53.2295,-51.8257
53.4856,-59.4342
66.2403,-38.7425
58.0869,-54.3039
