-39.5577,-56.2174
-45.5751,-55.3267
-46.5011,-58.2920
-47.9996,-63.5773
-56.7300,-65.3953
-55.6363,-70.5169
-61.3739,-56.6637
-53.2553,-60.5659
-54.7252,-62.3759
-51.3974,-62.3268
-49.8031,-58.2284
-50.5858,-47.2685
-28.6923,-67.3455
-12.6468,-60.5461
-57.8294,-63.1107
-52.2237,-64.2419
-45.3275,-55.5756
-48.3247,-42.9765
-57.7600,-60.3260
-61.7078,-64.5808
-51.8247,-63.0528
-52.6476,-55.0691
-54.8781,-68.5743
-38.4733,-69.5656
-58.2553,-60.1223
-43.7853,-67.4215
-40.3867,-40.0578
-42.0951,-58.0992
-62.4922,-59.6190
-47.5171,-65.8221
-53.9463,-55.1483
-54.0273,-65.9149
-40.2113,-70.6338
-53.6314,-65.3888
-52.2334,-68.0987
-52.8760,-67.5813
-50.9147,-70.7667
-55.0456,-58.5105
-64.4617,-64.4326
-61.7913,-68.5286
-37.6547,-46.9089
-50.1505,-52.9649
-57.2761,-65.4964
46.8943,-57.8313
56.4979,-59.0930
52.4455,-61.9108
49.9584,-54.9846
40.4125,-64.3120
50.9572,-53.4960
48.4290,-58.2117
49.7682,-54.0713
49.5467,-44.9884
33.2129,-60.9177
53.8006,-55.4296
50.6763,-62.7419
55.5717,-57.1633
50.5834,-59.3042
47.8952,-50.8086
49.5210,-57.6103
49.2884,-63.1993
48.1256,-56.3522
57.1911,-48.5609
51.4089,-59.0030
51.4121,-58.8041
61.2052,-55.2874
48.2408,-62.9771
50.6133,-64.6552
39.9058,-56.0586
39.2218,-60.6739
45.2249,-64.5670
44.2838,-56.9878
54.5310,-52.8993
45.5181,-60.0057
54.2606,-56.0375
57.7875,-61.0213
52.7031,-57.1615
49.4159,-63.7197
48.0367,-50.1212
50.1752,-56.4159
56.8970,-59.9169
53.4145,-54.1868
56.0350,-60.9563
50.3111,-59.9109
45.5969,-61.4694
52.1389,-57.5474
53.1699,-62.3186
52.8072,-62.8542
24.6852,-63.1171
38.8037,-65.0424
50.3039,-60.0686
48.9872,-53.0780
60.6322,-43.7272
34.9164,-63.2367
52.5632,-59.1292
53.7203,-60.6217
55.4257,-56.4179
48.4588,-61.8624
49.2570,-51.6717
52.3322,-55.8967
54.6548,-60.3420
50.7162,-52.7150
48.8694,-58.5955
51.1813,-55.7269
49.3242,-51.9200
52.7712,-56.1494
51.4556,-60.0413
56.4389,-54.0019
46.9278,-60.8489
39.1616,-58.7518
54.3671,-61.9628
52.5842,-51.7388
40.4159,-52.0461
40.8851,-64.0845
49.2196,-57.8660
50.7554,-61.7863
56.3088,-59.6053
56.7521,-50.8788
51.2482,-42.1599
52.5983,-52.5768
52.8127,-58.3211
55.4998,-48.5617
54.9949,-59.8365
53.0651,-59.6157
50.4759,-58.1669
55.0607,-55.8130
54.0751,-56.2262
56.2643,-55.9095
39.6330,-64.3441
45.3805,-59.2961
35.6548,-66.8084
49.7062,-59.3157
55.9807,-56.3212
55.6093,-50.7190
49.1867,-58.2534
53.7740,-62.8494
43.4958,-54.5678
50.2860,-55.1006
45.6289,-52.3110
50.9074,-57.8000
55.2503,-62.3269
48.7497,-50.4090
53.2256,-63.4699
53.6248,-69.4552
54.6424,-55.9557
50.5246,-59.9403
49.8640,-52.1961
60.4213,-56.2286
55.2276,-59.7739
48.6107,-48.9745
39.3963,-67.0131
39.3957,-59.7359
57.1997,-52.7428
52.1693,-54.9150
40.7177,-59.8976
55.4595,-56.5242
48.9415,-51.4680
56.9869,-45.9852
48.2453,-47.1255
44.0185,-53.0782
50.9428,-56.9006
45.9567,-53.9588
50.6052,-56.9596
61.9762,-49.2150
48.1418,-54.9426
53.9004,-61.7540
51.7930,-56.8673
48.8424,-58.9889
56.3050,-58.4325
43.8160,-56.9665
51.9703,-59.0796
48.5941,-58.8025
40.9087,-50.4232
54.7187,-58.3498
43.8608,-65.9212
50.0320,-49.3460
58.4038,-48.1080
61.6961,-44.2640
53.7608,-43.8658
47.0445,-42.8129
50.2454,-47.7382
42.5441,-61.0626
43.2079,-54.3785
51.5835,-48.7367
47.5796,-53.9934
54.4758,-54.8999
57.0858,-59.4520
37.4178,-55.8001
51.6543,-50.7651
44.5738,-53.7599
55.7813,-48.7273
60.2911,-46.1860
43.0203,-58.7252
46.7556,-60.8273
40.6754,-61.5886
41.7587,-48.6043
55.6493,-50.4840
57.2352,-45.5911
47.4543,-45.0218
40.6001,-51.8489
46.1533,-52.9374
41.2020,-57.1465
48.3564,-57.3751
53.8418,-52.3307
51.4242,-59.7746
53.5529,-50.4593
49.2298,-56.2442
55.5986,-51.7581
45.3402,-62.4588
41.5029,-53.0430
31.5840,-68.6111
41.7383,-56.9449
40.2989,-50.4587
47.3961,-59.5526
44.9335,-63.9668
53.6998,-58.5469
54.6302,-56.0970
57.6907,-42.0893
47.9241,-48.8179
43.3304,-52.2179
50.0583,-51.8615
52.2709,-44.7938
51.6309,-61.4034
54.5394,-51.2547
50.5002,-53.6753
55.8337,-56.5386
53.9228,-58.8931
44.9119,-53.4201
50.8140,-61.7166
41.8699,-50.2657
36.2711,-59.0971
49.7210,-56.6007
37.5226,-51.4660
58.8204,-53.5809
39.9684,-63.1637
48.6771,-54.4598
50.4018,-52.2716
56.4643,-54.0284
50.4890,-46.4151
42.6738,-50.4685
48.9017,-48.6680
43.1672,-52.9942
37.8245,-50.0489
50.5141,-48.9183
43.5006,-54.1250
61.5652,-58.5707
56.3781,-60.3875
40.0172,-57.1588
56.5134,-52.4566
47.7146,-50.8339
58.1110,-48.5662
46.0909,-56.0990
42.3288,-58.9742
58.3926,-50.0378
46.7990,-62.2163
49.0462,-50.1130
55.7797,-53.2277
61.3201,-39.3427
50.9911,-52.8492
47.4342,-46.4876
44.3673,-54.8903
42.8690,-58.4821
49.5527,-52.1274
63.5430,-50.3078
51.0666,-56.2319
55.3756,-65.4868
49.4986,-57.6698
50.4140,-54.6628
50.6487,-60.9666
44.7484,-53.4846
40.0986,-59.1580
41.3218,-60.5532
43.4668,-51.0092
57.2764,-57.9914
47.1361,-63.6637
50.7855,-58.7638
47.6361,-54.4919
58.5165,-38.8610
51.4271,-45.9115
39.3069,-53.2354
42.3445,-53.3969
44.3703,-52.3568
45.2390,-60.6443
58.2162,-52.3005
53.4136,-54.9742
47.6833,-67.3320
54.7594,-57.4461
51.0319,-54.4371
50.0704,-58.2303
51.3017,-56.3119
41.2714,-60.5377
53.4523,-53.1718
38.0814,-51.8331
56.5912,-56.6915
43.9452,-61.4743
54.6971,-45.6012
57.3833,-51.1027
61.5463,-43.9262
46.5604,-46.4462
42.7173,-52.3320
47.7375,-52.9344
38.5990,-58.9630
42.4618,-48.8704
52.3454,-54.0639
43.1453,-51.3273
59.7944,-56.4606
59.2490,-55.4494
38.6498,-59.5007
54.8798,-48.9297
50.4687,-45.5243
51.5446,-57.7091
53.1454,-47.5405
44.8013,-52.5717
54.5913,-58.0505
42.9171,-62.7761
51.0165,-49.4243
60.8474,-50.4450
57.4311,-52.0019
55.9918,-47.4728
56.9120,-45.9400
48.4916,-54.3715
43.8757,-57.3561
40.8868,-48.8401
53.1709,-51.2259
50.4664,-47.5618
47.5194,-58.2603
60.2789,-50.5053
44.5967,-57.2722
60.4300,-57.5498
38.6621,-57.2090
41.4950,-58.3635
44.8141,-57.4863
45.1563,-55.0627
60.0663,-46.3983
44.1516,-63.5131
55.5360,-48.1745
41.6387,-56.6958
56.5535,-50.7681
42.1979,-54.4341
40.8843,-54.8252
40.3428,-61.1064
47.2371,-50.3128
54.5005,-60.7930
51.6600,-56.7332
56.1385,-62.8189
57.7397,-59.3531
45.7536,-62.0155
50.0663,-62.6895
50.9063,-59.3975
46.9992,-55.0932
36.5065,-64.6017
47.4564,-58.6984
53.0829,-53.0804
45.3252,-54.5006
34.3829,-69.8450
52.5701,-53.7279
47.7049,-59.1091
57.4415,-46.3019
51.2442,-49.7763
46.9317,-54.2114
42.4785,-58.6646
45.5704,-48.7780
56.1153,-59.7727
64.9786,-54.2595
63.9876,-46.1034
54.3318,-58.1761
48.3225,-55.2948
52.0900,-55.1967
59.0321,-54.0741
47.0413,-51.6836
42.2616,-62.5724
49.3925,-58.8262
43.3016,-54.6037
58.0282,-42.5477
40.1524,-68.1947
47.1329,-57.1815
46.7323,-52.2313
56.5867,-45.3108
48.3877,-48.2729
45.0580,-47.4384
51.2910,-54.5944
48.4290,-49.5834
48.6717,-60.0111
57.9144,-49.2567
61.1527,-51.9294
48.8365,-66.9873
44.2559,-53.9721
48.6363,-53.9142
58.2161,-55.0329
48.1563,-54.3486
46.3667,-59.1815
45.3838,-60.9985
46.4627,-53.8588
56.0158,-54.8346
54.1039,-60.3928
47.0742,-49.6707
52.2294,-49.2434
61.2102,-42.8541
55.2127,-49.0473
45.4583,-46.6999
51.1674,-47.6046
39.5169,-53.2946
45.9245,-54.1290
58.0146,-53.2286
48.7154,-54.5195
60.6009,-58.5331
52.0732,-54.2365
43.9670,-52.7339
52.9913,-54.5336
51.3615,-52.9542
47.8039,-61.5790
45.1094,-61.1828
43.7742,-57.0572
52.7747,-52.0187
46.7936,-63.7685
40.8092,-53.2215
54.2491,-51.2139
61.6934,-43.5618
56.0023,-56.6510
43.4754,-47.6667
51.4756,-47.2923
39.3462,-60.8593
43.0435,-51.8326
51.4592,-53.6494
48.5615,-51.7372
63.8234,-55.5260
54.4256,-56.3259
40.9044,-57.4236
53.2294,-54.4943
57.1059,-49.4343
42.0859,-58.9209
48.9257,-57.6790
45.8675,-56.4839
56.6267,-49.4997
52.2628,-60.0409
46.9566,-49.0532
56.7243,-46.8623
62.2679,-41.8604
56.5978,-43.2826
47.5580,-44.7929
49.4755,-48.7792
44.0778,-57.4937
53.6935,-48.8437
61.9128,-47.7269
50.3593,-56.2399
50.3529,-61.0003
56.0528,-51.5710
56.9966,-51.1884
61.8425,-48.6620
44.6369,-52.0495
48.4339,-61.6410
50.5339,-59.7175
45.9704,-64.7634
57.6449,-54.3146
50.2310,-59.0511
48.8840,-52.4434
41.7082,-57.5135
58.5219,-37.7842
51.5874,-49.3147
43.7595,-47.5540
48.4543,-53.8754
38.3541,-57.8047
45.2116,-60.1551
57.0230,-47.5976
52.0104,-50.8751
58.5418,-54.5181
56.3316,-55.2328
45.6437,-51.6922
58.8688,-53.4409
48.1025,-50.9481
34.2068,-57.4693
42.1492,-53.8589
49.7029,-59.6117
57.6803,-51.2196
39.5564,-63.4070
53.9201,-47.5028
52.3608,-48.6341
58.3631,-43.8872
52.7679,-52.1311
46.8323,-52.9025
52.7807,-45.4344
49.3769,-50.4563
50.2544,-57.2401
56.0090,-49.6542
54.2069,-63.0085
53.4909,-62.4615
49.0792,-55.0489
52.2803,-51.2062
55.8246,-59.5116
49.3171,-51.9238
39.3582,-65.9966
43.2946,-62.8334
48.3214,-60.2701
56.6153,-55.5806
46.3825,-55.2573
46.5766,-59.2166
44.5551,-59.4231
55.9867,-46.5964
46.3260,-53.3474
42.3598,-43.9359
45.4501,-56.3020
49.9183,-48.1874
58.4913,-57.2114
71.0182,-48.8404
60.7540,-53.0038
54.3317,-61.4043
55.9336,-54.7314
51.0414,-53.6948
58.0525,-54.3147
49.0210,-52.1470
47.6128,-64.9786
44.4595,-57.7574
54.3235,-49.3755
57.6641,-50.9568
43.9794,-62.0540
46.6864,-50.8471
53.9164,-43.1680
51.4560,-51.9768
46.0302,-53.9682
37.1442,-56.8825
49.1897,-52.2075
40.0444,-56.2002
41.1565,-62.0040
59.4994,-47.7911
58.4063,-59.6798
50.7456,-62.0896
52.3699,-55.6121
55.3510,-52.8143
57.9394,-59.1995
45.8508,-55.8398
32.0080,-60.1451
41.0945,-55.6370
46.2167,-54.7756
58.8846,-55.6080
45.1332,-61.2684
47.5389,-51.9870
57.0648,-46.3046
60.7731,-40.8087
56.9012,-41.9725
41.4080,-47.3837
51.1803,-49.9927
47.7186,-51.8266
49.6400,-62.8685
55.8721,-46.9956
59.8922,-55.3705
51.6046,-58.4651
56.9992,-55.0958
52.2965,-56.5626
66.1436,-55.1013
43.4842,-55.2216
31.4590,-70.5679
47.0518,-55.8537
48.8859,-59.0366
46.2322,-56.4367
42.6568,-64.9174
50.0077,-49.1506
57.6664,-49.2302
59.8294,-44.0574
51.0313,-50.1859
36.7527,-55.1049
48.4405,-52.2533
48.2275,-50.0690
50.5359,-58.5571
63.2237,-51.3426
49.5132,-55.9769
54.7499,-62.4294
52.4449,-58.2346
48.8537,-48.4999
56.5742,-59.8274
44.6426,-52.8341
41.3490,-69.3390
40.1870,-52.2738
45.8206,-55.3291
53.3918,-52.6403
44.7948,-56.9952
45.2931,-50.0727
55.4526,-49.7453
58.7178,-46.7312
45.7127,-47.3384
39.8442,-51.1780
51.1679,-50.3711
45.8761,-52.6015
44.4208,-58.5506
62.7141,-49.3837
50.3142,-51.4660
55.7886,-60.0441
50.7654,-58.0841
44.3424,-52.7136
54.9616,-57.7809
51.4006,-49.0171
53.1129,-54.6539
52.9476,-56.0880
49.1565,-50.8461
54.8682,-54.8731
40.3322,-59.5165
42.7812,-48.2583
55.9533,-52.5913
59.7194,-49.8838
57.8938,-49.3685
46.5325,-52.3863
54.3233,-51.0560
37.7203,-63.8266
47.0912,-55.4860
50.1812,-55.6482
43.8500,-52.1460
65.8319,-47.5366
62.4124,-51.2028
48.1220,-58.1310
53.4358,-54.2021
51.4253,-56.8928
58.5895,-54.4732
50.8357,-53.1847
44.1432,-58.2173
55.2368,-47.8365
47.8058,-56.2566
45.9230,-47.7687
59.4008,-45.0157
62.5048,-46.1376
58.2122,-49.8269
49.9270,-46.3211
47.7371,-55.0719
38.1693,-63.1421
42.6641,-60.1460
54.4729,-48.7059
45.7687,-53.2404
60.3363,-54.1547
53.9047,-53.8940
45.3961,-57.8874
50.7212,-47.0148
49.0289,-62.4276
53.4452,-47.3404
47.6469,-58.1184
48.4041,-56.6212
45.9526,-60.0490
48.9333,-57.5890
49.5105,-45.9852
60.3233,-45.5830
55.7781,-46.9500
60.2183,-48.6145
49.7934,-52.0310
50.7797,-53.4658
40.8782,-55.6886
35.3958,-56.9214
53.8182,-47.9939
47.0182,-52.1009
61.1763,-50.0340
56.3664,-54.8961
45.3540,-58.3522
55.5200,-46.5618
50.3993,-64.2152
45.3731,-54.0609
51.2293,-53.2274
46.9079,-55.5224
59.7140,-52.9477
48.8697,-60.7557
43.7617,-49.5156
58.7369,-50.2795
61.8725,-44.0727
57.0784,-49.5041
48.9387,-48.9640
55.5204,-51.6241
44.6216,-54.5490
43.8692,-54.2869
48.5239,-58.5662
39.9938,-47.2349
61.0891,-51.4450
55.6076,-56.6963
48.6000,-53.0745
43.0235,-51.2286
53.4495,-51.4157
56.8279,-49.5668
44.1560,-51.2942
56.0318,-52.9767
52.3902,-55.8045
47.0999,-59.6667
42.6337,-46.1833
56.4009,-42.1892
59.6739,-41.7320
59.9894,-45.0520
37.9816,-49.7318
46.0710,-57.0908
43.0223,-55.6629
33.2556,-58.0434
52.3479,-53.6067
40.8921,-55.2080
58.3629,-53.6430
49.7665,-52.7757
44.7843,-55.5727
54.0180,-53.6675
49.1053,-57.0999
41.6299,-58.8601
38.5336,-61.7031
55.0393,-57.5991
60.3454,-45.7999
51.2845,-57.8774
44.7127,-47.4605
55.6924,-47.7000
61.9943,-42.8013
59.7474,-57.1636
53.5376,-52.6643
56.4375,-53.1410
36.4792,-61.6638
34.1606,-48.7607
50.1137,-58.1103
50.3889,-50.9479
61.4923,-56.4928
57.3305,-54.4729
47.0244,-58.2643
48.4760,-44.3106
47.0539,-60.1347
56.3104,-44.5390
50.1910,-50.6646
45.7662,-65.6074
54.1690,-50.7114
52.2401,-52.7201
49.5911,-49.6620
56.8352,-50.8399
60.1156,-47.3185
60.5882,-57.0489
54.3110,-53.6114
54.7610,-58.1273
42.6472,-59.5334
39.4250,-46.9024
54.4291,-58.9026
51.3315,-50.7252
57.5257,-59.8091
54.1983,-55.0190
48.6931,-56.3574
53.2878,-48.0332
52.3198,-56.1082
47.2888,-51.9464
41.7475,-55.4160
57.8352,-58.6367
56.1186,-54.1157
52.7344,-51.7615
52.1400,-45.7081
60.5050,-45.3294
52.6029,-51.0001
53.9068,-60.7463
56.9423,-53.6420
58.6023,-57.2175
41.1979,-61.1090
51.2129,-54.5267
55.9707,-58.0533
52.1988,-49.5574
61.9354,-55.8066
53.6715,-57.3737
48.8576,-56.2971
44.8002,-58.7195
53.4275,-60.4833
60.9921,-47.6295
51.5604,-55.5927
57.3102,-60.8242
56.3599,-53.0359
58.1898,-49.8477
42.9609,-51.5288
58.4541,-46.5946
53.3023,-56.0347
58.6488,-58.2209
61.0456,-56.2195
59.8289,-50.9536
42.8840,-58.9720
41.0631,-48.5323
44.8100,-65.3359
57.9923,-51.1410
54.8389,-60.0069
52.3596,-53.5798
57.0323,-48.8646
53.7044,-56.3481
48.6669,-66.5313
49.5464,-53.6467
42.1641,-65.0491
58.5068,-62.7545
59.3484,-47.8669
53.9688,-57.3467
46.2079,-44.7344
60.1475,-47.0259
57.0583,-47.5398
60.9999,-60.7626
50.2572,-54.9155
52.5339,-53.9980
61.5147,-53.3048
48.3301,-52.6379
59.5994,-58.8147
66.8790,-54.4455
52.7680,-60.2621
47.4638,-51.1883
58.2304,-54.8181
65.5973,-44.8670
49.6824,-61.1704
45.7867,-55.4636
43.7741,-60.0805
58.3275,-65.6227
63.5927,-44.6718
48.3887,-61.5540
47.4292,-46.6292
52.9135,-56.1969
56.5172,-45.8200
54.5935,-62.4080
50.4811,-51.9470
54.1479,-56.7097
58.5925,-54.1906
51.0685,-53.4740
57.8654,-50.5925
61.7767,-59.8428
44.9258,-59.2783
44.6659,-50.6942
58.5262,-54.1827
50.1420,-55.1108
56.2013,-60.1735
41.0091,-59.6648
34.0288,-64.4528
60.8259,-61.2877
59.6685,-51.2215
51.2354,-60.9341
49.5393,-44.8952
61.0380,-50.3793
55.5270,-50.8737
57.0626,-63.6945
47.8253,-54.1144
54.9048,-54.2929
55.9800,-60.6516
44.9067,-52.1045
55.4006,-59.8176
50.3994,-54.9280
44.4247,-60.3378
47.3902,-54.2776
52.9387,-53.5112
57.6071,-42.7708
47.8901,-61.7640
42.7916,-63.5208
45.9674,-59.9259
59.1415,-65.7942
54.4824,-50.6770
56.5905,-59.1118
53.0264,-44.0905
48.8848,-56.9545
49.9702,-50.3694
57.5507,-65.2536
53.3223,-62.0090
62.6131,-52.0898
62.1452,-57.1335
48.9097,-49.0342
57.9264,-57.4835
55.6229,-51.7144
44.0300,-57.3250
45.4055,-52.0311
64.4263,-50.1140
56.1971,-56.4566
51.5285,-62.6085
49.9871,-59.5920
33.8531,-61.4021
58.3470,-67.8130
55.4780,-54.8565
56.3870,-49.6209
37.0987,-48.2364
56.4235,-56.0901
48.5293,-61.2756
54.0233,-64.2664
52.5974,-58.2423
62.6977,-50.4710
58.0968,-58.3730
48.0627,-48.7240
59.6034,-56.8478
50.1374,-54.7380
49.0084,-51.4645
46.5227,-58.8414
52.5714,-59.3276
55.4996,-58.9374
54.5729,-57.0563
47.8835,-54.7543
43.7434,-58.7836
58.1331,-63.0714
58.2559,-51.3650
61.6435,-46.5852
44.4154,-52.9548
53.4006,-55.9253
48.4631,-68.0561
56.8144,-54.0116
56.5094,-58.6196
57.3680,-56.5695
59.0876,-56.5477
63.0455,-46.9728
42.6685,-52.4708
35.3609,-57.3218
55.1461,-50.8031
46.7354,-63.6519
53.5035,-47.1302
50.6086,-60.0426
55.4068,-58.1017
45.2791,-55.2854
54.0618,-58.6775
50.3950,-55.8025
51.8357,-59.9057
56.7844,-47.5807
48.3090,-55.9614
54.5527,-57.8325
48.5641,-66.1091
52.0525,-49.8327
51.4021,-58.9844
53.7579,-64.1820
55.4356,-54.4368
52.6781,-55.6097
55.5542,-60.0159
47.6201,-55.8086
52.9424,-47.4027
49.8749,-58.0735
54.8319,-55.7084
52.1876,-58.0976
57.2762,-57.4617
44.4368,-58.0517
44.2265,-60.8442
54.3400,-52.3765
45.7565,-58.4003
59.4478,-49.7003
45.5730,-58.5077
53.5376,-58.5022
48.7946,-69.8497
52.8829,-51.2730
57.6565,-56.7560
58.9636,-54.8236
57.8209,-58.5130
50.8008,-49.5238
47.8363,-55.9300
45.9696,-54.8577
55.5944,-52.5439
47.2468,-61.8770
57.1239,-49.9166
38.8881,-59.9571
61.6446,-58.7716
45.1353,-55.9219
47.6412,-58.0433
50.9279,-58.4676
45.1628,-61.2381
50.5120,-46.0139
51.1521,-49.9233
49.8978,-56.7716
53.0612,-65.2503
58.8352,-51.0607
50.4618,-59.8329
57.4331,-53.5722
60.3737,-53.0325
58.9568,-46.3644
52.5840,-55.8492
35.8779,-53.9990
49.0375,-54.5680
46.8234,-63.3296
53.6235,-54.5289
46.8087,-62.9757
44.8169,-66.6082
46.0261,-58.9847
49.5571,-52.7951
52.8796,-55.9303
45.1722,-65.4450
57.4601,-47.7940
55.5475,-55.8040
53.8957,-56.3880
48.7631,-66.9234
50.2964,-51.9880
52.5538,-56.6466
56.3780,-62.0989
52.0338,-53.1559
56.6571,-53.8201
39.7624,-59.8741
44.3912,-61.2434
58.6423,-60.2971
47.6999,-60.9612
55.2800,-58.6166
36.0989,-66.8190
47.1380,-52.7402
51.3769,-60.7793
49.3057,-53.0943
57.0303,-47.9998
38.6988,-59.8113
57.6387,-55.6755
53.2435,-61.6550
48.5676,-59.5535
42.7838,-61.8089
46.7549,-56.4729
63.9111,-52.9902
62.1349,-54.0705
55.4032,-47.8548
61.7631,-61.2522
47.7163,-59.8808
51.7322,-57.5090
61.6826,-52.2725
54.8577,-54.9124
46.0894,-60.1528
41.1242,-61.9299
55.8741,-54.9236
62.3295,-53.3496
52.6479,-53.1648
52.8252,-46.3316
42.4829,-59.2123
48.1981,-58.8473
50.7638,-59.1359
52.5652,-53.4618
52.2615,-57.9619
49.2065,-42.0680
46.9944,-53.1569
52.5325,-44.6730
50.1816,-48.5795
54.5223,-59.4800
53.9002,-54.7855
47.1984,-60.8354
47.3842,-61.0621
52.7131,-61.6200
50.2197,-59.3690
43.9256,-62.5145
44.8419,-51.5635
35.8079,-64.9649
47.9708,-51.9377
46.8547,-48.9584
44.1619,-62.3118
54.9589,-57.0430
50.6848,-59.8640
54.1897,-56.8280
55.0087,-54.2352
39.7839,-49.6533
40.9657,-54.3726
50.2788,-53.2940
46.3798,-47.6532
59.8251,-59.3783
58.5638,-52.9614
48.2028,-49.6310
57.2584,-60.6539
55.5017,-55.3787
53.5199,-59.0377
50.4743,-57.7812
41.2436,-57.6652
42.4400,-66.2891
42.0068,-55.7990
49.4796,-43.1670
53.6992,-56.6173
45.0538,-59.0051
51.5827,-60.4458
46.7596,-54.7327
53.5437,-51.0968
48.0099,-45.7159
44.9515,-57.4681
52.3684,-51.4630
51.0346,-46.5449
52.0785,-56.0621
52.8153,-37.5719
54.1248,-54.1811
53.1289,-56.5599
55.0309,-55.7576
51.5512,-56.8288
48.8893,-68.4824
41.1473,-52.4157
37.1605,-64.9714
45.3418,-56.3492
46.5023,-48.9132
48.0904,-59.9488
43.1413,-61.3955
50.9822,-65.1373
43.6398,-54.6387
55.5715,-51.9006
48.7924,-48.3629
44.7570,-54.7626
48.5866,-60.6602
50.5945,-44.0341
54.2932,-62.7405
49.9448,-52.3120
44.5473,-60.4077
51.3084,-52.3279
51.2462,-57.7466
50.8290,-53.3893
51.7084,-58.2029
40.0430,-55.5467
47.1838,-67.0097
42.2462,-59.3477
46.7244,-45.6977
48.0665,-61.5694
51.7560,-62.3624
52.4786,-61.4224
53.2302,-54.0732
56.3140,-51.9608
51.3922,-45.0041
47.4199,-53.2788
53.5364,-51.9950
54.0063,-44.2356
58.9794,-61.9245
54.7058,-60.8885
51.1363,-60.6079
62.3110,-54.2361
45.5507,-59.5329
56.7799,-55.1907
41.9386,-63.4594
47.6549,-54.9063
49.6330,-63.0907
51.3832,-55.5943
41.5489,-47.0540
39.7835,-61.8186
51.3077,-61.6482
49.5461,-58.9741
57.1670,-53.7787
59.9115,-50.8452
50.5276,-47.2446
47.1610,-49.7516
44.5703,-62.0674
52.3823,-54.1625
52.3647,-63.1792
61.0628,-50.2444
49.1861,-59.4582
59.8552,-50.9989
57.6579,-58.8301
44.0688,-53.5753
49.6922,-63.1010
51.6590,-54.9055
50.3751,-54.6708
49.6626,-52.2460
41.0892,-44.8154
52.3482,-60.4870
40.9478,-63.3652
43.0792,-59.3899
44.5731,-58.1859
57.6434,-50.9281
51.2265,-51.2915
48.5966,-55.5521
53.5507,-56.0945
48.7916,-50.6480
59.6670,-58.9072
62.8223,-50.1370
47.8897,-61.3777
58.8786,-58.6875
49.7677,-53.0673
59.4468,-51.4125
54.4132,-56.3398
50.2761,-51.1836
44.9744,-58.7981
57.7535,-45.9691
46.1829,-52.2900
54.8213,-57.7366
46.2642,-63.8202
49.3492,-53.4046
45.2811,-54.2819
57.5420,-45.9261
42.8337,-48.4610
40.9845,-53.5732
50.8273,-52.6521
49.4329,-50.4876
59.4644,-59.7878
53.5704,-58.5999
51.4617,-56.2232
58.0673,-54.4653
52.9696,-56.3743
52.9266,-57.5929
44.5137,-64.8677
38.5615,-52.9694
49.4917,-57.7898
51.6085,-49.4241
41.8227,-45.1374
48.7715,-63.1304
47.9139,-58.0261
48.2043,-56.7566
51.2306,-54.1333
59.3363,-46.0177
51.6089,-43.6245
42.4600,-49.3575
54.1854,-51.2597
48.7676,-50.5843
56.7324,-53.2329
59.1317,-51.5279
49.8357,-59.5655
54.3144,-55.8021
52.1046,-57.7063
51.1884,-58.2452
49.0413,-63.0203
49.3693,-46.5992
48.8779,-56.8652
56.2997,-46.8183
37.0070,-50.0987
48.9092,-58.3797
39.6845,-60.3672
44.8565,-54.4795
46.6682,-52.2004
56.3410,-46.9610
48.4563,-46.3035
41.6909,-47.4387
50.5966,-55.1707
41.0463,-52.9884
51.0912,-62.0472
55.1054,-58.0963
49.2651,-59.2887
46.1190,-62.7017
47.6795,-55.6500
59.7825,-54.0851
50.2626,-58.6127
33.9934,-55.6542
45.0032,-63.9161
45.1632,-57.6556
49.1428,-53.4940
54.5115,-52.5320
42.4997,-64.9306
48.9577,-57.0672
51.1003,-51.8565
60.7254,-42.9968
46.3225,-49.6537
42.5929,-50.1852
48.8145,-54.9400
49.6053,-53.5117
54.3802,-60.0343
58.1525,-52.0527
47.3243,-61.0701
51.9914,-62.6214
51.2708,-53.6276
49.9111,-60.7825
53.0903,-57.9974
51.8628,-52.2027
33.5993,-68.1603
45.6597,-57.8709
41.0787,-57.6252
49.6315,-57.8988
28.1231,-68.7811
58.0865,-55.4330
44.5175,-57.3658
57.4771,-49.8904
50.4754,-50.0623
47.2271,-51.6080
49.7771,-54.0054
49.8699,-51.5970
46.5673,-59.6505
62.3846,-53.0381
51.7780,-59.8447
49.0632,-65.4554
49.3715,-61.4802
56.7142,-49.8270
55.5627,-49.0522
53.7384,-55.3850
36.8513,-64.3936
50.4379,-53.4068
40.5798,-51.5512
54.4149,-57.9581
33.5027,-69.4361
55.6366,-54.5201
48.2008,-54.7859
59.1895,-47.4612
49.7315,-47.0902
49.3451,-50.6404
47.2864,-48.3766
49.7180,-50.5931
56.2832,-56.3595
64.8426,-56.0492
53.5363,-48.0856
50.1921,-58.7734
54.3353,-57.3490
56.5536,-54.5181
60.1752,-51.4014
50.3344,-54.5266
32.4158,-62.5091
51.1630,-56.0835
44.3002,-49.7324
56.3705,-51.3904
46.5176,-65.4642
54.8565,-59.6996
46.8712,-57.6406
59.9313,-45.7429
51.7477,-46.6278
43.9732,-47.3483
42.3161,-52.7462
41.9209,-54.8987
52.8102,-52.3955
54.2748,-51.4373
50.6441,-62.4571
50.0632,-60.9746
53.6673,-59.1346
56.5143,-61.0405
56.8343,-50.0308
42.2865,-56.1228
41.1483,-65.1790
53.6311,-55.9201
40.6952,-51.0533
54.7231,-54.7622
42.6024,-68.6512
52.1558,-56.5102
46.9516,-58.2892
54.5661,-51.7081
52.7193,-47.8856
42.0414,-53.4054
50.7212,-48.1003
44.6551,-58.5474
53.7891,-49.9355
50.8220,-52.3185
38.5138,-61.0178
54.8626,-60.2749
60.5338,-57.2169
46.2920,-58.0932
59.0552,-58.5917
49.0599,-63.4236
47.7961,-55.6124
53.1687,-53.8189
42.6815,-50.0182
55.2591,-60.1943
43.5552,-62.4747
51.5431,-52.5666
55.3134,-51.3632
60.6423,-45.4810
56.0885,-46.7083
48.4071,-46.4754
47.0773,-51.4273
49.8716,-62.4595
40.8516,-53.2486
54.4890,-53.5248
52.0714,-48.2324
65.1330,-53.0441
54.9429,-54.3645
43.2797,-56.8336
53.6311,-46.9311
61.2015,-48.9449
59.9380,-52.3191
50.5239,-53.4794
48.9663,-55.5351
58.5721,-48.8173
63.5578,-53.5260
54.9764,-48.4317
59.8533,-50.2214
54.4174,-52.5300
57.7589,-53.4908
51.7478,-49.8944
52.0561,-53.6996
37.0675,-61.0193
36.6157,-51.7465
55.5198,-51.1701
57.8140,-45.5774
56.4021,-59.8750
51.6871,-57.1659
57.4149,-50.3625
52.1068,-48.7363
48.1469,-55.6291
48.1916,-57.8521
49.1843,-57.4043
35.4303,-63.2663
53.2273,-50.7800
51.5767,-59.9786
54.8110,-48.8282
47.7042,-55.7614
53.8191,-48.4004
54.6735,-47.1044
44.3483,-55.9778
47.6842,-53.1286
47.3315,-54.5905
56.0006,-53.4910
51.3770,-57.2128
53.1029,-59.2273
50.2579,-63.3435
47.8323,-58.8350
55.5127,-51.7743
54.4271,-60.4963
41.5218,-48.4676
41.0749,-58.9089
55.9294,-54.0742
44.1820,-47.6740
57.4561,-50.2234
44.3971,-66.3797
49.1592,-60.0195
50.4642,-58.1351
47.8864,-56.9227
48.1228,-44.2575
46.1949,-52.2770
45.2693,-48.3975
46.4600,-48.5676
54.1744,-57.3439
53.4988,-56.4127
47.2290,-56.2203
59.7278,-58.9428
45.5880,-57.1810
52.8482,-60.3315
50.2145,-59.7998
38.6973,-57.9556
48.1982,-66.4591
49.8632,-61.1042
50.7416,-43.2586
40.5167,-61.3300
48.8204,-61.2940
52.7700,-62.9093
50.7650,-57.2514
58.5807,-49.5365
49.2030,-46.4668
46.5976,-52.3584
47.8418,-57.8910
51.6466,-51.4801
54.8228,-64.3956
60.0980,-57.5225
40.6596,-62.1169
59.7853,-55.4359
55.0716,-63.8619
47.0521,-57.4320
50.5232,-60.9608
46.6361,-53.0564
48.4606,-59.8298
49.8087,-51.3623
40.8430,-51.3004
46.8169,-61.9776
42.9968,-64.6764
54.2532,-55.3036
51.1357,-55.0787
53.2059,-52.6110
48.3766,-45.3760
46.2006,-51.8593
48.9374,-57.7530
50.5982,-49.2994
56.6365,-57.4819
54.0198,-53.9093
52.3471,-60.4621
61.3125,-57.2927
53.5939,-63.8145
46.5539,-56.4574
52.9337,-60.2607
45.3327,-49.7188
39.9061,-65.0975
48.5123,-57.3602
47.9239,-52.8574
53.0311,-53.3214
42.4828,-60.3122
53.2283,-56.1726
48.7003,-57.6820
55.4619,-51.6857
53.1000,-44.6397
43.4638,-52.5881
48.2061,-53.8114
47.7111,-47.1824
56.0160,-54.1033
61.6926,-47.5184
58.1659,-59.1766
53.9835,-62.9702
49.3270,-53.6329
50.7983,-56.2704
55.4849,-55.8449
43.4978,-52.7077
40.5283,-64.8806
47.5683,-55.6939
51.0514,-49.7748
42.2200,-59.4819
37.0904,-63.0281
59.9976,-53.1277
45.9988,-58.5237
52.0654,-55.8998
46.6129,-52.7298
47.2704,-51.4974
39.4624,-56.7294
42.0777,-55.3159
47.8814,-52.2770
64.0978,-47.5382
55.4327,-59.1173
50.9737,-64.4226
48.9279,-60.3211
50.4410,-55.7059
55.9499,-53.1432
50.2926,-45.9230
33.3554,-63.5524
45.7822,-55.9838
42.9727,-56.3945
56.4406,-54.5893
38.0456,-66.4389
40.9440,-54.4735
49.6262,-48.5511
61.9703,-40.6563
48.1656,-45.4629
43.2441,-45.1875
46.0749,-51.8037
41.3072,-57.5323
43.6423,-59.0401
50.6893,-51.5565
43.4494,-58.7537
50.9503,-64.0859
52.3536,-60.7226
47.7761,-56.5472
48.6153,-63.8401
40.0473,-54.1256
38.9414,-62.5863
36.0475,-67.1336
42.9211,-60.5361
57.3809,-50.4854
46.7302,-61.1773
47.0484,-48.8919
45.9876,-52.4253
57.3878,-42.0518
56.0334,-55.5175
51.5986,-51.6362
55.8640,-52.8858
46.8306,-56.0181
40.9463,-55.4686
58.0863,-54.8175
49.0594,-49.9237
59.3399,-52.9687
51.8458,-54.3387
54.2434,-50.5161
60.6218,-41.8870
44.7499,-57.6297
40.3953,-59.0050
42.8283,-64.1835
51.4240,-64.0950
61.7823,-47.2668
48.1853,-59.2816
45.9265,-47.9837
56.0176,-46.3831
63.3309,-34.1737
58.1028,-54.2802
48.7817,-50.4970
49.3537,-54.6698
50.9257,-53.4335
45.4729,-59.0346
45.6197,-59.6827
50.4016,-49.3551
47.1536,-66.6312
52.2030,-51.8552
57.3426,-51.5003
53.9886,-51.6493
54.0286,-56.1601
46.9565,-57.5356
43.6387,-62.3823
55.7562,-66.7245
63.5210,-45.1675
56.6716,-58.2734
44.9666,-49.3788
57.5078,-46.9977
52.4334,-42.8923
56.8632,-58.4862
44.7605,-47.8320
50.4794,-54.8361
42.7829,-58.2137
45.4288,-54.7954
63.5152,-44.5412
54.4856,-55.4725
56.0332,-61.7609
53.6469,-49.9914
56.6824,-52.0967
54.2260,-39.3812
60.9049,-56.2874
55.6670,-55.6680
41.2665,-61.6217
58.1697,-64.4398
61.6847,-52.3381
49.8072,-56.9146
48.3766,-42.9448
62.2438,-46.6748
57.5498,-50.8514
60.4124,-58.9587
49.8376,-53.3434
56.0019,-52.4564
57.4802,-55.2432
44.2853,-54.2284
59.6668,-54.5714
56.0385,-52.8797
50.3677,-56.0749
51.3187,-51.1095
63.6609,-48.1033
61.7102,-43.8022
51.6281,-59.2144
49.4209,-63.7577
46.6165,-61.0092
57.3548,-63.8287
53.5120,-46.0914
51.9845,-61.5101
51.5502,-46.5325
40.6409,-65.5874
54.6275,-51.7925
57.8702,-63.7845
48.6455,-55.8619
56.5511,-55.5635
56.8253,-56.3176
50.3162,-45.3826
54.8672,-58.8205
61.0512,-55.1109
53.6687,-58.2551
54.5072,-51.2252
58.8916,-53.0529
56.1273,-46.8927
51.4013,-56.8961
49.2294,-61.6153
50.7077,-56.9663
59.4638,-63.4079
61.0535,-47.9896
57.2220,-53.8782
50.3377,-46.4307
36.4919,-64.6847
49.7288,-47.8508
57.2963,-62.3643
47.0700,-59.6042
63.4456,-51.2078
65.5314,-54.1319
47.5093,-53.8084
60.1156,-56.8219
61.8413,-55.1052
43.3569,-56.9011
46.1741,-54.6927
63.5027,-46.7105
55.4637,-49.1411
48.3402,-66.0204
49.4466,-59.4388
34.9334,-62.6201
58.4273,-64.3955
61.0121,-51.8892
52.2314,-56.5685
56.4418,-43.0321
50.9001,-60.2806
49.1026,-60.2134
56.5369,-63.1812
53.1020,-56.3912
59.0416,-52.6745
58.8986,-57.3095
52.8905,-46.5262
55.4112,-54.8372
45.9928,-64.1187
47.4243,-57.8836
40.8798,-54.5643
59.1409,-50.5238
54.9548,-49.6398
48.0892,-57.1968
44.8600,-61.1467
44.2226,-61.3185
56.8777,-60.6575
50.5000,-56.5194
56.3096,-56.7744
50.7828,-49.9726
50.3758,-59.6636
49.0078,-51.7454
58.4231,-60.8835
48.4962,-55.1091
53.9256,-56.6276
59.5683,-58.4377
50.9266,-54.6268
59.1648,-54.1290
43.2970,-55.2597
45.2080,-55.3071
48.1988,-54.2959
56.7628,-48.5071
55.7982,-50.8686
55.5301,-60.0273
56.5742,-55.4713
52.5910,-56.7481
49.8649,-62.4775
50.5093,-54.4653
53.2119,-52.7402
53.4174,-38.7499
48.0785,-63.5758
46.1405,-61.4299
55.6889,-67.0812
53.1363,-54.3017
53.3414,-55.2367
66.2107,-52.1159
53.5090,-52.4860
48.7108,-59.0493
55.3763,-56.4386
39.5203,-55.5594
44.2817,-55.7691
49.5293,-55.7887
58.5752,-43.9397
40.3192,-65.9300
50.6771,-58.4949
35.7548,-57.4926
49.8025,-63.6364
51.9639,-53.7136
46.1949,-63.1784
51.1343,-47.3591
47.2408,-60.3034
49.8413,-57.2566
56.9553,-63.4593
45.5571,-54.2910
51.5135,-57.5748
61.3311,-52.9669
55.7774,-51.5300
59.0831,-49.4781
43.2715,-56.8239
44.7580,-54.5063
46.9538,-54.2833
42.7815,-53.1200
62.5918,-36.8914
40.6943,-65.7204
44.0626,-64.1862
45.1550,-61.2925
54.9192,-64.9105
53.1407,-52.3719
53.6488,-52.7394
53.5283,-43.5055
54.3494,-57.3252
54.0600,-57.5421
60.7867,-63.3915
52.0706,-56.4015
58.4643,-50.7876
62.2939,-54.6184
50.9112,-51.8820
56.4293,-55.6776
53.5113,-51.6861
50.8758,-52.2592
50.7280,-51.3304
56.4978,-54.4679
55.5408,-54.4925
53.7670,-60.8320
51.3971,-59.4248
44.4437,-56.0644
58.2996,-61.3489
57.3083,-44.9334
54.2496,-62.4310
51.5291,-43.8691
42.2766,-63.6172
47.3857,-52.6941
55.0444,-62.2134
54.1711,-58.6673
60.8585,-55.0422
57.2551,-60.8649
45.4284,-51.1238
53.1329,-63.2969
51.0979,-54.9440
54.7781,-59.4585
54.2871,-53.3604
53.8461,-50.2467
56.5993,-53.3645
52.3890,-62.8340
46.9790,-56.1892
52.0864,-61.9880
61.6432,-61.9840
61.5012,-45.4646
54.3384,-55.8260
51.4379,-43.0238
56.0861,-47.5297
50.4120,-58.5134
58.9443,-61.6631
54.0872,-56.5043
61.2307,-54.2857
52.2357,-59.4843
42.3139,-56.0837
62.4737,-58.9797
64.6980,-54.8040
55.4222,-58.7523
46.0829,-55.3566
52.5547,-48.7982
64.0358,-50.2176
44.1565,-61.6936
53.1868,-54.0142
42.2011,-63.2673
54.2392,-65.8075
56.7448,-43.9902
59.0550,-61.4257
53.1995,-43.6338
56.5141,-50.1463
52.2412,-50.8118
59.3082,-61.3923
59.5655,-58.1032
60.8359,-56.5156
53.1348,-59.9006
50.3117,-44.5414
53.3100,-57.0908
47.5452,-54.6256
56.1302,-54.1001
49.9422,-59.9718
54.8122,-49.3463
45.4326,-56.7601
56.5530,-60.5206
44.6445,-55.2132
48.7301,-62.7582
59.6221,-55.4639
53.4724,-55.1273
59.0847,-37.9945
44.8968,-53.4345
64.2732,-50.4418
47.0890,-66.0950
56.1955,-59.0978
52.3671,-65.0329
62.5997,-56.0670
50.6860,-60.7839
53.4856,-45.2766
37.8988,-60.6925
43.1082,-58.1908
59.9957,-50.2882
47.8504,-59.0715
55.0466,-55.0535
49.7354,-57.0239
53.0418,-66.4012
46.5890,-59.9906
42.3856,-63.3062
58.8413,-58.9691
57.5573,-50.1666
63.4730,-43.6818
51.8200,-47.1495
61.7904,-49.9111
46.9561,-68.1256
51.9106,-60.1952
57.1041,-62.1700
60.6087,-59.4234
49.6441,-59.4264
49.7089,-45.8100
52.6477,-58.5308
46.1224,-59.9868
55.8906,-51.6307
47.3022,-53.7487
54.7880,-58.4813
54.5152,-47.5855
55.1679,-59.8937
41.3175,-60.0796
49.8217,-63.4812
44.6940,-69.7792
56.4277,-45.8057
58.4557,-64.9545
53.0757,-50.8831
44.6456,-54.2955
46.7671,-41.7565
52.5507,-64.3170
52.6974,-61.8867
61.1637,-51.2296
55.6301,-57.2042
39.0705,-56.9273
55.5919,-59.6904
62.4287,-50.1020
48.1274,-61.7435
49.8036,-53.1071
62.5158,-54.2838
52.6451,-55.2256
55.3115,-57.5462
45.4368,-57.4859
58.1567,-62.4631
57.3175,-61.2943
61.7790,-29.0765
58.9573,-61.1711
54.9493,-51.6176
38.9571,-56.5365
47.5722,-45.3342
51.3862,-63.7245
52.8013,-65.7252
61.8942,-55.5741
60.7600,-55.7911
38.7761,-61.0383
53.5156,-66.5550
57.8969,-53.5941
40.0187,-53.0547
52.1123,-52.3277
63.0206,-52.8058
54.2488,-51.6565
63.7248,-48.1867
47.5294,-60.2103
49.7051,-64.1789
61.4302,-61.2465
56.0228,-47.0860
59.8585,-48.1057
48.2043,-50.2701
53.7776,-54.6834
47.5403,-58.0574
59.0024,-64.8911
58.6599,-56.3607
58.6371,-61.3187
56.8235,-56.8673
42.5528,-57.7753
51.1562,-52.1029
42.3244,-60.3127
47.3714,-55.4152
49.0952,-59.6678
53.1732,-47.1716
43.6761,-64.3423
57.0545,-62.7957
57.5386,-53.6478
49.3794,-62.1913
55.8388,-60.7072
57.1944,-52.4465
57.3248,-54.4212
51.1476,-44.0499
63.0249,-51.1059
54.9062,-57.9941
58.2273,-54.7171
51.0265,-60.3465
59.0938,-52.8177
47.7388,-57.0197
43.9820,-53.1398
43.7026,-59.1978
36.0212,-52.2171
55.5749,-47.9761
49.2262,-56.3211
49.2824,-56.1951
50.5136,-63.9456
59.1871,-55.9156
52.1995,-53.4065
44.7287,-62.1161
58.1144,-61.6955
57.9974,-57.1037
55.9279,-37.7086
46.8525,-51.7710
66.0564,-49.5991
53.1758,-61.0094
58.9835,-57.6370
45.6073,-63.5640
57.0098,-46.6323
46.0859,-63.0539
47.4044,-52.6682
44.5375,-53.1121
34.6943,-61.4125
50.6524,-55.7918
55.7669,-57.0585
55.4369,-45.2744
45.0416,-62.9458
63.3040,-54.2503
52.7214,-47.0798
51.8417,-56.0015
61.2110,-53.2809
47.2084,-57.6466
45.5695,-45.3238
52.6463,-52.2449
62.7617,-53.1490
56.2824,-52.4704
54.5571,-49.8959
49.5807,-56.6658
51.7662,-55.6396
46.7730,-60.1753
47.6687,-57.4041
38.7379,-51.8174
41.9713,-62.0153
46.9143,-55.2535
55.8838,-55.7962
55.6964,-48.6803
43.7814,-55.6555
60.6709,-55.4577
50.4721,-54.8864
46.2809,-57.9164
60.8388,-56.8276
55.1197,-56.9228
51.3902,-41.9002
48.9248,-50.7691
66.0142,-51.6461
52.0308,-57.4677
54.8199,-55.8730
53.8012,-59.8588
50.3925,-60.3301
45.1444,-60.3372
51.2342,-47.9834
38.5237,-60.4952
47.2488,-59.5365
54.6678,-54.2711
57.6481,-57.7214
54.5281,-55.1480
50.2140,-55.7788
60.4315,-54.9283
48.8748,-52.2487
54.8192,-55.2411
61.6196,-60.9279
55.0475,-57.6767
47.2698,-44.6242
45.1029,-59.1123
62.2732,-51.5639
50.9452,-59.8464
54.6505,-47.6540
49.4060,-59.8114
50.8391,-56.5504
50.2089,-58.8788
48.2533,-54.6458
35.2844,-56.6517
40.0902,-55.5254
51.3531,-55.3161
54.8117,-55.4208
50.8571,-57.3577
44.7866,-57.9014
53.0587,-57.1954
61.3988,-43.7027
57.2701,-55.1033
59.6643,-59.7076
58.1367,-51.7284
47.5588,-43.3757
43.1939,-58.7988
64.4843,-52.2441
52.9590,-60.4235
59.0634,-50.8620
45.2319,-59.5091
51.3770,-53.0135
48.5415,-58.5447
45.6602,-56.0799
44.7919,-50.7936
34.2577,-58.1640
58.7312,-51.1812
58.7156,-54.5912
54.8074,-49.0059
57.1209,-58.1125
56.3241,-56.4784
53.1057,-45.9389
56.0380,-52.6635
59.6631,-57.0692
57.7156,-54.6215
47.0700,-44.0323
44.5640,-55.1985
62.1974,-50.8773
52.0322,-57.3843
49.3843,-50.6748
51.8844,-59.0863
53.7637,-50.3413
52.3666,-56.0393
55.6814,-50.4922
37.0573,-51.1792
37.7364,-55.6723
56.0145,-50.6903
54.4393,-57.9980
56.9227,-60.8142
46.8116,-58.9966
62.4471,-54.3927
47.7100,-49.2406
54.2375,-56.0483
59.2393,-62.1573
56.9641,-53.7023
50.9109,-45.5103
48.6915,-58.2773
67.9704,-49.9666
52.9403,-65.2997
55.1521,-51.0906
48.2383,-59.5816
48.2975,-55.2498
