-60.7002,-60.4651
-66.1391,-63.1242
-51.3726,-62.4367
-27.9733,-64.1736
-60.9993,-57.7139
-51.9443,-61.2692
-41.2280,-44.8129
-36.7386,-31.7774
-55.3160,-52.5021
-65.1203,-56.3134
-47.1580,-60.1436
-64.1893,-60.0353
-56.0681,-51.0753
-61.0677,-50.8296
-53.0675,-62.5766
-60.7723,-46.3945
-68.1749,-63.4693
-55.6770,-54.4843
-22.8936,-23.4124
-47.4653,-30.9615
-63.8314,-55.9609
-48.9551,-36.0798
-37.6053,-41.2154
-39.7966,-45.5907
-61.0474,-53.0837
-27.0111,-57.1294
-50.8377,-73.9436
-59.4993,-56.0648
-61.3949,-55.6890
-29.7478,-34.2054
-48.0654,-61.5001
-44.9405,-43.3657
-55.7771,-62.9501
-59.4328,-57.8807
-40.2931,-65.0465
-52.8958,-56.6537
-67.2459,-62.1415
-47.3852,-55.8429
-56.7121,-54.0295
-53.0674,-55.3146
-40.1504,-44.4111
-40.6875,-46.4488
-62.1695,-61.4075
-56.1408,-65.6251
-68.5503,-54.3171
-46.2365,-66.2016
-67.7185,-54.8384
-47.7149,-51.8320
-56.2711,-55.0132
-64.5502,-55.3703
-60.5142,-56.5321
-62.5552,-59.5202
-39.2381,-48.3695
-7.3268,-6.5360
25.9555,13.6491
16.2395,12.6354
43.4367,38.3421
64.1673,52.2056
61.7199,36.2095
60.6832,41.8764
62.1923,39.5243
55.4660,50.6993
40.6511,57.2826
49.5293,52.7259
36.2643,50.7496
52.8977,39.9795
45.0932,51.5481
41.6350,42.7852
28.0350,25.0700
33.4362,42.7195
30.9288,50.3017
15.7937,37.3443
35.4192,46.7311
71.3145,52.7290
42.7480,56.3307
57.7617,38.0239
64.5736,47.4290
31.6795,52.0644
25.4797,50.1306
58.2723,49.8933
52.9893,52.2661
33.6009,40.0173
18.0685,52.0392
48.5331,56.4461
55.7053,50.2098
54.9580,34.7863
43.3528,45.9843
66.6813,47.3863
68.8540,48.1373
56.5632,38.7983
30.1167,19.0576
3.1740,15.8794
0.5544,-6.2366
33.7182,37.3454
29.1382,17.2374
20.1295,13.9492
-38.2578,-26.2128
-35.3750,-32.7992
-48.4677,-61.2589
-51.5913,-50.0196
-32.7546,-47.4707
-29.9942,-25.4902
-42.3770,-49.6384
-51.2934,-59.9160
-51.6312,-60.6593
-34.4031,-43.3680
-31.2206,-19.8288
-52.0601,-34.7114
-44.3507,-29.6651
-50.8568,-57.3445
-52.1472,-53.8076
-67.5997,-50.5284
-57.5115,-45.8379
-47.2213,-60.1386
-59.1365,-59.2253
-60.2525,-62.9465
-55.5762,-62.2725
-34.2433,-60.9189
-57.6669,-60.8958
-56.9259,-39.1190
-24.5485,-37.2303
-20.9359,-25.5359
-36.9354,-22.1832
-52.0823,-52.8673
-48.3638,-52.1650
-47.0730,-56.1257
-56.9789,-71.0242
-60.0502,-56.5180
-56.6545,-59.5866
-54.0825,-64.4208
-46.9289,-48.9917
-61.1543,-52.0829
-57.8262,-61.9337
-40.6504,-62.2817
-45.5807,-60.2946
-55.4965,-73.1455
-59.8374,-62.8460
-63.7318,-52.6029
-55.7071,-56.8667
-64.6001,-39.4120
-44.4173,-38.1568
-44.8024,-55.6646
-52.5849,-32.9299
-55.9961,-46.2505
-60.1189,-59.9509
-47.0173,-55.1929
-42.2105,-64.5962
-58.7357,-50.1788
-61.8277,-63.4593
-56.7519,-52.2240
-46.5221,-61.0151
-56.0684,-58.0670
-57.0791,-65.1805
-51.0476,-51.4969
-54.1701,-60.4427
-54.5146,-69.3003
-62.3853,-60.2643
-45.8689,-57.1040
-64.0992,-56.9455
-58.3390,-41.9229
-56.4964,-60.2869
-53.2172,-61.6377
-53.2657,-57.8117
-56.7627,-57.9106
-52.0513,-65.0239
-48.6845,-67.3972
-56.5345,-58.2505
-53.6165,-58.0165
-61.4754,-61.7734
-59.1765,-57.3261
-36.5101,-43.1182
-57.4314,-55.0536
-14.1708,-27.3838
-38.6802,-56.8638
-52.2942,-64.9005
-56.3272,-67.6761
-57.5656,-56.5216
-67.5241,-44.2860
-65.1921,-56.6052
-54.1124,-55.2177
-53.5965,-67.5426
-62.5684,-65.3817
-51.3395,-63.5986
-52.0500,-61.2063
-56.9944,-32.7184
-47.6588,-69.8303
-50.3338,-66.7712
-61.3215,-48.3288
-64.6311,-50.0714
-58.8300,-49.6660
-54.3436,-53.8060
-49.9693,-48.1878
-49.9604,-47.6373
-55.4052,-42.6769
-68.6246,-52.9983
-32.3136,-46.3162
-52.0466,-42.8281
49.0289,-54.4588
63.8956,-48.3897
54.1904,-43.2598
58.5483,-52.6648
45.3778,-56.5888
49.4079,-61.1624
57.2125,-51.6250
50.2015,-54.9946
38.2385,-62.3700
42.2921,-50.2985
47.8181,-55.2594
61.0477,-49.8151
49.7558,-50.0576
52.1330,-49.3489
51.7969,-45.3943
50.9218,-55.4659
57.0678,-52.9641
41.9132,-56.3350
57.7681,-49.3668
51.0575,-54.1589
60.3130,-50.4213
60.7201,-53.4587
49.8223,-51.8085
56.6113,-46.8198
49.2550,-51.5425
49.6679,-58.3431
48.4789,-59.7580
58.9941,-35.6464
45.2030,-61.2351
48.1298,-53.0300
54.4514,-49.1436
56.3152,-53.4412
52.3308,-43.9881
37.0534,-52.4002
52.3698,-51.2056
49.3518,-54.0065
59.2250,-50.5099
51.9876,-45.1925
52.1427,-55.5310
34.7642,-65.4397
46.6102,-59.0172
64.1815,-51.2794
56.7533,-51.3194
52.4113,-55.1154
48.5378,-58.3615
46.9877,-59.0293
55.1637,-57.8351
57.9842,-36.5915
41.6798,-53.2313
39.8683,-55.9238
55.8395,-47.9425
55.1501,-52.7215
54.7656,-51.2046
47.2974,-53.5059
61.5826,-46.5405
53.2572,-52.9147
58.1452,-57.2995
58.8991,-49.3673
56.0028,-55.8237
44.4282,-62.0783
48.9811,-52.8680
60.9885,-55.8825
56.3207,-53.7330
46.8459,-54.5658
53.7070,-52.0138
55.3377,-52.1348
52.6127,-44.5642
50.7616,-44.1317
47.9903,-52.0388
48.8724,-46.4305
54.5138,-56.4985
49.5232,-52.9500
49.3409,-51.0320
51.3902,-55.6386
56.6499,-57.8841
53.5904,-51.2626
52.2478,-61.9980
53.2885,-53.3731
57.3276,-49.1196
47.8542,-59.9279
54.7461,-54.8789
55.3246,-54.8255
50.9460,-58.8583
49.7863,-52.2154
49.6998,-48.0095
61.1688,-52.7125
47.5126,-52.5312
56.7297,-45.9214
50.7431,-47.4374
46.2137,-55.0423
48.4387,-56.5537
51.9752,-51.3490
52.4452,-57.4990
51.0998,-60.1811
57.1188,-54.2322
56.1946,-51.6711
42.5632,-61.0653
51.1765,-52.1504
47.3572,-49.6022
45.1797,-67.4905
52.7396,-54.8170
52.0887,-58.5898
48.6758,-59.4070
50.5140,-58.5849
48.1689,-48.6613
58.1010,-52.4267
53.2116,-56.5287
50.1752,-52.0836
49.2670,-45.3844
63.7556,-39.3344
52.3032,-54.7569
51.5698,-53.0505
55.2108,-51.8580
51.3011,-57.7330
57.1015,-52.2135
50.3989,-50.0688
57.7510,-53.4580
55.8065,-58.0052
53.5288,-51.8937
53.6488,-56.5433
58.3364,-40.9796
51.5095,-61.4547
47.8707,-61.2774
55.2825,-53.7839
57.1096,-42.1216
63.0314,-43.7467
45.1903,-47.5923
48.4723,-56.5741
47.3295,-49.7438
56.8800,-48.6865
57.7095,-52.7109
54.3381,-48.8005
45.2667,-56.4975
36.3648,-60.2597
56.3829,-52.1079
54.3534,-50.8723
52.1451,-57.2382
61.8116,-43.4004
51.2670,-52.7509
50.3769,-59.4460
46.9234,-48.0083
59.3028,-54.9548
51.6027,-56.4035
61.7248,-50.4084
50.5511,-50.2186
63.4564,-44.7346
46.1338,-45.0064
52.7964,-47.6634
53.1270,-43.1619
51.6671,-56.0481
52.7864,-59.0041
51.4117,-53.2459
51.9730,-55.3748
46.3980,-51.8872
62.3268,-49.8089
51.6256,-47.5772
56.2413,-54.5441
58.6704,-48.3643
50.8514,-54.4471
43.7024,-58.7295
61.2762,-42.7538
57.1448,-57.7636
55.7585,-55.2503
52.3234,-57.4711
54.1599,-41.6958
61.6196,-50.6454
44.0781,-53.3718
58.9094,-54.5567
48.1619,-48.2943
53.9152,-48.9019
55.2118,-51.1377
53.9561,-55.0627
55.8222,-51.0255
45.8579,-59.2308
57.0800,-52.5455
54.3903,-48.7496
55.8241,-53.3346
49.2049,-54.0704
52.2584,-51.0323
45.1442,-65.6460
53.6462,-53.4644
58.6665,-58.6133
50.2568,-61.2926
48.3682,-57.8144
52.5311,-57.3915
58.5566,-49.9788
48.4103,-54.0969
51.2770,-55.6965
43.6413,-54.2612
50.9248,-58.1739
53.2994,-53.4216
56.0884,-50.6746
56.9113,-52.4428
52.8251,-49.4708
57.2672,-54.5289
52.1695,-48.6796
56.8777,-53.5502
48.3547,-46.3310
57.1478,-51.6720
34.5432,-65.6730
58.2886,-56.0863
61.5667,-55.1418
56.4006,-55.0155
51.2782,-53.2101
57.4542,-44.3170
58.3229,-52.5003
38.7796,-53.7105
53.7009,-40.6514
45.2399,-46.6290
49.7561,-51.0948
53.0533,-55.0269
57.4074,-50.8954
60.0544,-59.3173
50.0680,-60.9262
57.5580,-50.0376
51.7175,-48.7364
57.6955,-55.1301
52.3558,-58.4255
53.5858,-53.3111
37.2779,-64.8016
55.1359,-56.9481
50.4206,-56.8984
50.3955,-58.3468
55.1932,-56.6547
48.4715,-50.3642
64.8083,-47.8326
35.0742,-59.7784
57.3501,-41.5354
53.9905,-46.8974
53.4322,-54.1914
45.7009,-58.6422
57.5420,-50.9286
53.0299,-58.9108
52.8695,-58.6426
54.9894,-47.8696
59.3369,-44.3007
52.8055,-58.3588
50.4407,-54.6331
59.5293,-50.5833
51.8152,-56.4092
50.3016,-58.6778
52.8195,-52.3994
51.6889,-60.2356
53.9954,-52.8722
45.5347,-51.4174
60.1099,-46.3915
54.5594,-49.7427
58.9082,-37.9721
54.4435,-46.5419
55.1697,-64.1964
54.7874,-53.7848
52.7811,-51.0338
48.2727,-58.6629
54.1355,-58.4061
49.9475,-52.7144
56.6069,-48.7127
44.9715,-54.1876
54.8079,-62.9915
44.8089,-53.8616
45.5913,-53.1723
49.4126,-54.6167
46.6705,-59.4846
51.7413,-59.2299
63.8091,-46.7679
52.4943,-51.1044
61.3957,-41.6015
52.7631,-42.9207
51.7674,-51.2218
57.3991,-40.5557
55.0326,-49.6256
58.9351,-44.2692
53.5191,-46.3881
44.0326,-64.5111
44.9074,-63.5160
62.4076,-50.8795
54.3821,-47.8229
62.2668,-53.4779
59.7872,-48.2114
50.8919,-54.0188
50.1442,-61.7867
53.4378,-46.5881
59.3390,-55.8377
62.8521,-48.6669
56.7817,-45.2554
52.8852,-51.6836
58.6977,-42.7367
46.0081,-44.6434
51.9947,-52.8200
57.0249,-40.4390
52.0421,-52.9078
53.4232,-49.2477
53.4270,-44.9225
62.5675,-54.2458
58.5683,-40.7038
55.2406,-56.1013
56.1434,-47.5609
57.5481,-57.0171
53.2139,-49.7280
53.1477,-48.3117
46.1771,-59.0895
50.8171,-51.1709
48.7059,-56.4858
51.2156,-58.7828
49.9516,-56.5070
48.7721,-58.0607
57.9689,-51.8577
46.7958,-49.8105
56.5045,-40.7241
50.5442,-49.7834
55.1395,-37.4658
53.1649,-51.8997
46.1264,-54.7182
54.0135,-59.1862
39.5509,-53.1176
57.8438,-54.7782
52.1756,-49.7944
55.5333,-59.1776
47.3669,-53.9594
39.8767,-49.8468
39.6681,-64.3954
39.3703,-61.4367
55.4383,-56.1743
45.3783,-63.2073
52.6002,-54.5953
55.0053,-40.1953
60.8118,-49.5376
40.5223,-55.2289
55.9904,-41.0453
52.9956,-50.3671
45.5311,-56.4424
52.6182,-53.7760
59.6728,-47.6930
54.1322,-55.6813
53.3805,-56.6086
54.0571,-51.4153
58.9572,-46.9851
53.3128,-55.5319
51.3001,-57.3889
56.7840,-48.9641
29.1951,-62.2664
57.3161,-53.2042
55.8557,-55.8914
50.3680,-52.1679
49.0966,-49.9295
49.8506,-52.4326
44.5140,-56.2541
45.7128,-59.3158
62.3987,-41.5168
49.0766,-60.4048
45.4508,-54.3570
46.2591,-52.7730
49.9466,-50.5328
47.3626,-55.7366
54.6372,-45.4476
60.9836,-48.4819
52.3938,-50.0705
54.5263,-62.3948
41.6573,-47.7169
56.7545,-51.5890
42.9514,-53.1866
58.5360,-56.3140
58.5354,-52.4568
55.1382,-48.8342
49.7295,-54.9671
52.0246,-50.7785
63.9348,-56.5186
33.8619,-51.2265
57.6995,-38.7731
45.9500,-55.6432
45.8167,-54.0098
53.9809,-51.7961
45.7865,-53.6051
38.1954,-60.9413
41.0697,-58.7982
54.1286,-53.2457
54.0474,-48.8670
58.6036,-53.1890
43.8530,-55.7362
56.1694,-47.9319
36.8982,-59.0730
65.3520,-48.3767
58.0461,-54.4408
53.8642,-55.7914
50.6671,-51.7589
49.4965,-45.3328
65.1191,-44.4977
48.1391,-46.3757
57.3806,-46.3993
51.2819,-50.2314
57.5693,-50.5333
46.5704,-56.6430
59.7683,-43.8854
54.3822,-57.6270
51.9647,-63.3731
61.8070,-50.0424
44.9082,-50.8861
55.2696,-57.7518
63.5085,-46.2732
49.6497,-53.0590
56.2507,-57.0557
62.5850,-55.1266
56.1651,-57.3897
50.1189,-59.7658
58.8382,-46.2562
52.6624,-48.3316
67.2177,-42.8063
49.9565,-52.5291
51.8889,-43.7933
60.6174,-44.0274
66.7487,-53.7807
56.9900,-50.0250
53.9638,-47.1368
56.1008,-57.0824
62.5994,-52.9597
52.9632,-53.2051
52.7514,-48.7699
55.4462,-61.4987
61.1388,-48.4910
47.9629,-50.4103
62.4407,-46.2797
57.4706,-57.0638
53.5577,-56.1522
54.4321,-54.4816
52.9509,-46.5409
57.6306,-41.9063
58.9749,-50.2166
54.1594,-54.8872
52.1635,-55.6302
53.8480,-50.6774
59.8311,-54.9056
57.2303,-53.6120
52.3121,-49.5542
54.1945,-56.4933
51.1287,-52.1697
61.0176,-50.0924
57.2169,-47.2552
47.1136,-60.4014
53.4852,-57.2240
45.7667,-49.0875
63.4381,-37.0782
56.7803,-51.2381
53.7683,-53.8623
50.3212,-56.7787
63.2628,-43.5486
58.8002,-51.8384
58.9335,-43.7022
45.7934,-48.4855
51.7920,-60.1686
60.8494,-44.1139
61.3354,-56.6780
50.6253,-55.1038
43.7306,-56.7921
48.6218,-51.1817
52.8729,-58.7996
59.5267,-54.3047
53.8570,-52.6034
45.2315,-56.2739
52.2406,-59.5462
42.0746,-54.7192
68.5037,-47.0103
50.1115,-53.5061
67.4844,-48.8553
55.3908,-46.5160
48.4189,-56.6927
62.8019,-57.1674
60.5852,-39.3891
58.4183,-55.0104
49.4370,-56.9495
44.3562,-54.2028
56.5375,-52.4507
61.6859,-53.8205
44.6952,-63.8309
49.0806,-46.2652
48.7921,-60.0665
55.2565,-62.5281
48.7631,-58.7430
57.9267,-53.5251
58.8654,-45.4534
59.8115,-51.8538
62.0871,-52.9913
47.6386,-48.2726
51.0125,-53.9598
58.8510,-47.7503
48.0549,-48.5351
62.8470,-46.9130
55.9454,-44.2158
38.5006,-59.8809
39.2204,-66.2403
49.2689,-52.3814
58.1300,-53.9167
58.4633,-49.6895
37.2271,-54.2134
49.8251,-54.3876
52.9502,-54.3363
54.2653,-52.0934
45.1186,-59.5780
50.7846,-51.0184
59.8832,-50.2059
48.0571,-50.6410
60.0914,-41.6120
60.6906,-46.4194
56.5705,-46.0976
56.3282,-50.3366
49.5281,-48.8025
60.3863,-46.9145
59.6442,-54.4065
53.9348,-49.8664
49.4527,-57.7189
53.2393,-56.3931
59.3892,-57.9414
49.8071,-58.9004
37.9287,-62.0644
50.4453,-45.0866
39.4095,-58.9743
55.2653,-53.0261
49.1193,-56.3008
63.4693,-56.4760
50.5437,-55.3237
46.6742,-58.0731
61.0456,-39.4218
58.6110,-50.9108
65.6215,-41.7483
52.9509,-43.6848
51.1007,-58.4123
63.9263,-41.1095
60.4558,-49.8411
52.7215,-53.4151
58.4689,-59.9384
50.9417,-57.4671
54.9219,-54.8124
47.9690,-51.5097
45.8566,-58.0570
58.7683,-31.8726
42.8298,-47.0950
57.1411,-50.3205
50.8555,-57.4932
59.1620,-50.2550
49.8238,-64.0478
47.0193,-58.3935
60.9867,-40.5401
51.5635,-55.6370
54.5348,-43.5333
60.5098,-49.2810
48.8776,-46.6931
62.6280,-49.1237
47.3344,-48.5919
61.0620,-57.8933
52.8606,-53.4260
49.0640,-47.9748
50.0324,-52.9924
51.7365,-56.6108
45.6649,-60.1663
62.2180,-44.7303
51.4720,-51.7514
52.1972,-46.7949
48.8438,-60.2555
56.2647,-56.1396
55.1605,-46.8768
49.5983,-59.3572
57.7575,-48.5767
52.4553,-43.4430
58.2803,-47.7267
63.3528,-46.5645
52.0190,-50.3700
43.7445,-63.1002
50.7992,-63.3473
45.6337,-52.5342
52.7866,-56.9307
48.3763,-62.3342
45.7470,-55.7203
50.7454,-57.8562
45.7644,-59.1005
53.5111,-53.8556
59.3627,-46.9812
57.9507,-56.5092
45.4956,-58.1848
58.0891,-51.1596
51.9526,-51.7532
50.5449,-48.9992
65.3205,-39.6355
52.4536,-52.9760
64.7102,-51.9880
49.4859,-49.6116
52.5170,-49.4393
52.0035,-51.2137
56.6844,-52.6425
53.6335,-54.1967
61.5006,-51.4066
48.9446,-63.1137
53.2950,-56.8266
57.4570,-59.8447
42.8217,-54.6953
64.2535,-49.3590
53.1081,-54.8140
53.5751,-59.9150
50.1833,-59.3841
59.5977,-45.8300
50.9663,-45.8203
57.4362,-52.7204
59.7905,-45.3521
45.9009,-59.2580
63.2678,-52.9215
56.8842,-42.7556
55.9414,-45.4379
59.3280,-49.5476
65.2226,-49.4568
56.3526,-53.9711
62.1524,-47.4141
50.4061,-57.8280
40.0303,-54.8375
60.7986,-50.2131
55.3277,-53.0335
54.2131,-66.3271
53.6344,-51.2479
57.6891,-50.8293
55.7293,-57.4210
45.5433,-58.0114
46.9048,-53.0211
58.9739,-56.3300
50.9853,-55.6949
49.2635,-55.0451
57.3508,-54.9777
58.0262,-49.5639
53.8171,-44.8321
50.3902,-60.1935
61.3806,-56.4865
39.2978,-61.4379
48.1514,-57.0784
53.0171,-50.1893
36.9200,-54.7642
60.1494,-50.5492
59.2542,-49.3575
58.7116,-56.9717
60.2409,-48.5662
56.1340,-50.1485
57.2605,-52.3159
41.8368,-57.2230
46.5510,-55.4546
61.7122,-58.5408
39.6704,-65.1582
50.3494,-56.3207
46.9273,-54.5792
55.9812,-56.2530
55.9751,-52.1498
48.7829,-51.2013
57.2931,-53.7560
37.9874,-55.8411
55.0179,-35.5162
52.2489,-49.6488
48.7966,-48.7016
51.5433,-56.0693
54.3694,-55.9698
57.3822,-60.4609
59.1851,-50.2223
58.5929,-51.3874
61.5741,-52.7631
37.8942,-58.5823
52.0605,-53.0060
58.9286,-53.9675
43.0516,-58.9615
43.0190,-53.1652
49.4613,-53.7820
57.2337,-52.4932
53.6228,-54.9511
44.3142,-61.4596
49.4794,-61.6186
50.4437,-53.9539
53.2630,-54.3929
55.4438,-55.4980
37.5958,-57.3745
58.9966,-54.8014
50.3509,-56.7980
57.4748,-60.0226
55.1488,-50.9620
57.2952,-62.1397
54.3790,-57.3945
51.9720,-58.0726
47.6229,-58.4111
62.4686,-50.4046
63.2398,-51.3697
48.5473,-60.6105
60.0122,-47.4782
58.6111,-43.0163
47.9037,-48.1459
60.1754,-54.6254
55.8284,-46.9849
57.3835,-46.3552
56.9897,-54.5631
54.2843,-57.4769
41.5919,-58.1566
56.1804,-54.6979
47.2956,-60.4549
63.2250,-43.7324
64.9712,-43.8221
52.1445,-64.2178
55.5703,-56.8917
54.3640,-51.5647
56.9521,-47.3642
60.6820,-52.6888
56.8779,-51.4090
43.2122,-51.7760
62.0483,-55.3097
53.5623,-47.0269
44.7892,-53.3950
57.0109,-55.3437
55.7959,-51.3133
43.7100,-68.4093
57.7536,-50.3070
48.7078,-61.3666
43.7979,-50.6284
50.8092,-53.2852
49.7108,-47.3443
43.7360,-53.7152
63.9437,-43.9784
54.3417,-58.9771
60.9755,-50.9460
41.0741,-55.4514
44.5308,-60.4286
68.0959,-47.4315
50.8262,-50.2606
50.4017,-52.4234
64.4595,-46.3906
56.2308,-51.3418
50.3353,-53.8735
57.0053,-51.1628
50.7666,-58.7203
57.2333,-53.1304
53.4409,-53.2134
54.7237,-57.5048
44.2479,-53.0136
53.9075,-53.7039
49.5714,-44.2979
46.9853,-55.5269
53.4870,-52.4903
53.3214,-54.8176
49.8942,-55.1196
47.8830,-54.5409
49.4328,-47.4720
56.1004,-52.1258
49.3716,-54.4704
58.5681,-45.5586
54.2142,-58.2960
51.5323,-50.7194
43.6225,-54.2013
58.6319,-56.5734
50.6337,-59.1687
54.1771,-48.8896
57.8032,-45.2247
47.9424,-62.8669
42.7293,-56.2415
52.8430,-55.0744
44.2880,-55.1854
58.3641,-41.5704
60.5044,-50.1708
50.2683,-64.9826
58.7130,-52.6143
54.7740,-56.0930
54.8445,-52.7778
52.2480,-56.7032
63.3196,-44.7004
43.8350,-49.3734
51.5851,-56.4766
50.4518,-55.1126
47.2700,-53.5128
59.6726,-56.8645
48.5562,-58.8822
61.0728,-44.4674
50.0306,-58.3986
47.5234,-60.1158
46.2864,-58.7394
60.8288,-46.0690
49.3118,-55.1196
60.7573,-57.5872
53.7942,-52.9914
51.3227,-57.3358
61.2634,-50.9396
46.9583,-58.6971
51.1706,-61.2767
55.8819,-58.9439
41.7393,-60.1219
46.9492,-47.3738
60.2034,-54.2139
57.1112,-52.6882
55.1940,-56.6798
54.9724,-59.6823
43.4000,-64.7893
55.1305,-55.2999
49.4266,-50.3670
50.2772,-51.9320
49.8478,-52.2397
50.4884,-58.5961
55.6931,-52.7570
59.6954,-58.4684
63.3838,-40.1725
50.7060,-54.2219
67.3329,-49.4755
42.8116,-55.3839
53.2815,-51.4029
62.6670,-52.8955
45.7437,-57.8236
38.9710,-54.6484
57.5219,-53.7855
66.5680,-48.3744
60.8738,-50.2455
44.5324,-58.6902
35.3075,-67.8817
54.8124,-60.8107
54.6607,-52.0442
55.2226,-51.6328
39.3409,-49.3487
49.4141,-53.6133
60.2012,-37.4834
56.0668,-57.6959
53.0909,-57.1420
55.9142,-43.5920
67.4004,-45.0667
35.5965,-52.2918
53.0828,-54.5827
58.5465,-58.6839
42.2864,-60.5985
40.4671,-63.2875
56.6836,-52.9916
62.2030,-52.8926
42.9451,-53.9293
59.0238,-55.2825
41.8782,-61.4189
46.5845,-55.7847
36.3768,-58.8797
49.0718,-47.8347
50.8636,-44.0838
53.3883,-52.1146
57.9659,-55.6424
55.3243,-57.3165
53.0716,-49.4932
53.6928,-57.5983
62.3067,-52.7579
52.3933,-50.1208
56.2777,-49.2734
63.1210,-61.0541
61.6270,-55.8586
48.8235,-64.4485
59.4110,-50.8528
63.4686,-40.6602
49.4319,-51.4066
60.9951,-57.4140
55.0415,-50.5576
44.1494,-61.3715
47.6073,-56.3570
53.7385,-52.1897
44.8131,-63.9847
61.5356,-60.1764
40.0413,-56.7753
42.6077,-55.3634
57.8859,-47.6968
58.8106,-57.3914
48.9292,-62.7233
50.9380,-52.6716
49.0558,-58.9510
59.2554,-53.3537
67.0744,-43.4300
57.2933,-61.8840
62.0422,-56.0250
55.5639,-45.6498
48.2515,-48.2264
62.5836,-51.9118
56.8552,-47.3552
45.7089,-55.8720
53.0661,-54.7302
49.0054,-55.7070
55.8796,-43.7907
60.9649,-53.2353
36.7842,-64.9571
53.3287,-47.2745
45.6194,-51.5829
60.9849,-63.0746
53.6282,-58.6900
53.3397,-54.0250
50.3348,-58.7437
55.6062,-46.9575
65.5653,-43.9887
53.6824,-45.5198
57.0450,-51.1406
52.3170,-50.3912
51.6090,-41.7818
65.0109,-42.8717
57.2057,-47.6185
62.9645,-41.3467
56.1896,-58.2318
47.2834,-50.0985
53.1960,-48.4802
55.3436,-56.9219
56.5434,-64.5311
63.6820,-57.1467
56.4248,-54.4270
53.8905,-67.7196
56.6754,-55.9146
52.6035,-55.1885
45.8169,-59.1547
56.7825,-57.0089
63.1813,-53.9771
46.4344,-55.2581
65.0470,-48.2012
56.1737,-48.8112
52.9719,-44.9716
60.0866,-58.7990
56.0462,-53.1812
47.8993,-57.6184
53.5135,-57.5736
47.2682,-54.8653
48.8539,-52.5118
60.9701,-49.4955
43.1820,-60.2732
58.1335,-56.8569
56.7336,-54.7013
56.7103,-62.9438
60.4216,-53.8040
52.2478,-56.1240
56.4088,-50.5366
54.8804,-54.5050
61.3925,-46.2273
50.5700,-58.1749
64.2939,-55.5566
56.8921,-44.0272
58.0126,-44.4000
61.7408,-45.2812
54.8692,-52.3113
50.5661,-58.1820
52.5477,-59.2800
56.2715,-47.6265
53.9458,-57.7881
55.0710,-49.5457
41.6915,-56.6837
49.0789,-54.4284
56.7662,-48.4769
56.3498,-64.3097
54.7204,-52.7499
62.4348,-57.7438
50.4027,-50.3624
51.3613,-47.1936
56.1263,-43.5538
45.5819,-55.0569
56.4751,-57.9684
54.8375,-51.3085
54.5311,-46.5163
58.3987,-49.6890
62.2950,-45.2404
51.7354,-48.7589
54.0099,-48.1337
54.3161,-48.4927
56.3426,-56.8167
62.4167,-54.0082
39.4812,-56.6855
55.7370,-56.0941
54.6883,-55.7249
59.4135,-62.0287
57.0587,-43.1016
59.6293,-59.7615
54.0059,-49.4085
52.8437,-46.1244
66.2843,-50.5317
43.8054,-63.5319
63.1461,-52.0557
53.4132,-49.0021
50.9204,-47.1960
60.4658,-49.5594
56.2590,-40.6202
46.6835,-49.8768
49.5216,-58.3356
48.0883,-53.4601
51.6023,-59.7366
53.4268,-57.1534
42.2754,-56.3284
53.5123,-53.0293
46.7450,-60.4367
62.7438,-58.7577
49.0155,-53.6674
48.6592,-59.4140
52.6631,-54.9332
48.6314,-53.0586
60.8053,-52.5177
39.8961,-59.1983
57.4520,-55.0435
57.3491,-51.5656
55.5757,-48.1652
57.6973,-48.7684
61.1664,-38.2016
55.2502,-45.7589
52.7567,-50.4507
50.7443,-49.9509
64.5717,-44.3100
54.4361,-49.2724
42.0478,-59.3513
45.2306,-55.2711
53.5738,-56.2305
65.9811,-55.7159
50.1476,-50.6235
62.0613,-54.4319
57.5032,-48.0205
50.0188,-49.7105
47.1484,-63.8745
54.9368,-57.8738
63.4918,-50.4958
51.9306,-51.6799
53.9625,-51.9611
58.9438,-45.2272
54.8153,-45.2810
56.8468,-49.9939
53.8775,-52.1626
50.7515,-50.9298
57.0508,-52.3086
54.9852,-51.4451
46.3990,-57.3057
40.9201,-63.9321
56.3399,-55.9492
59.6858,-56.5277
55.6146,-48.0276
58.4753,-54.0596
53.8932,-54.0041
46.6478,-55.2456
56.9167,-58.1215
37.3451,-54.9237
56.8023,-59.9378
56.2374,-52.0446
45.8083,-54.8698
53.9518,-49.0559
57.8260,-41.4310
45.7864,-48.2513
56.8528,-49.2918
54.2190,-42.1309
60.6067,-46.3015
51.0223,-53.8214
58.6733,-39.9244
53.5639,-53.3899
59.1828,-50.2803
54.0608,-56.8864
57.7455,-45.0899
49.8285,-56.3693
51.8713,-47.1881
43.1462,-56.6698
61.6010,-47.9398
53.7306,-50.7259
57.3343,-58.0780
53.3959,-48.4293
48.2401,-44.1443
58.9645,-45.7511
62.0291,-41.9336
46.0288,-58.9351
55.0122,-46.1094
55.1962,-56.3190
53.7745,-57.4505
59.2075,-52.7168
49.2529,-56.2301
49.4874,-54.9161
49.5905,-56.1513
63.4820,-55.5522
46.3219,-50.8555
49.2825,-59.3976
65.8428,-48.1854
52.7754,-48.3631
62.1249,-44.2645
62.8547,-49.7847
64.8263,-57.0002
47.4384,-51.9235
46.5861,-45.4441
58.7348,-55.9483
52.8739,-47.8459
50.8596,-54.7520
52.3801,-55.7407
52.5365,-48.4425
58.9261,-51.1282
57.6521,-52.0669
43.3699,-60.1033
48.8749,-50.8058
59.6026,-54.3826
59.4863,-57.6200
52.6297,-51.0837
59.8776,-56.5075
52.2903,-46.3160
48.0521,-47.8649
63.4608,-49.0110
55.9468,-45.4470
59.2281,-49.6554
55.5075,-51.8422
65.0626,-38.3208
57.0956,-49.8125
62.3798,-36.2958
45.8682,-55.6346
58.8701,-50.6410
69.1562,-42.1722
70.5333,-49.5140
51.3139,-48.8782
52.2377,-40.7959
49.5160,-51.0603
48.9105,-48.0665
49.7042,-54.6257
59.8404,-47.3341
50.8505,-54.3467
55.4625,-51.6298
49.2725,-46.7230
46.5187,-59.6654
56.5387,-53.0100
47.4207,-52.1223
51.7281,-55.8458
60.5484,-39.7284
52.6835,-48.7575
58.0501,-41.9393
54.1517,-46.7285
58.6405,-52.4456
65.4208,-41.9795
63.7657,-54.8624
52.3293,-58.9299
39.5459,-57.2508
42.9481,-54.0083
51.1036,-57.9747
54.1012,-46.7091
55.0346,-49.8654
54.8808,-55.6420
60.0653,-48.0496
41.6989,-52.3610
62.8271,-41.9643
36.7493,-58.8259
57.2366,-46.2263
56.2609,-52.9417
47.5739,-52.2528
61.2903,-49.3694
52.7642,-50.3976
51.0125,-47.2091
58.7773,-57.9380
46.5845,-51.8724
51.3381,-55.7719
58.1244,-49.4851
41.1581,-69.3090
57.7233,-50.6461
52.0352,-58.1521
58.5666,-59.9746
55.7407,-57.0672
60.7775,-57.1737
52.1634,-52.5554
59.3313,-52.7965
62.1595,-48.4682
39.3777,-57.1054
51.0876,-50.3642
60.4456,-43.1290
48.8110,-51.4549
61.7820,-48.0303
56.6403,-49.5778
54.9872,-45.5788
54.2482,-48.9838
49.9559,-52.8790
61.6587,-53.3989
51.6233,-57.8284
41.6501,-57.8081
36.8502,-56.5766
44.9683,-48.1071
57.9494,-58.0462
51.4367,-58.8878
53.7477,-51.3029
47.4995,-54.1374
55.3343,-54.8894
61.2927,-41.9912
45.3127,-50.0880
62.7728,-46.5225
59.3025,-44.2761
44.3594,-50.3519
61.0933,-46.8923
53.9716,-51.4121
52.2808,-57.9748
51.6353,-59.5806
54.0506,-57.8937
54.0745,-55.1544
58.6773,-61.8452
43.7952,-59.1347
57.0362,-44.8947
53.6514,-49.9348
47.0949,-60.1847
51.3772,-57.6597
51.1828,-48.8276
57.5691,-54.2010
61.6682,-49.9269
58.4534,-49.8036
42.1368,-52.1727
66.6184,-46.5356
57.2425,-45.3883
53.3831,-47.1622
57.1621,-57.7605
50.2053,-54.5635
44.6973,-59.8650
53.7090,-51.9818
47.1920,-63.7355
45.3151,-58.9066
62.6348,-51.7393
48.7344,-51.7186
52.4961,-62.0695
58.7666,-55.6018
50.8718,-63.3527
54.6434,-57.4241
48.1415,-59.2726
45.0242,-49.5935
62.2250,-47.4685
56.4657,-52.3309
45.0256,-53.8583
66.3989,-46.9050
51.1775,-49.0577
58.5725,-52.5186
39.2718,-62.6593
52.4855,-54.8766
51.5064,-61.4299
58.8658,-47.8473
53.6247,-56.5491
48.3512,-45.2802
61.9365,-57.1645
43.2252,-50.0900
56.3631,-63.2559
63.8116,-54.7044
54.6882,-63.2202
48.2470,-48.9604
50.2931,-59.6244
59.4820,-43.4424
62.2045,-48.9011
56.5658,-52.2843
55.6368,-61.3951
58.0898,-54.7985
56.8717,-52.8452
48.4588,-56.1404
46.7142,-62.4205
49.9686,-57.6851
51.1547,-55.1091
59.9464,-51.6881
55.5761,-58.6030
48.2586,-55.3692
53.5403,-55.2111
41.2162,-54.5449
53.1990,-58.2189
55.3862,-48.6024
56.4407,-60.4518
57.2894,-54.4970
55.9309,-49.4640
46.7659,-49.0161
64.8547,-48.4027
53.8420,-55.8782
46.4119,-56.2737
58.3157,-53.7240
51.6710,-51.7158
44.0092,-53.1981
55.3631,-60.5934
46.9149,-55.1693
58.6171,-59.1894
52.2061,-46.1839
50.5147,-58.5753
39.6620,-58.8394
45.6119,-54.3789
52.0658,-54.4632
61.9695,-49.1771
56.8628,-44.4436
59.9881,-52.3311
58.5811,-52.4007
38.3711,-54.7685
51.8229,-53.0848
64.1140,-51.4848
45.8673,-60.6193
49.6595,-57.4847
49.5273,-53.5183
55.8819,-51.2413
61.0558,-54.5954
44.1934,-57.4234
51.2636,-58.7640
53.2488,-62.7190
48.0122,-46.7068
49.0350,-55.4197
40.4555,-54.7955
54.8257,-51.8318
58.2348,-53.5740
47.9951,-55.5304
57.9843,-50.9610
61.2638,-44.6207
58.7541,-52.7928
46.3897,-54.9603
46.5223,-53.1886
56.7254,-61.1860
45.3216,-55.7344
44.9895,-52.2245
58.6222,-51.9303
58.6469,-50.1989
51.3203,-47.0098
43.8728,-58.5619
46.3020,-62.5844
55.4018,-53.6542
58.9545,-46.4589
57.5405,-50.8428
42.5178,-49.0000
51.4994,-52.8049
56.2752,-51.3541
56.9629,-51.5470
55.4014,-50.1440
47.9222,-59.9102
65.2940,-48.2551
33.2755,-60.7367
46.5322,-53.4211
47.3006,-48.2198
44.9995,-51.6401
55.1617,-53.9817
53.7186,-53.5932
45.7716,-58.6097
60.6263,-48.8051
48.5087,-43.3068
57.7161,-54.5610
51.2560,-55.4236
58.4734,-50.1983
59.5919,-41.8187
53.6906,-55.8173
56.5243,-50.6297
53.0681,-43.9797
47.5233,-60.8985
55.6020,-51.7591
58.3515,-47.2389
55.0625,-47.9462
53.2317,-60.3533
51.6250,-55.6225
50.2221,-43.1344
43.1996,-61.6392
54.6638,-46.1162
52.5302,-59.0915
50.3044,-61.9930
58.2761,-43.2462
48.0261,-52.4467
54.6941,-53.4107
40.5853,-61.9804
58.2803,-45.4357
57.0566,-43.7876
49.5201,-56.7641
54.0785,-54.4346
49.2766,-47.7561
52.6479,-63.0071
56.6482,-55.0043
57.0659,-53.7511
53.6977,-50.2756
49.8820,-60.8700
56.4825,-56.4518
49.9487,-48.8120
56.4822,-59.8682
62.9150,-50.3271
56.3218,-55.1460
51.6459,-57.0201
54.5373,-41.5815
49.1121,-46.5188
64.3303,-49.6231
38.9123,-60.5796
56.8788,-42.4403
55.3244,-43.6272
59.5774,-46.8483
56.6354,-46.2985
56.4156,-47.6498
57.6995,-55.1335
55.1541,-51.4357
52.6023,-52.2799
55.0385,-47.8519
48.7920,-57.6723
55.4046,-52.4254
47.1026,-52.6740
49.6162,-52.1305
54.6012,-49.2108
48.7721,-55.2842
53.4000,-48.4881
63.6129,-39.8806
52.2182,-45.3124
65.5258,-47.8152
38.9653,-58.9026
52.7672,-54.3267
60.8024,-46.1973
66.2387,-51.9890
54.4473,-50.4648
50.9223,-49.9953
49.5864,-59.1394
63.4326,-52.1584
60.4367,-51.0976
50.9033,-52.1910
54.4806,-60.4105
60.1367,-55.1606
38.9951,-54.5054
63.3115,-40.8729
52.4616,-47.1737
49.2367,-54.9458
55.8196,-53.5574
55.2657,-46.3959
58.1214,-40.0163
57.4621,-43.0345
44.6340,-60.7143
51.3635,-61.3531
50.1195,-58.4634
57.8138,-55.0685
56.3543,-58.3154
36.1046,-58.3596
56.5955,-54.0808
61.1755,-49.0223
63.1271,-61.2371
49.8019,-56.8117
51.5363,-54.7953
55.1225,-52.9881
47.8114,-60.6593
66.5199,-44.9554
55.6354,-48.4069
61.4898,-52.0265
58.8517,-45.9375
54.1255,-40.5912
63.7804,-49.1554
57.8937,-48.4016
45.7016,-56.2494
54.7021,-54.2425
47.1609,-52.8343
58.1450,-46.5988
56.2602,-58.8567
47.7522,-50.9030
53.6862,-63.6689
54.3690,-52.8929
54.3266,-63.3510
57.7280,-57.8392
51.4542,-51.1707
50.1208,-53.5517
62.9274,-54.3579
59.7986,-50.5244
51.5955,-52.4673
65.9287,-54.8333
56.9833,-44.6622
51.8538,-41.4476
64.6017,-53.9258
57.1815,-41.7413
43.0572,-49.5066
49.0292,-52.3974
52.3068,-53.4191
57.8660,-52.7285
57.1031,-49.6803
40.9658,-58.2870
52.7906,-52.9839
56.8016,-53.9246
59.7561,-57.9312
52.8342,-55.8978
61.8870,-54.1495
60.6956,-48.3410
46.6090,-53.7408
62.7665,-45.3509
51.6631,-52.0958
67.0608,-43.1064
52.9285,-44.9256
55.4673,-49.5421
60.6797,-48.2572
59.1154,-40.6703
55.6706,-54.4344
48.4159,-55.6421
55.4100,-51.6550
53.7758,-50.5621
58.2509,-44.9874
49.2415,-54.6145
46.3680,-46.5444
64.9152,-50.4137
52.8878,-62.0370
45.1162,-56.0828
45.8705,-59.2602
54.3353,-47.0156
52.0485,-43.5414
66.1112,-34.9686
54.8441,-50.9411
57.9361,-53.4107
46.4281,-49.0694
55.1259,-52.4054
62.2106,-41.4971
58.4811,-44.5052
49.5073,-55.6342
55.1633,-44.1310
54.6947,-55.0639
65.8879,-55.7640
53.9073,-52.3007
49.4617,-44.5471
51.1850,-45.0806
53.7908,-52.7723
50.5735,-56.3960
53.8645,-47.7132
59.0489,-53.1322
54.1152,-55.0400
48.5002,-50.4813
58.3502,-41.9873
61.9808,-56.7171
59.3001,-46.6166
48.5122,-48.9240
60.9205,-43.8183
61.7907,-41.0186
49.5909,-57.5707
61.1124,-60.4426
49.7592,-56.8886
52.9958,-60.7824
52.1939,-49.9507
56.6657,-51.6500
46.3838,-48.9879
63.3208,-43.7384
47.2660,-57.8913
56.7757,-51.8816
51.5988,-54.2121
55.4888,-48.5667
47.6123,-51.9700
45.6009,-55.0536
67.4600,-34.5851
60.4029,-38.1204
53.8785,-50.7150
56.5707,-48.4312
65.9126,-49.2806
63.5231,-40.3627
53.3570,-56.9961
54.3099,-52.9631
55.6128,-52.3091
48.6306,-60.5643
56.7099,-49.7250
61.2493,-52.3330
42.5236,-59.1036
56.7424,-49.1052
47.8505,-50.9074
56.1637,-57.9154
48.7749,-59.0874
47.9391,-48.6509
56.3454,-47.9918
57.6111,-55.3572
59.1396,-43.0926
54.0302,-55.5677
65.0066,-49.0315
52.9434,-50.9210
55.1155,-51.2327
60.0221,-51.8307
54.7044,-53.9528
43.8720,-60.9789
61.6501,-47.7706
46.8675,-64.9342
53.7349,-58.0212
58.7038,-56.2112
34.7041,-58.9032
67.1118,-58.5016
60.8805,-47.0364
55.9047,-61.0117
49.1766,-60.5770
54.2779,-50.9089
44.8463,-43.7806
54.8777,-46.4937
57.4733,-47.4095
57.8454,-53.4467
61.0192,-60.2680
52.1095,-47.1288
51.2809,-57.6275
61.9467,-44.6344
58.6325,-51.4836
52.8726,-55.0637
55.7715,-52.3852
56.9309,-58.3842
58.8723,-53.6644
60.6604,-54.6502
41.4210,-59.6719
60.4469,-41.4774
56.3977,-56.9464
62.4020,-60.5372
47.0420,-57.7552
60.3375,-50.4867
59.1570,-50.1568
46.2315,-48.1433
65.3111,-31.8703
54.7379,-52.8153
59.8635,-49.2623
50.5144,-51.6374
51.4512,-57.7306
62.6883,-41.2873
63.0907,-48.3471
55.1601,-57.9017
54.3739,-51.7532
53.6733,-56.8377
55.2851,-55.6607
58.5798,-48.0288
47.3195,-53.3114
62.6180,-49.6393
63.8662,-45.8595
50.5180,-57.0479
46.9860,-54.0117
57.6321,-49.8521
51.1529,-49.6181
44.5465,-50.9148
62.4981,-40.0986
57.6508,-46.5461
60.1662,-56.0020
52.4932,-47.0760
62.9617,-57.4296
56.1600,-42.7640
53.2894,-56.3330
58.7662,-53.8717
57.2072,-47.7142
47.4007,-65.4386
54.5282,-56.0047
64.1754,-42.9120
52.4949,-48.9824
55.1961,-45.1777
57.7892,-60.7834
56.6912,-50.6179
43.0477,-53.1658
60.5165,-53.5468
56.0714,-44.6844
40.6975,-49.7415
62.0232,-45.4489
51.4652,-53.0654
54.3518,-59.0984
51.7948,-53.0244
59.7706,-50.3906
53.6369,-44.1357
62.3830,-44.7401
66.9287,-52.3021
52.9536,-57.0812
58.7302,-47.8038
58.4929,-60.4043
39.0161,-60.4398
52.8466,-45.8240
49.0907,-51.8132
53.6288,-61.6003
53.1941,-54.6010
57.1943,-44.9770
53.4188,-59.3578
61.6634,-45.8817
52.6921,-47.6047
53.9638,-49.2143
58.7373,-46.8523
53.7299,-52.6631
53.3669,-58.4484
60.3129,-53.0150
49.5681,-51.9623
61.4423,-49.5359
48.5151,-58.1666
55.9909,-53.5746
62.9648,-50.0527
55.5180,-52.9432
51.6267,-54.8759
50.7185,-48.2114
57.0939,-50.8140
52.8527,-57.4998
54.5572,-48.0865
54.6380,-45.8161
43.1358,-61.6014
57.8333,-50.4716
46.9892,-52.2797
56.2089,-54.1102
57.2776,-55.1884
50.0158,-55.4955
46.9015,-58.3336
62.6517,-52.1012
54.4312,-48.1653
56.0693,-53.0838
54.3853,-52.3403
59.2223,-52.5891
63.8618,-43.5837
56.3997,-56.1869
48.1633,-60.0154
54.7950,-42.7182
59.0356,-51.7953
58.6729,-49.6823
56.0688,-49.5000
57.5467,-49.4667
53.9415,-52.3577
59.6615,-50.8395
43.7037,-53.3564
61.4984,-40.6144
58.1827,-50.2604
58.1224,-49.7634
58.2635,-53.1792
57.4378,-37.9705
59.9766,-47.9905
58.0681,-40.8250
59.0484,-50.3840
60.4288,-51.7978
53.4446,-55.3345
63.6212,-51.6140
59.1215,-51.3739
38.1470,-54.6544
43.8154,-55.0804
53.1755,-52.9203
60.3846,-60.1431
41.8409,-57.8781
57.4336,-55.7633
57.1178,-47.3649
46.7291,-50.8548
62.2257,-38.8103
51.2260,-56.9999
64.9938,-50.5388
52.2474,-50.8157
49.9575,-47.5386
59.4946,-43.0005
57.9621,-42.3708
45.1476,-54.3990
50.2933,-55.1833
59.2097,-54.8159
59.9549,-56.6632
56.8365,-58.3112
42.4171,-56.2434
46.9543,-58.7328
60.5353,-56.4825
53.5111,-49.8406
53.8985,-50.8084
43.8012,-60.0224
55.9405,-57.9983
53.3878,-49.8051
57.6081,-52.8630
45.2800,-53.6810
56.2810,-53.8950
51.9672,-49.7345
55.8604,-42.3843
54.9674,-48.1105
53.6318,-51.3436
55.1719,-50.4492
46.7990,-53.2573
61.6157,-47.9852
64.9727,-54.0724
58.0619,-44.9131
46.8406,-50.1990
47.8943,-42.4167
58.2926,-59.1641
59.1989,-53.4201
54.6915,-48.4008
57.0458,-57.1122
57.1701,-44.7621
46.0362,-49.1604
64.3727,-41.9829
66.9835,-47.0006
67.2707,-41.1055
43.8759,-46.8912
55.0342,-51.7870
63.9230,-40.9988
63.1520,-47.0857
52.1191,-53.6288
52.7697,-57.9504
47.3783,-58.5578
59.2886,-57.4850
60.4708,-47.3848
45.4390,-53.6579
53.2144,-56.5265
53.7045,-56.2336
59.1682,-56.0526
50.6272,-52.2142
60.1772,-55.0514
53.2510,-57.6650
42.7770,-53.6035
61.9094,-37.6966
56.9351,-42.3713
61.5178,-48.5277
50.1432,-51.4589
64.6705,-48.1606
60.3231,-44.9340
67.0436,-43.1540
48.9664,-52.5902
41.5707,-60.2120
59.6628,-47.6294
56.3294,-55.9277
58.3660,-49.5822
31.8454,-60.8357
54.6575,-48.0822
56.6226,-51.8155
58.6848,-53.1279
57.6960,-49.3219
52.8449,-59.6014
58.6047,-48.2503
47.8328,-50.2509
57.5088,-39.3396
52.1174,-52.7993
63.0688,-54.7997
50.8328,-53.8164
61.3633,-37.1315
59.6932,-49.3385
61.3205,-45.3962
54.6975,-53.8697
54.0907,-52.0169
55.5568,-53.7432
60.5965,-55.4189
56.0613,-60.2915
42.9217,-54.8574
55.4656,-49.4222
61.5384,-53.2408
61.9274,-54.2880
46.7343,-55.3389
60.9066,-52.0285
58.5285,-51.4586
50.4195,-49.9737
65.6380,-35.6203
49.9316,-53.5743
67.8748,-36.9323
49.5780,-55.9374
62.3811,-49.3834
62.2286,-44.7947
65.3890,-47.1396
58.1556,-52.6786
55.4792,-47.6332
67.5688,-43.6291
67.7904,-54.7955
57.1808,-49.9922
48.7277,-47.7596
61.7839,-34.6755
60.7488,-51.1604
60.5282,-56.1941
57.8561,-52.6377
53.2777,-53.0682
40.5812,-56.3017
54.8821,-46.6531
64.1166,-43.9590
57.0939,-48.9688
46.1504,-52.8577
53.6420,-50.4258
